{
  "ublVersion" : "2.3",
  "sdkVersion" : "1.13.0",
  "metadataDatabase" : {
    "version" : "1.13.0",
    "createdOn" : "2024-10-14T13:00:00"
  },
  "noticeId" : "5",
  "metadata" : [ {
    "id" : "BT-02-notice",
    "contentType" : "field",
    "displayType" : "COMBOBOX",
    "description" : "Notice Type",
    "_label" : "field|name|BT-02-notice",
    "readOnly" : true
  }, {
    "id" : "BT-03-notice",
    "contentType" : "field",
    "displayType" : "COMBOBOX",
    "description" : "Form Type",
    "_label" : "field|name|BT-03-notice",
    "readOnly" : true
  }, {
    "id" : "BT-701-notice",
    "contentType" : "field",
    "displayType" : "TEXTBOX",
    "description" : "Notice Identifier",
    "_label" : "field|name|BT-701-notice",
    "readOnly" : true
  }, {
    "id" : "BT-757-notice",
    "contentType" : "field",
    "displayType" : "TEXTBOX",
    "description" : "Notice Version",
    "_label" : "field|name|BT-757-notice",
    "readOnly" : true
  }, {
    "id" : "BT-702(a)-notice",
    "contentType" : "field",
    "displayType" : "COMBOBOX",
    "description" : "Notice Official Language",
    "_label" : "field|name|BT-702(a)-notice",
    "hidden" : true
  }, {
    "id" : "BT-702(b)-notice",
    "contentType" : "field",
    "displayType" : "COMBOBOX",
    "description" : "Notice Official Language",
    "_label" : "field|name|BT-702(b)-notice",
    "_repeatable" : true,
    "hidden" : true
  }, {
    "id" : "BT-05(a)-notice",
    "contentType" : "field",
    "displayType" : "TEXTBOX",
    "description" : "Notice Dispatch Date",
    "_label" : "field|name|BT-05(a)-notice",
    "_presetValue" : "{NOW}",
    "hidden" : true
  }, {
    "id" : "BT-05(b)-notice",
    "contentType" : "field",
    "displayType" : "TEXTBOX",
    "description" : "Notice Dispatch Time",
    "_label" : "field|name|BT-05(b)-notice",
    "_presetValue" : "{NOW}",
    "hidden" : true
  }, {
    "id" : "BT-738-notice",
    "contentType" : "field",
    "displayType" : "TEXTBOX",
    "description" : "Notice Preferred Publication Date",
    "_label" : "field|name|BT-738-notice",
    "hidden" : true
  }, {
    "id" : "OPT-001-notice",
    "contentType" : "field",
    "displayType" : "TEXTBOX",
    "description" : "UBL version ID (UBL)",
    "_label" : "field|name|OPT-001-notice",
    "hidden" : true
  }, {
    "id" : "OPT-002-notice",
    "contentType" : "field",
    "displayType" : "TEXTBOX",
    "description" : "Customization ID (UBL)",
    "_label" : "field|name|OPT-002-notice",
    "readOnly" : true
  }, {
    "id" : "OPP-070-notice",
    "contentType" : "field",
    "displayType" : "COMBOBOX",
    "description" : "Notice Subtype",
    "_label" : "field|name|OPP-070-notice",
    "readOnly" : true
  }, {
    "id" : "OPP-010-notice",
    "contentType" : "field",
    "displayType" : "TEXTBOX",
    "description" : "Notice Publication Number",
    "_label" : "field|name|OPP-010-notice",
    "hidden" : true
  }, {
    "id" : "OPP-011-notice",
    "contentType" : "field",
    "displayType" : "TEXTBOX",
    "description" : "OJEU Identifier",
    "_label" : "field|name|OPP-011-notice",
    "hidden" : true
  }, {
    "id" : "OPP-012-notice",
    "contentType" : "field",
    "displayType" : "TEXTBOX",
    "description" : "OJEU Publication Date",
    "_label" : "field|name|OPP-012-notice",
    "hidden" : true
  } ],
  "content" : [ {
    "id" : "GR-Buyer",
    "contentType" : "group",
    "displayType" : "SECTION",
    "description" : "Contracting Party and Provider related Information",
    "_label" : "group|name|GR-Buyer",
    "content" : [ {
      "id" : "GR-ContractingAuthority",
      "contentType" : "group",
      "nodeId" : "ND-ContractingParty",
      "displayType" : "GROUP",
      "description" : "Contracting Party related Information (URL, Legal Type, Contracting Type, Activity, …)",
      "_label" : "group|name|ND-ContractingParty",
      "businessEntityId" : "buyer",
      "_repeatable" : true,
      "content" : [ {
        "id" : "GR-ContractingAuthority-Buyer",
        "contentType" : "group",
        "displayType" : "GROUP",
        "description" : "Contracting Party related Information (URL, Legal Type, Contracting Type, Activity, …)",
        "_label" : "group|name|GR-ContractingAuthority-Buyer",
        "content" : [ {
          "id" : "OPT-300-Procedure-Buyer",
          "contentType" : "field",
          "displayType" : "COMBOBOX",
          "description" : "Buyer Technical Identifier Reference",
          "_label" : "field|name|OPT-300-Procedure-Buyer",
          "_idSchemes" : [ "ORG" ]
        }, {
          "id" : "BT-11-Procedure-Buyer",
          "contentType" : "field",
          "displayType" : "COMBOBOX",
          "description" : "Buyer Legal Type",
          "_label" : "field|name|BT-11-Procedure-Buyer"
        }, {
          "id" : "BT-10-Procedure-Buyer",
          "contentType" : "field",
          "displayType" : "COMBOBOX",
          "description" : "Activity Authority",
          "_label" : "field|name|BT-10-Procedure-Buyer"
        }, {
          "id" : "BT-610-Procedure-Buyer",
          "contentType" : "field",
          "displayType" : "COMBOBOX",
          "description" : "Activity Entity",
          "_label" : "field|name|BT-610-Procedure-Buyer"
        }, {
          "id" : "BT-508-Procedure-Buyer",
          "contentType" : "field",
          "displayType" : "TEXTBOX",
          "description" : "Buyer Profile URL",
          "_label" : "field|name|BT-508-Procedure-Buyer"
        } ]
      }, {
        "id" : "GR-Procedure-SProvider",
        "contentType" : "group",
        "nodeId" : "ND-ServiceProviderParty",
        "displayType" : "GROUP",
        "description" : "Provided Service (code) and Provider (Reference to Organization)",
        "_label" : "group|name|ND-ServiceProviderParty",
        "_repeatable" : true,
        "content" : [ {
          "id" : "OPT-300-Procedure-SProvider",
          "contentType" : "field",
          "displayType" : "COMBOBOX",
          "description" : "Service Provider Technical Identifier Reference",
          "_label" : "field|name|OPT-300-Procedure-SProvider",
          "_idSchemes" : [ "ORG" ]
        }, {
          "id" : "OPT-030-Procedure-SProvider",
          "contentType" : "field",
          "displayType" : "COMBOBOX",
          "description" : "Provided Service Type",
          "_label" : "field|name|OPT-030-Procedure-SProvider"
        } ]
      } ]
    } ]
  }, {
    "id" : "GR-Procedure",
    "contentType" : "group",
    "displayType" : "SECTION",
    "description" : "Procedure",
    "_label" : "group|name|GR-Procedure",
    "content" : [ {
      "id" : "GR-Procedure-Purpose",
      "contentType" : "group",
      "displayType" : "SECTION",
      "description" : "Purpose",
      "_label" : "group|name|GR-Procedure-Purpose",
      "content" : [ {
        "id" : "GR-Procedure-MainLegalBasis",
        "contentType" : "group",
        "displayType" : "GROUP",
        "description" : "Main Legal Basis",
        "_label" : "group|name|GR-Procedure-MainLegalBasis",
        "content" : [ {
          "id" : "BT-01-notice",
          "contentType" : "field",
          "displayType" : "COMBOBOX",
          "description" : "Procedure Legal Basis",
          "_label" : "field|name|BT-01-notice"
        } ]
      }, {
        "id" : "GR-Procedure-LocalLegalBasisWithID",
        "contentType" : "group",
        "nodeId" : "ND-LocalLegalBasisWithID",
        "displayType" : "GROUP",
        "description" : "Legislation impacting the procurement and for which an ID is known",
        "_label" : "group|name|ND-LocalLegalBasisWithID",
        "_repeatable" : true,
        "content" : [ {
          "id" : "BT-01(c)-Procedure",
          "contentType" : "field",
          "displayType" : "TEXTBOX",
          "description" : "Procedure Legal Basis (ID)",
          "_label" : "field|name|BT-01(c)-Procedure"
        }, {
          "id" : "BT-01(d)-Procedure",
          "contentType" : "field",
          "displayType" : "TEXTAREA",
          "description" : "Procedure Legal Basis (Description)",
          "_label" : "field|name|BT-01(d)-Procedure"
        } ]
      }, {
        "id" : "GR-Procedure-LocalLegalBasisNoID",
        "contentType" : "group",
        "nodeId" : "ND-LocalLegalBasisNoID",
        "displayType" : "GROUP",
        "description" : "Legislation impacting the procurement and for which no ID is known",
        "_label" : "group|name|ND-LocalLegalBasisNoID",
        "_repeatable" : true,
        "content" : [ {
          "id" : "BT-01(e)-Procedure",
          "contentType" : "field",
          "displayType" : "TEXTBOX",
          "description" : "Procedure Legal Basis (NoID)",
          "_label" : "field|name|BT-01(e)-Procedure",
          "_presetValue" : "LocalLegalBasis",
          "hidden" : true
        }, {
          "id" : "BT-01(f)-Procedure",
          "contentType" : "field",
          "displayType" : "TEXTAREA",
          "description" : "Procedure Legal Basis (NoID Description)",
          "_label" : "field|name|BT-01(f)-Procedure"
        } ]
      }, {
        "id" : "GR-Procedure-Description",
        "contentType" : "group",
        "nodeId" : "ND-ProcedureProcurementScope",
        "displayType" : "GROUP",
        "description" : "Scope of the Procurement addressed with the whole notice",
        "_label" : "group|name|ND-ProcedureProcurementScope",
        "content" : [ {
          "id" : "BT-127-notice",
          "contentType" : "field",
          "displayType" : "TEXTBOX",
          "description" : "Future Notice",
          "_label" : "field|name|BT-127-notice"
        }, {
          "id" : "BT-22-Procedure",
          "contentType" : "field",
          "displayType" : "TEXTBOX",
          "description" : "Internal Identifier",
          "_label" : "field|name|BT-22-Procedure"
        }, {
          "id" : "BT-21-Procedure",
          "contentType" : "field",
          "displayType" : "TEXTAREA",
          "description" : "Title",
          "_label" : "field|name|BT-21-Procedure"
        }, {
          "id" : "BT-24-Procedure",
          "contentType" : "field",
          "displayType" : "TEXTAREA",
          "description" : "Description",
          "_label" : "field|name|BT-24-Procedure"
        }, {
          "id" : "BT-23-Procedure",
          "contentType" : "field",
          "displayType" : "COMBOBOX",
          "description" : "Main Nature",
          "_label" : "field|name|BT-23-Procedure"
        }, {
          "id" : "GR-Procedure-Additional-Nature",
          "contentType" : "group",
          "nodeId" : "ND-ProcedureContractAdditionalNature",
          "displayType" : "GROUP",
          "description" : "Additional contract nature for the Procedure",
          "_label" : "group|name|ND-ProcedureContractAdditionalNature",
          "_repeatable" : true,
          "content" : [ {
            "id" : "BT-531-Procedure",
            "contentType" : "field",
            "displayType" : "COMBOBOX",
            "description" : "Additional Nature (different from Main)",
            "_label" : "field|name|BT-531-Procedure"
          } ]
        } ]
      }, {
        "id" : "GR-Procedure-Scope",
        "contentType" : "group",
        "displayType" : "GROUP",
        "description" : "Scope",
        "_label" : "group|name|GR-Procedure-Scope",
        "content" : [ {
          "id" : "BT-27-Procedure",
          "contentType" : "field",
          "displayType" : "TEXTBOX",
          "description" : "Estimated Value",
          "_label" : "field|name|BT-27-Procedure"
        }, {
          "id" : "GR-Procedure-Scope-MainClassification",
          "contentType" : "group",
          "nodeId" : "ND-ProcedureMainClassification",
          "displayType" : "GROUP",
          "description" : "Classification for the Main Commodity of the Procedure",
          "_label" : "group|name|ND-ProcedureMainClassification",
          "content" : [ {
            "id" : "BT-26(m)-Procedure",
            "contentType" : "field",
            "displayType" : "COMBOBOX",
            "description" : "Classification Type (e.g. CPV)",
            "_label" : "field|name|BT-26(m)-Procedure"
          }, {
            "id" : "BT-262-Procedure",
            "contentType" : "field",
            "displayType" : "COMBOBOX",
            "description" : "Main Classification Code",
            "_label" : "field|name|BT-262-Procedure"
          } ]
        }, {
          "id" : "GR-Procedure-Scope-AdditionalClassification",
          "contentType" : "group",
          "nodeId" : "ND-ProcedureAdditionalCommodityClassification",
          "displayType" : "GROUP",
          "description" : "Classification for the Additional Commodity of the Procedure",
          "_label" : "group|name|ND-ProcedureAdditionalCommodityClassification",
          "_repeatable" : true,
          "content" : [ {
            "id" : "BT-26(a)-Procedure",
            "contentType" : "field",
            "displayType" : "COMBOBOX",
            "description" : "Classification Type (e.g. CPV)",
            "_label" : "field|name|BT-26(a)-Procedure"
          }, {
            "id" : "BT-263-Procedure",
            "contentType" : "field",
            "displayType" : "COMBOBOX",
            "description" : "Additional Classification Code",
            "_label" : "field|name|BT-263-Procedure"
          } ]
        } ]
      }, {
        "id" : "GR-Procedure-PlaceOfPerformance",
        "contentType" : "group",
        "nodeId" : "ND-ProcedurePlacePerformanceAdditionalInformation",
        "displayType" : "GROUP",
        "description" : "Additional Information about the location where the Procurement, for the Procedure as a whole, should take place",
        "_label" : "group|name|ND-ProcedurePlacePerformanceAdditionalInformation",
        "_repeatable" : true,
        "content" : [ {
          "id" : "BT-5101(a)-Procedure",
          "contentType" : "field",
          "displayType" : "TEXTAREA",
          "description" : "Place Performance Street",
          "_label" : "field|name|BT-5101(a)-Procedure"
        }, {
          "id" : "BT-5101(b)-Procedure",
          "contentType" : "field",
          "displayType" : "TEXTAREA",
          "description" : "Place Performance Streetline 1",
          "_label" : "field|name|BT-5101(b)-Procedure"
        }, {
          "id" : "BT-5101(c)-Procedure",
          "contentType" : "field",
          "displayType" : "TEXTAREA",
          "description" : "Place Performance Streetline 2",
          "_label" : "field|name|BT-5101(c)-Procedure"
        }, {
          "id" : "BT-5131-Procedure",
          "contentType" : "field",
          "displayType" : "TEXTAREA",
          "description" : "Place Performance City",
          "_label" : "field|name|BT-5131-Procedure"
        }, {
          "id" : "BT-5121-Procedure",
          "contentType" : "field",
          "displayType" : "TEXTAREA",
          "description" : "Place Performance Post Code",
          "_label" : "field|name|BT-5121-Procedure"
        }, {
          "id" : "BT-5071-Procedure",
          "contentType" : "field",
          "displayType" : "COMBOBOX",
          "description" : "Place Performance Country Subdivision",
          "_label" : "field|name|BT-5071-Procedure"
        }, {
          "id" : "BT-5141-Procedure",
          "contentType" : "field",
          "displayType" : "COMBOBOX",
          "description" : "Place Performance Country Code",
          "_label" : "field|name|BT-5141-Procedure"
        }, {
          "id" : "BT-727-Procedure",
          "contentType" : "field",
          "displayType" : "COMBOBOX",
          "description" : "Place Performance Services Other",
          "_label" : "field|name|BT-727-Procedure"
        }, {
          "id" : "BT-728-Procedure",
          "contentType" : "field",
          "displayType" : "TEXTAREA",
          "description" : "Place Performance Additional Information",
          "_label" : "field|name|BT-728-Procedure"
        } ]
      } ]
    }, {
      "id" : "GR-Procedure-Procedure-subsection",
      "contentType" : "group",
      "displayType" : "SECTION",
      "description" : "Procedure",
      "_label" : "group|name|GR-Procedure-Procedure-subsection",
      "content" : [ {
        "id" : "GR-Procedure-AdditionalInformation",
        "contentType" : "group",
        "displayType" : "GROUP",
        "description" : "Additional Information",
        "_label" : "group|name|GR-Procedure-AdditionalInformation",
        "content" : [ {
          "id" : "BT-300-Procedure",
          "contentType" : "field",
          "displayType" : "TEXTAREA",
          "description" : "Additional Information",
          "_label" : "field|name|BT-300-Procedure"
        } ]
      } ]
    } ]
  }, {
    "id" : "GR-Part",
    "contentType" : "group",
    "nodeId" : "ND-Part",
    "displayType" : "SECTION",
    "description" : "Part related information covering Tendering Terms, Tendering Process and Purpose",
    "_label" : "group|name|ND-Part",
    "_idScheme" : "PAR",
    "_schemeName" : "Part",
    "businessEntityId" : "part",
    "_identifierFieldId" : "BT-137-Part",
    "_captionFieldId" : "BT-21-Part",
    "_repeatable" : true,
    "content" : [ {
      "id" : "GR-Part-Purpose",
      "contentType" : "group",
      "displayType" : "SECTION",
      "description" : "Purpose",
      "_label" : "group|name|GR-Part-Purpose",
      "content" : [ {
        "id" : "BT-137-Part",
        "contentType" : "field",
        "displayType" : "TEXTBOX",
        "description" : "Purpose Lot Identifier",
        "_label" : "field|name|BT-137-Part",
        "_idScheme" : "PAR",
        "_schemeName" : "Part",
        "hidden" : true
      }, {
        "id" : "GR-Part-PreviousPlanning",
        "contentType" : "group",
        "nodeId" : "ND-PartPreviousPlanning",
        "displayType" : "GROUP",
        "description" : "Part Previous Planning Reference",
        "_label" : "group|name|ND-PartPreviousPlanning",
        "_repeatable" : true,
        "content" : [ {
          "id" : "BT-125(i)-Part",
          "contentType" : "field",
          "displayType" : "TEXTBOX",
          "description" : "Previous Planning Identifier",
          "_label" : "field|name|BT-125(i)-Part"
        }, {
          "id" : "BT-1251-Part",
          "contentType" : "field",
          "displayType" : "TEXTBOX",
          "description" : "Previous Planning Part Identifier",
          "_label" : "field|name|BT-1251-Part"
        } ]
      }, {
        "id" : "GR-Part-Description",
        "contentType" : "group",
        "displayType" : "GROUP",
        "description" : "Description",
        "_label" : "group|name|GR-Part-Description",
        "content" : [ {
          "id" : "BT-22-Part",
          "contentType" : "field",
          "displayType" : "TEXTBOX",
          "description" : "Internal Identifier",
          "_label" : "field|name|BT-22-Part"
        }, {
          "id" : "BT-21-Part",
          "contentType" : "field",
          "displayType" : "TEXTAREA",
          "description" : "Title",
          "_label" : "field|name|BT-21-Part"
        }, {
          "id" : "BT-24-Part",
          "contentType" : "field",
          "displayType" : "TEXTAREA",
          "description" : "Description",
          "_label" : "field|name|BT-24-Part"
        }, {
          "id" : "BT-23-Part",
          "contentType" : "field",
          "displayType" : "COMBOBOX",
          "description" : "Main Nature",
          "_label" : "field|name|BT-23-Part"
        }, {
          "id" : "GR-Part-Additional-Nature",
          "contentType" : "group",
          "nodeId" : "ND-PartContractAdditionalNature",
          "displayType" : "GROUP",
          "description" : "Additional contract nature for the Part",
          "_label" : "group|name|ND-PartContractAdditionalNature",
          "_repeatable" : true,
          "content" : [ {
            "id" : "BT-531-Part",
            "contentType" : "field",
            "displayType" : "COMBOBOX",
            "description" : "Additional Nature (different from Main)",
            "_label" : "field|name|BT-531-Part"
          } ]
        } ]
      }, {
        "id" : "GR-Part-Scope",
        "contentType" : "group",
        "displayType" : "GROUP",
        "description" : "Scope",
        "_label" : "group|name|GR-Part-Scope",
        "content" : [ {
          "id" : "BT-726-Part",
          "contentType" : "field",
          "displayType" : "RADIO",
          "description" : "Suitable For SMEs",
          "_label" : "field|name|BT-726-Part"
        }, {
          "id" : "BT-27-Part",
          "contentType" : "field",
          "displayType" : "TEXTBOX",
          "description" : "Estimated Value",
          "_label" : "field|name|BT-27-Part"
        }, {
          "id" : "GR-Part-Scope-MainClassification",
          "contentType" : "group",
          "nodeId" : "ND-PartMainClassification",
          "displayType" : "GROUP",
          "description" : "Classification for the Main Commodity of a Part",
          "_label" : "group|name|ND-PartMainClassification",
          "content" : [ {
            "id" : "BT-26(m)-Part",
            "contentType" : "field",
            "displayType" : "COMBOBOX",
            "description" : "Classification Type (e.g. CPV)",
            "_label" : "field|name|BT-26(m)-Part"
          }, {
            "id" : "BT-262-Part",
            "contentType" : "field",
            "displayType" : "COMBOBOX",
            "description" : "Main Classification Code",
            "_label" : "field|name|BT-262-Part"
          } ]
        }, {
          "id" : "GR-Part-Scope-AdditionalClassification",
          "contentType" : "group",
          "nodeId" : "ND-PartAdditionalClassification",
          "displayType" : "GROUP",
          "description" : "Classification for an Additional Commodity of a Part",
          "_label" : "group|name|ND-PartAdditionalClassification",
          "_repeatable" : true,
          "content" : [ {
            "id" : "BT-26(a)-Part",
            "contentType" : "field",
            "displayType" : "COMBOBOX",
            "description" : "Classification Type (e.g. CPV)",
            "_label" : "field|name|BT-26(a)-Part"
          }, {
            "id" : "BT-263-Part",
            "contentType" : "field",
            "displayType" : "COMBOBOX",
            "description" : "Additional Classification Code",
            "_label" : "field|name|BT-263-Part"
          } ]
        } ]
      }, {
        "id" : "GR-Part-PlaceOfPerformance",
        "contentType" : "group",
        "nodeId" : "ND-PartPlacePerformance",
        "displayType" : "GROUP",
        "description" : "A location where the Procurement, for the Part, should take place",
        "_label" : "group|name|ND-PartPlacePerformance",
        "_repeatable" : true,
        "content" : [ {
          "id" : "BT-5101(a)-Part",
          "contentType" : "field",
          "displayType" : "TEXTAREA",
          "description" : "Place Performance Street",
          "_label" : "field|name|BT-5101(a)-Part"
        }, {
          "id" : "BT-5101(b)-Part",
          "contentType" : "field",
          "displayType" : "TEXTAREA",
          "description" : "Place Performance Streetline 1",
          "_label" : "field|name|BT-5101(b)-Part"
        }, {
          "id" : "BT-5101(c)-Part",
          "contentType" : "field",
          "displayType" : "TEXTAREA",
          "description" : "Place Performance Streetline 2",
          "_label" : "field|name|BT-5101(c)-Part"
        }, {
          "id" : "BT-5131-Part",
          "contentType" : "field",
          "displayType" : "TEXTAREA",
          "description" : "Place Performance City",
          "_label" : "field|name|BT-5131-Part"
        }, {
          "id" : "BT-5121-Part",
          "contentType" : "field",
          "displayType" : "TEXTAREA",
          "description" : "Place Performance Post Code",
          "_label" : "field|name|BT-5121-Part"
        }, {
          "id" : "BT-5071-Part",
          "contentType" : "field",
          "displayType" : "COMBOBOX",
          "description" : "Place Performance Country Subdivision",
          "_label" : "field|name|BT-5071-Part"
        }, {
          "id" : "BT-5141-Part",
          "contentType" : "field",
          "displayType" : "COMBOBOX",
          "description" : "Place Performance Country Code",
          "_label" : "field|name|BT-5141-Part"
        }, {
          "id" : "BT-727-Part",
          "contentType" : "field",
          "displayType" : "COMBOBOX",
          "description" : "Place Performance Services Other",
          "_label" : "field|name|BT-727-Part"
        }, {
          "id" : "BT-728-Part",
          "contentType" : "field",
          "displayType" : "TEXTAREA",
          "description" : "Place Performance Additional Information",
          "_label" : "field|name|BT-728-Part"
        } ]
      }, {
        "id" : "GR-Part-PlannedDuration",
        "contentType" : "group",
        "displayType" : "GROUP",
        "description" : "Planned Duration",
        "_label" : "group|name|GR-Part-PlannedDuration",
        "content" : [ {
          "id" : "BT-538-Part",
          "contentType" : "field",
          "displayType" : "COMBOBOX",
          "description" : "Duration Other",
          "_label" : "field|name|BT-538-Part"
        }, {
          "id" : "BT-536-Part",
          "contentType" : "field",
          "displayType" : "TEXTBOX",
          "description" : "Duration Start Date",
          "_label" : "field|name|BT-536-Part"
        }, {
          "id" : "BT-537-Part",
          "contentType" : "field",
          "displayType" : "TEXTBOX",
          "description" : "Duration End Date",
          "_label" : "field|name|BT-537-Part"
        }, {
          "id" : "BT-36-Part",
          "contentType" : "field",
          "displayType" : "TEXTBOX",
          "description" : "Duration Period",
          "_label" : "field|name|BT-36-Part"
        } ]
      }, {
        "id" : "GR-Part-GpaAgreement",
        "contentType" : "group",
        "displayType" : "GROUP",
        "description" : "GPA Agreement",
        "_label" : "group|name|GR-Part-GpaAgreement",
        "content" : [ {
          "id" : "BT-115-Part",
          "contentType" : "field",
          "displayType" : "RADIO",
          "description" : "GPA Coverage",
          "_label" : "field|name|BT-115-Part"
        } ]
      }, {
        "id" : "GR-Part-ContractingSystem",
        "contentType" : "group",
        "displayType" : "GROUP",
        "description" : "Contracting System / Technique",
        "_label" : "group|name|GR-Part-ContractingSystem",
        "content" : [ {
          "id" : "GR-Part-FrameworkAgreement",
          "contentType" : "group",
          "nodeId" : "ND-PartFAContractingSystem",
          "displayType" : "GROUP",
          "description" : "FA contracting System involvement for the Part",
          "_label" : "group|name|ND-PartFAContractingSystem",
          "content" : [ {
            "id" : "BT-765-Part",
            "contentType" : "field",
            "displayType" : "COMBOBOX",
            "description" : "Framework Agreement",
            "_label" : "field|name|BT-765-Part"
          } ]
        }, {
          "id" : "GR-Part-DPS",
          "contentType" : "group",
          "nodeId" : "ND-PartDPSContractingSystem",
          "displayType" : "GROUP",
          "description" : "DPS contracting System involvement for the Part",
          "_label" : "group|name|ND-PartDPSContractingSystem",
          "content" : [ {
            "id" : "BT-766-Part",
            "contentType" : "field",
            "displayType" : "COMBOBOX",
            "description" : "Dynamic Purchasing System",
            "_label" : "field|name|BT-766-Part"
          } ]
        } ]
      }, {
        "id" : "GR-Part-FiscalLegis",
        "contentType" : "group",
        "displayType" : "GROUP",
        "description" : "Fiscal Legislation",
        "_label" : "group|name|GR-Part-FiscalLegis",
        "content" : [ {
          "id" : "OPT-301-Part-FiscalLegis",
          "contentType" : "field",
          "displayType" : "COMBOBOX",
          "description" : "Fiscal Legislation Organization Technical Identifier Reference",
          "_label" : "field|name|OPT-301-Part-FiscalLegis",
          "_idSchemes" : [ "ORG", "TPO" ]
        }, {
          "id" : "OPT-110-Part-FiscalLegis",
          "contentType" : "field",
          "displayType" : "TEXTBOX",
          "description" : "URL to Fiscal Legislation",
          "_label" : "field|name|OPT-110-Part-FiscalLegis"
        }, {
          "id" : "OPT-111-Part-FiscalLegis",
          "contentType" : "field",
          "displayType" : "TEXTBOX",
          "description" : "Fiscal Legislation Document ID",
          "_label" : "field|name|OPT-111-Part-FiscalLegis"
        } ]
      }, {
        "id" : "GR-Part-EnvironLegis",
        "contentType" : "group",
        "displayType" : "GROUP",
        "description" : "Environmental Legislation",
        "_label" : "group|name|GR-Part-EnvironLegis",
        "content" : [ {
          "id" : "OPT-301-Part-EnvironLegis",
          "contentType" : "field",
          "displayType" : "COMBOBOX",
          "description" : "Environmental Legislation Organization Technical Identifier Reference",
          "_label" : "field|name|OPT-301-Part-EnvironLegis",
          "_idSchemes" : [ "ORG", "TPO" ]
        }, {
          "id" : "OPT-120-Part-EnvironLegis",
          "contentType" : "field",
          "displayType" : "TEXTBOX",
          "description" : "URL to Environmental Legislation",
          "_label" : "field|name|OPT-120-Part-EnvironLegis"
        }, {
          "id" : "OPT-112-Part-EnvironLegis",
          "contentType" : "field",
          "displayType" : "TEXTBOX",
          "description" : "Environmental Legislation Document ID",
          "_label" : "field|name|OPT-112-Part-EnvironLegis"
        } ]
      }, {
        "id" : "GR-Part-EmployLegis",
        "contentType" : "group",
        "displayType" : "GROUP",
        "description" : "Employment Legislation",
        "_label" : "group|name|GR-Part-EmployLegis",
        "content" : [ {
          "id" : "OPT-301-Part-EmployLegis",
          "contentType" : "field",
          "displayType" : "COMBOBOX",
          "description" : "Employment Legislation Organization Technical Identifier Reference",
          "_label" : "field|name|OPT-301-Part-EmployLegis",
          "_idSchemes" : [ "ORG", "TPO" ]
        }, {
          "id" : "OPT-130-Part-EmployLegis",
          "contentType" : "field",
          "displayType" : "TEXTBOX",
          "description" : "URL to Employment Legislation",
          "_label" : "field|name|OPT-130-Part-EmployLegis"
        }, {
          "id" : "OPT-113-Part-EmployLegis",
          "contentType" : "field",
          "displayType" : "TEXTBOX",
          "description" : "Employment Legislation Document ID",
          "_label" : "field|name|OPT-113-Part-EmployLegis"
        } ]
      }, {
        "id" : "GR-Part-TenderReceipt",
        "contentType" : "group",
        "displayType" : "GROUP",
        "description" : "Tender Recipient Organisation",
        "_label" : "group|name|GR-Part-TenderReceipt",
        "content" : [ {
          "id" : "OPT-301-Part-TenderReceipt",
          "contentType" : "field",
          "displayType" : "COMBOBOX",
          "description" : "Tender Recipient Technical Identifier Reference",
          "_label" : "field|name|OPT-301-Part-TenderReceipt",
          "_idSchemes" : [ "ORG", "TPO" ]
        } ]
      }, {
        "id" : "GR-Part-TenderEval",
        "contentType" : "group",
        "displayType" : "GROUP",
        "description" : "Tender Evaluation Organisation",
        "_label" : "group|name|GR-Part-TenderEval",
        "content" : [ {
          "id" : "OPT-301-Part-TenderEval",
          "contentType" : "field",
          "displayType" : "COMBOBOX",
          "description" : "Tender Evaluator Technical Identifier Reference",
          "_label" : "field|name|OPT-301-Part-TenderEval",
          "_idSchemes" : [ "ORG", "TPO" ]
        } ]
      }, {
        "id" : "GR-Part-AdditionalInformation",
        "contentType" : "group",
        "displayType" : "GROUP",
        "description" : "Additional Information",
        "_label" : "group|name|GR-Part-AdditionalInformation",
        "content" : [ {
          "id" : "BT-300-Part",
          "contentType" : "field",
          "displayType" : "TEXTAREA",
          "description" : "Additional Information",
          "_label" : "field|name|BT-300-Part"
        } ]
      } ]
    }, {
      "id" : "GR-Part-TenderingTerms",
      "contentType" : "group",
      "displayType" : "SECTION",
      "description" : "Tendering Terms",
      "_label" : "group|name|GR-Part-TenderingTerms",
      "content" : [ {
        "id" : "GR-Part-TendererQualification",
        "contentType" : "group",
        "nodeId" : "ND-PartReservedProcurement",
        "displayType" : "GROUP",
        "description" : "Reserved Procurement",
        "_label" : "group|name|ND-PartReservedProcurement",
        "_repeatable" : true,
        "content" : [ {
          "id" : "BT-71-Part",
          "contentType" : "field",
          "displayType" : "COMBOBOX",
          "description" : "Reserved Participation",
          "_label" : "field|name|BT-71-Part"
        } ]
      }, {
        "id" : "GR-Part-ContractExecutionRequirements",
        "contentType" : "group",
        "nodeId" : "ND-PartReservedExecution",
        "displayType" : "GROUP",
        "description" : "Part Reserved Execution",
        "_label" : "group|name|ND-PartReservedExecution",
        "content" : [ {
          "id" : "BT-736-Part",
          "contentType" : "field",
          "displayType" : "COMBOBOX",
          "description" : "Reserved Execution",
          "_label" : "field|name|BT-736-Part"
        } ]
      } ]
    }, {
      "id" : "GR-Part-SubmissionInfo",
      "contentType" : "group",
      "displayType" : "SECTION",
      "description" : "Submission Info",
      "_label" : "group|name|GR-Part-SubmissionInfo",
      "content" : [ {
        "id" : "GR-Part-Deadlines",
        "contentType" : "group",
        "displayType" : "GROUP",
        "description" : "Deadlines",
        "_label" : "group|name|GR-Part-Deadlines",
        "content" : [ {
          "id" : "BT-13(d)-Part",
          "contentType" : "field",
          "displayType" : "TEXTBOX",
          "description" : "Additional Information Deadline",
          "_label" : "field|name|BT-13(d)-Part"
        }, {
          "id" : "BT-13(t)-Part",
          "contentType" : "field",
          "displayType" : "TEXTBOX",
          "description" : "Additional Information Deadline",
          "_label" : "field|name|BT-13(t)-Part"
        } ]
      }, {
        "id" : "GR-Part-ProcurementDocuments",
        "contentType" : "group",
        "nodeId" : "ND-PartProcurementDocument",
        "displayType" : "GROUP",
        "description" : "Procurement Document information for a Part, independent from the restricted aspect",
        "_label" : "group|name|ND-PartProcurementDocument",
        "_repeatable" : true,
        "content" : [ {
          "id" : "GR-Part-DocsAllOfficialLanguages",
          "contentType" : "group",
          "nodeId" : "ND-PartDocAllOfficialLanguages",
          "displayType" : "GROUP",
          "description" : "Part Procurement Documents all Official Languages",
          "_label" : "group|name|ND-PartDocAllOfficialLanguages",
          "content" : [ {
            "id" : "GR-Part-DocsOfficialLanguage",
            "contentType" : "group",
            "nodeId" : "ND-PartDocOfficialLanguage",
            "displayType" : "GROUP",
            "description" : "Part Procurement Documents Official Language",
            "_label" : "group|name|ND-PartDocOfficialLanguage",
            "_repeatable" : true,
            "content" : [ {
              "id" : "BT-708-Part",
              "contentType" : "field",
              "displayType" : "COMBOBOX",
              "description" : "Documents Official Language",
              "_label" : "field|name|BT-708-Part"
            } ]
          } ]
        }, {
          "id" : "GR-Part-DocsAllNonOfficialLanguages",
          "contentType" : "group",
          "nodeId" : "ND-PartDocAllNonOfficialLanguages",
          "displayType" : "GROUP",
          "description" : "Part Procurement Documents all non Official Languages",
          "_label" : "group|name|ND-PartDocAllNonOfficialLanguages",
          "content" : [ {
            "id" : "GR-Part-DocsNonOfficialLanguage",
            "contentType" : "group",
            "nodeId" : "ND-PartDocNonOfficialLanguage",
            "displayType" : "GROUP",
            "description" : "Part Procurement Documents non Official Language",
            "_label" : "group|name|ND-PartDocNonOfficialLanguage",
            "_repeatable" : true,
            "content" : [ {
              "id" : "BT-737-Part",
              "contentType" : "field",
              "displayType" : "COMBOBOX",
              "description" : "Documents Unofficial Language",
              "_label" : "field|name|BT-737-Part"
            } ]
          } ]
        }, {
          "id" : "BT-14-Part",
          "contentType" : "field",
          "displayType" : "COMBOBOX",
          "description" : "Documents Restricted",
          "_label" : "field|name|BT-14-Part"
        }, {
          "id" : "BT-707-Part",
          "contentType" : "field",
          "displayType" : "COMBOBOX",
          "description" : "Documents Restricted Justification",
          "_label" : "field|name|BT-707-Part"
        }, {
          "id" : "BT-15-Part",
          "contentType" : "field",
          "displayType" : "TEXTBOX",
          "description" : "Documents URL",
          "_label" : "field|name|BT-15-Part"
        }, {
          "id" : "BT-615-Part",
          "contentType" : "field",
          "displayType" : "TEXTBOX",
          "description" : "Documents Restricted URL",
          "_label" : "field|name|BT-615-Part"
        }, {
          "id" : "OPT-140-Part",
          "contentType" : "field",
          "displayType" : "TEXTBOX",
          "description" : "Procurement Documents ID",
          "_label" : "field|name|OPT-140-Part"
        } ]
      }, {
        "id" : "GR-Part-SubmissionTool",
        "contentType" : "group",
        "displayType" : "GROUP",
        "description" : "Submission Tool",
        "_label" : "group|name|GR-Part-SubmissionTool",
        "content" : [ {
          "id" : "BT-632-Part",
          "contentType" : "field",
          "displayType" : "TEXTAREA",
          "description" : "Tool Name",
          "_label" : "field|name|BT-632-Part"
        }, {
          "id" : "BT-124-Part",
          "contentType" : "field",
          "displayType" : "TEXTBOX",
          "description" : "Tool Atypical URL",
          "_label" : "field|name|BT-124-Part"
        } ]
      }, {
        "id" : "GR-Part-AddInfo",
        "contentType" : "group",
        "displayType" : "GROUP",
        "description" : "Additional Information Providing Organisation",
        "_label" : "group|name|GR-Part-AddInfo",
        "content" : [ {
          "id" : "OPT-301-Part-AddInfo",
          "contentType" : "field",
          "displayType" : "COMBOBOX",
          "description" : "Additional Info Provider Technical Identifier Reference",
          "_label" : "field|name|OPT-301-Part-AddInfo",
          "_idSchemes" : [ "ORG", "TPO" ]
        } ]
      }, {
        "id" : "GR-Part-DocProvider",
        "contentType" : "group",
        "displayType" : "GROUP",
        "description" : "Documents Providing Organisation",
        "_label" : "group|name|GR-Part-DocProvider",
        "content" : [ {
          "id" : "OPT-301-Part-DocProvider",
          "contentType" : "field",
          "displayType" : "COMBOBOX",
          "description" : "Document Provider Technical Identifier Reference",
          "_label" : "field|name|OPT-301-Part-DocProvider",
          "_idSchemes" : [ "ORG", "TPO" ]
        } ]
      } ]
    }, {
      "id" : "GR-Part-Review",
      "contentType" : "group",
      "displayType" : "SECTION",
      "description" : "Review",
      "_label" : "group|name|GR-Part-Review",
      "content" : [ {
        "id" : "GR-Part-ReviewOrg",
        "contentType" : "group",
        "displayType" : "GROUP",
        "description" : "Review Organisation",
        "_label" : "group|name|GR-Part-ReviewOrg",
        "content" : [ {
          "id" : "OPT-301-Part-ReviewOrg",
          "contentType" : "field",
          "displayType" : "COMBOBOX",
          "description" : "Review Organization Technical Identifier Reference",
          "_label" : "field|name|OPT-301-Part-ReviewOrg",
          "_idSchemes" : [ "ORG", "TPO" ]
        } ]
      }, {
        "id" : "GR-Part-ReviewInfo",
        "contentType" : "group",
        "displayType" : "GROUP",
        "description" : "Review Information Providing Organisation",
        "_label" : "group|name|GR-Part-ReviewInfo",
        "content" : [ {
          "id" : "OPT-301-Part-ReviewInfo",
          "contentType" : "field",
          "displayType" : "COMBOBOX",
          "description" : "Review Info Provider Technical Identifier Reference",
          "_label" : "field|name|OPT-301-Part-ReviewInfo",
          "_idSchemes" : [ "ORG", "TPO" ]
        } ]
      }, {
        "id" : "GR-Part-Mediator",
        "contentType" : "group",
        "displayType" : "GROUP",
        "description" : "Mediation Organisation",
        "_label" : "group|name|GR-Part-Mediator",
        "content" : [ {
          "id" : "OPT-301-Part-Mediator",
          "contentType" : "field",
          "displayType" : "COMBOBOX",
          "description" : "Mediator Technical Identifier Reference",
          "_label" : "field|name|OPT-301-Part-Mediator",
          "_idSchemes" : [ "ORG", "TPO" ]
        } ]
      } ]
    } ]
  }, {
    "id" : "GR-Change",
    "contentType" : "group",
    "displayType" : "SECTION",
    "description" : "Change",
    "_label" : "group|name|GR-Change",
    "content" : [ {
      "id" : "BT-140-notice",
      "contentType" : "field",
      "displayType" : "COMBOBOX",
      "description" : "Change Reason Code",
      "_label" : "field|name|BT-140-notice",
      "readOnly" : true
    }, {
      "id" : "BT-762-notice",
      "contentType" : "field",
      "displayType" : "TEXTAREA",
      "description" : "Change Reason Description",
      "_label" : "field|name|BT-762-notice"
    }, {
      "id" : "BT-758-notice",
      "contentType" : "field",
      "displayType" : "TEXTBOX",
      "description" : "Change Notice Version Identifier",
      "_label" : "field|name|BT-758-notice",
      "readOnly" : true
    }, {
      "id" : "GR-ChangeSections",
      "contentType" : "group",
      "nodeId" : "ND-Change",
      "displayType" : "GROUP",
      "description" : "Information associated to a single Change (Section, Description & Procurement Documents)",
      "_label" : "group|name|ND-Change",
      "_repeatable" : true,
      "content" : [ {
        "id" : "GR-ChangedSectionIdentifiers",
        "contentType" : "group",
        "nodeId" : "ND-ChangedSection",
        "displayType" : "GROUP",
        "description" : "Section subject to change",
        "_label" : "group|name|ND-ChangedSection",
        "_repeatable" : true,
        "content" : [ {
          "id" : "BT-13716-notice",
          "contentType" : "field",
          "displayType" : "TEXTBOX",
          "description" : "Change Previous Section Identifier",
          "_label" : "field|name|BT-13716-notice",
          "_idSchemes" : [ "CON", "GLO", "LOT", "ORG", "PAR", "RES", "TEN", "TPA", "TPO", "UBO" ]
        } ]
      }, {
        "id" : "BT-141(a)-notice",
        "contentType" : "field",
        "displayType" : "TEXTAREA",
        "description" : "Change Description",
        "_label" : "field|name|BT-141(a)-notice"
      }, {
        "id" : "BT-718-notice",
        "contentType" : "field",
        "displayType" : "RADIO",
        "description" : "Change Procurement Documents",
        "_label" : "field|name|BT-718-notice"
      }, {
        "id" : "BT-719-notice",
        "contentType" : "field",
        "displayType" : "TEXTBOX",
        "description" : "Change Procurement Documents Date",
        "_label" : "field|name|BT-719-notice"
      } ]
    } ]
  }, {
    "id" : "GR-Organisations-Section",
    "contentType" : "group",
    "displayType" : "SECTION",
    "description" : "Organisations",
    "_label" : "group|name|GR-Organisations-Section",
    "content" : [ {
      "id" : "GR-Organisations",
      "contentType" : "group",
      "nodeId" : "ND-Organization",
      "displayType" : "GROUP",
      "description" : "A Party involved in the Competition from either side (Buyer or Tenderer) with a Legal Entity (Company) and possibly additional Contact Points (touchpoints)",
      "_label" : "group|name|ND-Organization",
      "_idScheme" : "ORG",
      "_schemeName" : "organization",
      "businessEntityId" : "organization",
      "_identifierFieldId" : "OPT-200-Organization-Company",
      "_captionFieldId" : "BT-500-Organization-Company",
      "_repeatable" : true,
      "content" : [ {
        "id" : "OPT-200-Organization-Company",
        "contentType" : "field",
        "displayType" : "TEXTBOX",
        "description" : "Organisation Technical Identifier",
        "_label" : "field|name|OPT-200-Organization-Company",
        "_idScheme" : "ORG",
        "_schemeName" : "organization",
        "hidden" : true
      }, {
        "id" : "GR-Company",
        "contentType" : "group",
        "displayType" : "GROUP",
        "description" : "Organisation",
        "_label" : "group|name|GR-Company",
        "content" : [ {
          "id" : "BT-500-Organization-Company",
          "contentType" : "field",
          "displayType" : "TEXTAREA",
          "description" : "Organisation Name",
          "_label" : "field|name|BT-500-Organization-Company"
        }, {
          "id" : "GR-Organisation-Identifier",
          "contentType" : "group",
          "nodeId" : "ND-CompanyLegalEntity",
          "displayType" : "GROUP",
          "description" : "Company legal identifier",
          "_label" : "group|name|ND-CompanyLegalEntity",
          "_repeatable" : true,
          "content" : [ {
            "id" : "BT-501-Organization-Company",
            "contentType" : "field",
            "displayType" : "TEXTBOX",
            "description" : "Organisation Identifier",
            "_label" : "field|name|BT-501-Organization-Company"
          } ]
        }, {
          "id" : "BT-16-Organization-Company",
          "contentType" : "field",
          "displayType" : "TEXTAREA",
          "description" : "Organisation Part Name",
          "_label" : "field|name|BT-16-Organization-Company"
        }, {
          "id" : "BT-505-Organization-Company",
          "contentType" : "field",
          "displayType" : "TEXTBOX",
          "description" : "Organisation Internet Address",
          "_label" : "field|name|BT-505-Organization-Company"
        }, {
          "id" : "BT-509-Organization-Company",
          "contentType" : "field",
          "displayType" : "TEXTBOX",
          "description" : "Organisation eDelivery Gateway",
          "_label" : "field|name|BT-509-Organization-Company"
        } ]
      }, {
        "id" : "GR-Company-Address",
        "contentType" : "group",
        "displayType" : "GROUP",
        "description" : "Organisation Address",
        "_label" : "group|name|GR-Company-Address",
        "content" : [ {
          "id" : "BT-510(a)-Organization-Company",
          "contentType" : "field",
          "displayType" : "TEXTAREA",
          "description" : "Street",
          "_label" : "field|name|BT-510(a)-Organization-Company"
        }, {
          "id" : "BT-510(b)-Organization-Company",
          "contentType" : "field",
          "displayType" : "TEXTAREA",
          "description" : "Streetline 1",
          "_label" : "field|name|BT-510(b)-Organization-Company"
        }, {
          "id" : "BT-510(c)-Organization-Company",
          "contentType" : "field",
          "displayType" : "TEXTAREA",
          "description" : "Streetline 2",
          "_label" : "field|name|BT-510(c)-Organization-Company"
        }, {
          "id" : "BT-513-Organization-Company",
          "contentType" : "field",
          "displayType" : "TEXTAREA",
          "description" : "Organisation City",
          "_label" : "field|name|BT-513-Organization-Company"
        }, {
          "id" : "BT-512-Organization-Company",
          "contentType" : "field",
          "displayType" : "TEXTAREA",
          "description" : "Organisation Post Code",
          "_label" : "field|name|BT-512-Organization-Company"
        }, {
          "id" : "BT-507-Organization-Company",
          "contentType" : "field",
          "displayType" : "COMBOBOX",
          "description" : "Organisation Country Subdivision",
          "_label" : "field|name|BT-507-Organization-Company"
        }, {
          "id" : "BT-514-Organization-Company",
          "contentType" : "field",
          "displayType" : "COMBOBOX",
          "description" : "Organisation Country Code",
          "_label" : "field|name|BT-514-Organization-Company"
        } ]
      }, {
        "id" : "GR-Company-Contact",
        "contentType" : "group",
        "displayType" : "GROUP",
        "description" : "Organisation Contact",
        "_label" : "group|name|GR-Company-Contact",
        "content" : [ {
          "id" : "BT-502-Organization-Company",
          "contentType" : "field",
          "displayType" : "TEXTAREA",
          "description" : "Organisation Contact Point",
          "_label" : "field|name|BT-502-Organization-Company"
        }, {
          "id" : "BT-506-Organization-Company",
          "contentType" : "field",
          "displayType" : "TEXTBOX",
          "description" : "Organisation Contact Email Address",
          "_label" : "field|name|BT-506-Organization-Company"
        }, {
          "id" : "BT-503-Organization-Company",
          "contentType" : "field",
          "displayType" : "TEXTBOX",
          "description" : "Organisation Contact Telephone Number",
          "_label" : "field|name|BT-503-Organization-Company"
        }, {
          "id" : "BT-739-Organization-Company",
          "contentType" : "field",
          "displayType" : "TEXTBOX",
          "description" : "Organisation Contact Fax",
          "_label" : "field|name|BT-739-Organization-Company"
        } ]
      }, {
        "id" : "GR-Company-BuyerExclusive",
        "contentType" : "group",
        "displayType" : "GROUP",
        "description" : "Buyer Exclusive",
        "_label" : "group|name|GR-Company-BuyerExclusive",
        "content" : [ {
          "id" : "OPP-050-Organization",
          "contentType" : "field",
          "displayType" : "RADIO",
          "description" : "Buyers Group Lead Indicator",
          "_label" : "field|name|OPP-050-Organization"
        }, {
          "id" : "OPP-051-Organization",
          "contentType" : "field",
          "displayType" : "RADIO",
          "description" : "Awarding CPB Buyer Indicator",
          "_label" : "field|name|OPP-051-Organization"
        }, {
          "id" : "OPP-052-Organization",
          "contentType" : "field",
          "displayType" : "RADIO",
          "description" : "Acquiring CPB Buyer Indicator",
          "_label" : "field|name|OPP-052-Organization"
        } ]
      }, {
        "id" : "GR-Touch-Point",
        "contentType" : "group",
        "nodeId" : "ND-Touchpoint",
        "displayType" : "GROUP",
        "description" : "Contact details associated to a given role",
        "_label" : "group|name|ND-Touchpoint",
        "_idScheme" : "TPO",
        "_schemeName" : "touchpoint",
        "businessEntityId" : "touchpoint",
        "_identifierFieldId" : "OPT-201-Organization-TouchPoint",
        "_captionFieldId" : "BT-500-Organization-TouchPoint",
        "_repeatable" : true,
        "collapsed" : true,
        "content" : [ {
          "id" : "OPT-201-Organization-TouchPoint",
          "contentType" : "field",
          "displayType" : "TEXTBOX",
          "description" : "TouchPoint Technical Identifier",
          "_label" : "field|name|OPT-201-Organization-TouchPoint",
          "_idScheme" : "TPO",
          "_schemeName" : "touchpoint",
          "hidden" : true
        }, {
          "id" : "BT-500-Organization-TouchPoint",
          "contentType" : "field",
          "displayType" : "TEXTAREA",
          "description" : "Name",
          "_label" : "field|name|BT-500-Organization-TouchPoint"
        }, {
          "id" : "BT-16-Organization-TouchPoint",
          "contentType" : "field",
          "displayType" : "TEXTAREA",
          "description" : "Part Name",
          "_label" : "field|name|BT-16-Organization-TouchPoint"
        }, {
          "id" : "BT-505-Organization-TouchPoint",
          "contentType" : "field",
          "displayType" : "TEXTBOX",
          "description" : "Internet Address",
          "_label" : "field|name|BT-505-Organization-TouchPoint"
        }, {
          "id" : "BT-509-Organization-TouchPoint",
          "contentType" : "field",
          "displayType" : "TEXTBOX",
          "description" : "eDelivery Gateway",
          "_label" : "field|name|BT-509-Organization-TouchPoint"
        }, {
          "id" : "GR-TouchPoint-Address",
          "contentType" : "group",
          "displayType" : "GROUP",
          "description" : "TouchPoint Address",
          "_label" : "group|name|GR-TouchPoint-Address",
          "content" : [ {
            "id" : "BT-510(a)-Organization-TouchPoint",
            "contentType" : "field",
            "displayType" : "TEXTAREA",
            "description" : "Street",
            "_label" : "field|name|BT-510(a)-Organization-TouchPoint"
          }, {
            "id" : "BT-510(b)-Organization-TouchPoint",
            "contentType" : "field",
            "displayType" : "TEXTAREA",
            "description" : "Streetline 1",
            "_label" : "field|name|BT-510(b)-Organization-TouchPoint"
          }, {
            "id" : "BT-510(c)-Organization-TouchPoint",
            "contentType" : "field",
            "displayType" : "TEXTAREA",
            "description" : "Streetline 2",
            "_label" : "field|name|BT-510(c)-Organization-TouchPoint"
          }, {
            "id" : "BT-513-Organization-TouchPoint",
            "contentType" : "field",
            "displayType" : "TEXTAREA",
            "description" : "City",
            "_label" : "field|name|BT-513-Organization-TouchPoint"
          }, {
            "id" : "BT-512-Organization-TouchPoint",
            "contentType" : "field",
            "displayType" : "TEXTAREA",
            "description" : "Post Code",
            "_label" : "field|name|BT-512-Organization-TouchPoint"
          }, {
            "id" : "BT-507-Organization-TouchPoint",
            "contentType" : "field",
            "displayType" : "COMBOBOX",
            "description" : "Country Subdivision",
            "_label" : "field|name|BT-507-Organization-TouchPoint"
          }, {
            "id" : "BT-514-Organization-TouchPoint",
            "contentType" : "field",
            "displayType" : "COMBOBOX",
            "description" : "Country Code",
            "_label" : "field|name|BT-514-Organization-TouchPoint"
          } ]
        }, {
          "id" : "GR-TouchPoint-Contact",
          "contentType" : "group",
          "displayType" : "GROUP",
          "description" : "TouchPoint Contact",
          "_label" : "group|name|GR-TouchPoint-Contact",
          "content" : [ {
            "id" : "BT-502-Organization-TouchPoint",
            "contentType" : "field",
            "displayType" : "TEXTAREA",
            "description" : "Contact Point",
            "_label" : "field|name|BT-502-Organization-TouchPoint"
          }, {
            "id" : "BT-506-Organization-TouchPoint",
            "contentType" : "field",
            "displayType" : "TEXTBOX",
            "description" : "Contact Email Address",
            "_label" : "field|name|BT-506-Organization-TouchPoint"
          }, {
            "id" : "BT-503-Organization-TouchPoint",
            "contentType" : "field",
            "displayType" : "TEXTBOX",
            "description" : "Contact Telephone Number",
            "_label" : "field|name|BT-503-Organization-TouchPoint"
          }, {
            "id" : "BT-739-Organization-TouchPoint",
            "contentType" : "field",
            "displayType" : "TEXTBOX",
            "description" : "Contact Fax",
            "_label" : "field|name|BT-739-Organization-TouchPoint"
          } ]
        } ]
      } ]
    } ]
  } ]
}