{
  "ublVersion" : "2.3",
  "sdkVersion" : "1.13.0",
  "metadataDatabase" : {
    "version" : "1.13.0",
    "createdOn" : "2024-10-14T13:00:00"
  },
  "noticeId" : "T02",
  "metadata" : [ {
    "id" : "BT-02-notice",
    "contentType" : "field",
    "displayType" : "COMBOBOX",
    "description" : "Notice Type",
    "_label" : "field|name|BT-02-notice",
    "readOnly" : true
  }, {
    "id" : "BT-03-notice",
    "contentType" : "field",
    "displayType" : "COMBOBOX",
    "description" : "Form Type",
    "_label" : "field|name|BT-03-notice",
    "readOnly" : true
  }, {
    "id" : "BT-04-notice",
    "contentType" : "field",
    "displayType" : "TEXTBOX",
    "description" : "Procedure Identifier",
    "_label" : "field|name|BT-04-notice",
    "readOnly" : true
  }, {
    "id" : "BT-701-notice",
    "contentType" : "field",
    "displayType" : "TEXTBOX",
    "description" : "Notice Identifier",
    "_label" : "field|name|BT-701-notice",
    "readOnly" : true
  }, {
    "id" : "BT-757-notice",
    "contentType" : "field",
    "displayType" : "TEXTBOX",
    "description" : "Notice Version",
    "_label" : "field|name|BT-757-notice",
    "readOnly" : true
  }, {
    "id" : "BT-702(a)-notice",
    "contentType" : "field",
    "displayType" : "COMBOBOX",
    "description" : "Notice Official Language",
    "_label" : "field|name|BT-702(a)-notice",
    "hidden" : true
  }, {
    "id" : "BT-702(b)-notice",
    "contentType" : "field",
    "displayType" : "COMBOBOX",
    "description" : "Notice Official Language",
    "_label" : "field|name|BT-702(b)-notice",
    "_repeatable" : true,
    "hidden" : true
  }, {
    "id" : "BT-05(a)-notice",
    "contentType" : "field",
    "displayType" : "TEXTBOX",
    "description" : "Notice Dispatch Date",
    "_label" : "field|name|BT-05(a)-notice",
    "_presetValue" : "{NOW}",
    "hidden" : true
  }, {
    "id" : "BT-05(b)-notice",
    "contentType" : "field",
    "displayType" : "TEXTBOX",
    "description" : "Notice Dispatch Time",
    "_label" : "field|name|BT-05(b)-notice",
    "_presetValue" : "{NOW}",
    "hidden" : true
  }, {
    "id" : "BT-738-notice",
    "contentType" : "field",
    "displayType" : "TEXTBOX",
    "description" : "Notice Preferred Publication Date",
    "_label" : "field|name|BT-738-notice",
    "hidden" : true
  }, {
    "id" : "OPT-999",
    "contentType" : "field",
    "displayType" : "TEXTBOX",
    "description" : "Dummy Tender Award Date",
    "_label" : "field|name|OPT-999",
    "_presetValue" : "2000-01-01Z",
    "hidden" : true
  }, {
    "id" : "OPT-001-notice",
    "contentType" : "field",
    "displayType" : "TEXTBOX",
    "description" : "UBL version ID (UBL)",
    "_label" : "field|name|OPT-001-notice",
    "hidden" : true
  }, {
    "id" : "OPT-002-notice",
    "contentType" : "field",
    "displayType" : "TEXTBOX",
    "description" : "Customization ID (UBL)",
    "_label" : "field|name|OPT-002-notice",
    "readOnly" : true
  }, {
    "id" : "OPP-070-notice",
    "contentType" : "field",
    "displayType" : "COMBOBOX",
    "description" : "Notice Subtype",
    "_label" : "field|name|OPP-070-notice",
    "readOnly" : true
  }, {
    "id" : "OPP-010-notice",
    "contentType" : "field",
    "displayType" : "TEXTBOX",
    "description" : "Notice Publication Number",
    "_label" : "field|name|OPP-010-notice",
    "hidden" : true
  }, {
    "id" : "OPP-011-notice",
    "contentType" : "field",
    "displayType" : "TEXTBOX",
    "description" : "OJEU Identifier",
    "_label" : "field|name|OPP-011-notice",
    "hidden" : true
  }, {
    "id" : "OPP-012-notice",
    "contentType" : "field",
    "displayType" : "TEXTBOX",
    "description" : "OJEU Publication Date",
    "_label" : "field|name|OPP-012-notice",
    "hidden" : true
  } ],
  "content" : [ {
    "id" : "GR-Buyer",
    "contentType" : "group",
    "displayType" : "SECTION",
    "description" : "Contracting Party and Provider related Information",
    "_label" : "group|name|GR-Buyer",
    "content" : [ {
      "id" : "GR-ContractingAuthority",
      "contentType" : "group",
      "nodeId" : "ND-ContractingParty",
      "displayType" : "GROUP",
      "description" : "Contracting Party related Information (URL, Legal Type, Contracting Type, Activity, …)",
      "_label" : "group|name|ND-ContractingParty",
      "businessEntityId" : "buyer",
      "_repeatable" : true,
      "content" : [ {
        "id" : "GR-ContractingAuthority-Buyer",
        "contentType" : "group",
        "displayType" : "GROUP",
        "description" : "Contracting Party related Information (URL, Legal Type, Contracting Type, Activity, …)",
        "_label" : "group|name|GR-ContractingAuthority-Buyer",
        "content" : [ {
          "id" : "OPT-300-Procedure-Buyer",
          "contentType" : "field",
          "displayType" : "COMBOBOX",
          "description" : "Buyer Technical Identifier Reference",
          "_label" : "field|name|OPT-300-Procedure-Buyer",
          "_idSchemes" : [ "ORG" ]
        }, {
          "id" : "BT-11-Procedure-Buyer",
          "contentType" : "field",
          "displayType" : "COMBOBOX",
          "description" : "Buyer Legal Type",
          "_label" : "field|name|BT-11-Procedure-Buyer"
        }, {
          "id" : "BT-740-Procedure-Buyer",
          "contentType" : "field",
          "displayType" : "COMBOBOX",
          "description" : "Buyer Contracting Entity",
          "_label" : "field|name|BT-740-Procedure-Buyer"
        }, {
          "id" : "BT-10-Procedure-Buyer",
          "contentType" : "field",
          "displayType" : "COMBOBOX",
          "description" : "Activity Authority",
          "_label" : "field|name|BT-10-Procedure-Buyer"
        }, {
          "id" : "BT-508-Procedure-Buyer",
          "contentType" : "field",
          "displayType" : "TEXTBOX",
          "description" : "Buyer Profile URL",
          "_label" : "field|name|BT-508-Procedure-Buyer"
        } ]
      }, {
        "id" : "GR-Procedure-SProvider",
        "contentType" : "group",
        "nodeId" : "ND-ServiceProviderParty",
        "displayType" : "GROUP",
        "description" : "Provided Service (code) and Provider (Reference to Organization)",
        "_label" : "group|name|ND-ServiceProviderParty",
        "_repeatable" : true,
        "content" : [ {
          "id" : "OPT-300-Procedure-SProvider",
          "contentType" : "field",
          "displayType" : "COMBOBOX",
          "description" : "Service Provider Technical Identifier Reference",
          "_label" : "field|name|OPT-300-Procedure-SProvider",
          "_idSchemes" : [ "ORG" ]
        }, {
          "id" : "OPT-030-Procedure-SProvider",
          "contentType" : "field",
          "displayType" : "COMBOBOX",
          "description" : "Provided Service Type",
          "_label" : "field|name|OPT-030-Procedure-SProvider"
        } ]
      } ]
    } ]
  }, {
    "id" : "GR-Procedure",
    "contentType" : "group",
    "displayType" : "SECTION",
    "description" : "Procedure",
    "_label" : "group|name|GR-Procedure",
    "content" : [ {
      "id" : "GR-Procedure-Purpose",
      "contentType" : "group",
      "displayType" : "SECTION",
      "description" : "Purpose",
      "_label" : "group|name|GR-Procedure-Purpose",
      "content" : [ {
        "id" : "GR-Previous-Notice",
        "contentType" : "group",
        "nodeId" : "ND-PreviousNoticeReference",
        "displayType" : "GROUP",
        "description" : "Previous notice reference",
        "_label" : "group|name|ND-PreviousNoticeReference",
        "_repeatable" : true,
        "content" : [ {
          "id" : "OPP-090-Procedure",
          "contentType" : "field",
          "displayType" : "TEXTBOX",
          "description" : "Previous Notice Identifier",
          "_label" : "field|name|OPP-090-Procedure"
        } ]
      }, {
        "id" : "GR-Procedure-MainLegalBasis",
        "contentType" : "group",
        "displayType" : "GROUP",
        "description" : "Main Legal Basis",
        "_label" : "group|name|GR-Procedure-MainLegalBasis",
        "content" : [ {
          "id" : "BT-01-notice",
          "contentType" : "field",
          "displayType" : "COMBOBOX",
          "description" : "Procedure Legal Basis",
          "_label" : "field|name|BT-01-notice"
        } ]
      }, {
        "id" : "GR-Procedure-LocalLegalBasisWithID",
        "contentType" : "group",
        "nodeId" : "ND-LocalLegalBasisWithID",
        "displayType" : "GROUP",
        "description" : "Legislation impacting the procurement and for which an ID is known",
        "_label" : "group|name|ND-LocalLegalBasisWithID",
        "_repeatable" : true,
        "content" : [ {
          "id" : "BT-01(c)-Procedure",
          "contentType" : "field",
          "displayType" : "TEXTBOX",
          "description" : "Procedure Legal Basis (ID)",
          "_label" : "field|name|BT-01(c)-Procedure"
        }, {
          "id" : "BT-01(d)-Procedure",
          "contentType" : "field",
          "displayType" : "TEXTAREA",
          "description" : "Procedure Legal Basis (Description)",
          "_label" : "field|name|BT-01(d)-Procedure"
        } ]
      }, {
        "id" : "GR-Procedure-LocalLegalBasisNoID",
        "contentType" : "group",
        "nodeId" : "ND-LocalLegalBasisNoID",
        "displayType" : "GROUP",
        "description" : "Legislation impacting the procurement and for which no ID is known",
        "_label" : "group|name|ND-LocalLegalBasisNoID",
        "_repeatable" : true,
        "content" : [ {
          "id" : "BT-01(e)-Procedure",
          "contentType" : "field",
          "displayType" : "TEXTBOX",
          "description" : "Procedure Legal Basis (NoID)",
          "_label" : "field|name|BT-01(e)-Procedure",
          "_presetValue" : "LocalLegalBasis",
          "hidden" : true
        }, {
          "id" : "BT-01(f)-Procedure",
          "contentType" : "field",
          "displayType" : "TEXTAREA",
          "description" : "Procedure Legal Basis (NoID Description)",
          "_label" : "field|name|BT-01(f)-Procedure"
        } ]
      }, {
        "id" : "GR-Procedure-Description",
        "contentType" : "group",
        "nodeId" : "ND-ProcedureProcurementScope",
        "displayType" : "GROUP",
        "description" : "Scope of the Procurement addressed with the whole notice",
        "_label" : "group|name|ND-ProcedureProcurementScope",
        "content" : [ {
          "id" : "BT-22-Procedure",
          "contentType" : "field",
          "displayType" : "TEXTBOX",
          "description" : "Internal Identifier",
          "_label" : "field|name|BT-22-Procedure"
        }, {
          "id" : "BT-21-Procedure",
          "contentType" : "field",
          "displayType" : "TEXTAREA",
          "description" : "Title",
          "_label" : "field|name|BT-21-Procedure"
        }, {
          "id" : "BT-24-Procedure",
          "contentType" : "field",
          "displayType" : "TEXTAREA",
          "description" : "Description",
          "_label" : "field|name|BT-24-Procedure"
        }, {
          "id" : "BT-23-Procedure",
          "contentType" : "field",
          "displayType" : "COMBOBOX",
          "description" : "Main Nature",
          "_label" : "field|name|BT-23-Procedure"
        }, {
          "id" : "GR-Procedure-Additional-Nature",
          "contentType" : "group",
          "nodeId" : "ND-ProcedureContractAdditionalNature",
          "displayType" : "GROUP",
          "description" : "Additional contract nature for the Procedure",
          "_label" : "group|name|ND-ProcedureContractAdditionalNature",
          "_repeatable" : true,
          "content" : [ {
            "id" : "BT-531-Procedure",
            "contentType" : "field",
            "displayType" : "COMBOBOX",
            "description" : "Additional Nature (different from Main)",
            "_label" : "field|name|BT-531-Procedure"
          } ]
        }, {
          "id" : "GR-Transport-Additional-Nature-Subtype",
          "contentType" : "group",
          "nodeId" : "ND-ProcedureTransportServiceType",
          "displayType" : "GROUP",
          "description" : "Transport service type",
          "_label" : "group|name|ND-ProcedureTransportServiceType",
          "_repeatable" : true,
          "content" : [ {
            "id" : "OPP-040-Procedure",
            "contentType" : "field",
            "displayType" : "COMBOBOX",
            "description" : "Main Nature - Sub Type",
            "_label" : "field|name|OPP-040-Procedure"
          } ]
        } ]
      }, {
        "id" : "GR-Procedure-Scope",
        "contentType" : "group",
        "displayType" : "GROUP",
        "description" : "Scope",
        "_label" : "group|name|GR-Procedure-Scope",
        "content" : [ {
          "id" : "GR-Procedure-Scope-MainClassification",
          "contentType" : "group",
          "nodeId" : "ND-ProcedureMainClassification",
          "displayType" : "GROUP",
          "description" : "Classification for the Main Commodity of the Procedure",
          "_label" : "group|name|ND-ProcedureMainClassification",
          "content" : [ {
            "id" : "BT-26(m)-Procedure",
            "contentType" : "field",
            "displayType" : "COMBOBOX",
            "description" : "Classification Type (e.g. CPV)",
            "_label" : "field|name|BT-26(m)-Procedure"
          }, {
            "id" : "BT-262-Procedure",
            "contentType" : "field",
            "displayType" : "COMBOBOX",
            "description" : "Main Classification Code",
            "_label" : "field|name|BT-262-Procedure"
          } ]
        }, {
          "id" : "GR-Procedure-Scope-AdditionalClassification",
          "contentType" : "group",
          "nodeId" : "ND-ProcedureAdditionalCommodityClassification",
          "displayType" : "GROUP",
          "description" : "Classification for the Additional Commodity of the Procedure",
          "_label" : "group|name|ND-ProcedureAdditionalCommodityClassification",
          "_repeatable" : true,
          "content" : [ {
            "id" : "BT-26(a)-Procedure",
            "contentType" : "field",
            "displayType" : "COMBOBOX",
            "description" : "Classification Type (e.g. CPV)",
            "_label" : "field|name|BT-26(a)-Procedure"
          }, {
            "id" : "BT-263-Procedure",
            "contentType" : "field",
            "displayType" : "COMBOBOX",
            "description" : "Additional Classification Code",
            "_label" : "field|name|BT-263-Procedure"
          } ]
        } ]
      } ]
    }, {
      "id" : "GR-Procedure-Procedure-subsection",
      "contentType" : "group",
      "displayType" : "SECTION",
      "description" : "Procedure",
      "_label" : "group|name|GR-Procedure-Procedure-subsection",
      "content" : [ {
        "id" : "GR-Procedure-Procedure",
        "contentType" : "group",
        "displayType" : "GROUP",
        "description" : "Procedure",
        "_label" : "group|name|GR-Procedure-Procedure",
        "content" : [ {
          "id" : "BT-105-Procedure",
          "contentType" : "field",
          "displayType" : "COMBOBOX",
          "description" : "Procedure Type",
          "_label" : "field|name|BT-105-Procedure",
          "unpublishGroupId" : "GR-Unpublish-BT-105-Procedure",
          "unpublishFieldId" : "BT-195(BT-105)-Procedure",
          "unpublishCode" : "pro-typ"
        }, {
          "id" : "GR-Unpublish-BT-105-Procedure",
          "contentType" : "group",
          "nodeId" : "ND-ProcedureTypeUnpublish",
          "displayType" : "GROUP",
          "description" : "Not Immediately Published (Procedure Type)",
          "_label" : "group|name|ND-ProcedureTypeUnpublish",
          "collapsed" : true,
          "content" : [ {
            "id" : "BT-195(BT-105)-Procedure",
            "contentType" : "field",
            "displayType" : "COMBOBOX",
            "description" : "Unpublished Identifier",
            "_label" : "field|name|BT-195(BT-105)-Procedure",
            "_presetValue" : "pro-typ",
            "hidden" : true
          }, {
            "id" : "BT-196(BT-105)-Procedure",
            "contentType" : "field",
            "displayType" : "TEXTAREA",
            "description" : "Unpublished Justification Description",
            "_label" : "field|name|BT-196(BT-105)-Procedure"
          }, {
            "id" : "BT-197(BT-105)-Procedure",
            "contentType" : "field",
            "displayType" : "COMBOBOX",
            "description" : "Unpublished Justification Code",
            "_label" : "field|name|BT-197(BT-105)-Procedure"
          }, {
            "id" : "BT-198(BT-105)-Procedure",
            "contentType" : "field",
            "displayType" : "TEXTBOX",
            "description" : "Unpublished Access Date",
            "_label" : "field|name|BT-198(BT-105)-Procedure"
          } ]
        } ]
      }, {
        "id" : "GR-Procedure-AdditionalInformation",
        "contentType" : "group",
        "displayType" : "GROUP",
        "description" : "Additional Information",
        "_label" : "group|name|GR-Procedure-AdditionalInformation",
        "content" : [ {
          "id" : "BT-300-Procedure",
          "contentType" : "field",
          "displayType" : "TEXTAREA",
          "description" : "Additional Information",
          "_label" : "field|name|BT-300-Procedure"
        } ]
      } ]
    } ]
  }, {
    "id" : "GR-Lot",
    "contentType" : "group",
    "nodeId" : "ND-Lot",
    "displayType" : "SECTION",
    "description" : "Lot related information covering Tendering Terms, Tendering Process and Purpose",
    "_label" : "group|name|ND-Lot",
    "_idScheme" : "LOT",
    "_schemeName" : "Lot",
    "businessEntityId" : "lot",
    "_identifierFieldId" : "BT-137-Lot",
    "_captionFieldId" : "BT-21-Lot",
    "_repeatable" : true,
    "content" : [ {
      "id" : "BT-137-Lot",
      "contentType" : "field",
      "displayType" : "TEXTBOX",
      "description" : "Purpose Lot Identifier",
      "_label" : "field|name|BT-137-Lot",
      "_idScheme" : "LOT",
      "_schemeName" : "Lot",
      "hidden" : true
    }, {
      "id" : "GR-Lot-Purpose",
      "contentType" : "group",
      "nodeId" : "ND-LotTenderingProcess",
      "displayType" : "SECTION",
      "description" : "Tendering Procedure information (GPA, Atypical Tool, Deadlines, techniques) for a Lot",
      "_label" : "group|name|ND-LotTenderingProcess",
      "content" : [ {
        "id" : "GR-Lot-Description",
        "contentType" : "group",
        "displayType" : "GROUP",
        "description" : "Description",
        "_label" : "group|name|GR-Lot-Description",
        "content" : [ {
          "id" : "BT-22-Lot",
          "contentType" : "field",
          "displayType" : "TEXTBOX",
          "description" : "Internal Identifier",
          "_label" : "field|name|BT-22-Lot"
        }, {
          "id" : "BT-21-Lot",
          "contentType" : "field",
          "displayType" : "TEXTAREA",
          "description" : "Title",
          "_label" : "field|name|BT-21-Lot"
        }, {
          "id" : "BT-24-Lot",
          "contentType" : "field",
          "displayType" : "TEXTAREA",
          "description" : "Description",
          "_label" : "field|name|BT-24-Lot"
        }, {
          "id" : "BT-23-Lot",
          "contentType" : "field",
          "displayType" : "COMBOBOX",
          "description" : "Main Nature",
          "_label" : "field|name|BT-23-Lot"
        }, {
          "id" : "GR-Lot-Additional-Nature",
          "contentType" : "group",
          "nodeId" : "ND-LotContractAdditionalNature",
          "displayType" : "GROUP",
          "description" : "Additional contract nature for the Lot",
          "_label" : "group|name|ND-LotContractAdditionalNature",
          "_repeatable" : true,
          "content" : [ {
            "id" : "BT-531-Lot",
            "contentType" : "field",
            "displayType" : "COMBOBOX",
            "description" : "Additional Nature (different from Main)",
            "_label" : "field|name|BT-531-Lot"
          } ]
        } ]
      }, {
        "id" : "GR-Lot-QualityTarget",
        "contentType" : "group",
        "nodeId" : "ND-QualityTarget",
        "displayType" : "GROUP",
        "description" : "Information (Description) about a given Quality Target",
        "_label" : "group|name|ND-QualityTarget",
        "_repeatable" : true,
        "content" : [ {
          "id" : "OPT-071-Lot",
          "contentType" : "field",
          "displayType" : "COMBOBOX",
          "description" : "Quality Target Code",
          "_label" : "field|name|OPT-071-Lot"
        }, {
          "id" : "OPT-072-Lot",
          "contentType" : "field",
          "displayType" : "TEXTAREA",
          "description" : "Quality Target Description",
          "_label" : "field|name|OPT-072-Lot"
        } ]
      }, {
        "id" : "GR-Lot-Scope",
        "contentType" : "group",
        "displayType" : "GROUP",
        "description" : "Scope",
        "_label" : "group|name|GR-Lot-Scope",
        "content" : [ {
          "id" : "BT-25-Lot",
          "contentType" : "field",
          "displayType" : "TEXTBOX",
          "description" : "Quantity",
          "_label" : "field|name|BT-25-Lot"
        }, {
          "id" : "BT-625-Lot",
          "contentType" : "field",
          "displayType" : "COMBOBOX",
          "description" : "Unit",
          "_label" : "field|name|BT-625-Lot"
        }, {
          "id" : "GR-Lot-Scope-MainClassification",
          "contentType" : "group",
          "nodeId" : "ND-LotMainClassification",
          "displayType" : "GROUP",
          "description" : "Classification for the Main Commodity of a Lot",
          "_label" : "group|name|ND-LotMainClassification",
          "content" : [ {
            "id" : "BT-26(m)-Lot",
            "contentType" : "field",
            "displayType" : "COMBOBOX",
            "description" : "Classification Type (e.g. CPV)",
            "_label" : "field|name|BT-26(m)-Lot"
          }, {
            "id" : "BT-262-Lot",
            "contentType" : "field",
            "displayType" : "COMBOBOX",
            "description" : "Main Classification Code",
            "_label" : "field|name|BT-262-Lot"
          } ]
        }, {
          "id" : "GR-Lot-Scope-AdditionalClassification",
          "contentType" : "group",
          "nodeId" : "ND-LotAdditionalClassification",
          "displayType" : "GROUP",
          "description" : "Classification for an Additional Commodity of a Lot",
          "_label" : "group|name|ND-LotAdditionalClassification",
          "_repeatable" : true,
          "content" : [ {
            "id" : "BT-26(a)-Lot",
            "contentType" : "field",
            "displayType" : "COMBOBOX",
            "description" : "Classification Type (e.g. CPV)",
            "_label" : "field|name|BT-26(a)-Lot"
          }, {
            "id" : "BT-263-Lot",
            "contentType" : "field",
            "displayType" : "COMBOBOX",
            "description" : "Additional Classification Code",
            "_label" : "field|name|BT-263-Lot"
          } ]
        } ]
      }, {
        "id" : "GR-Lot-PlaceOfPerformance",
        "contentType" : "group",
        "nodeId" : "ND-LotPlacePerformance",
        "displayType" : "GROUP",
        "description" : "A location where the Procurement, for the Lot, should take place",
        "_label" : "group|name|ND-LotPlacePerformance",
        "_repeatable" : true,
        "content" : [ {
          "id" : "BT-5101(a)-Lot",
          "contentType" : "field",
          "displayType" : "TEXTAREA",
          "description" : "Place Performance Street",
          "_label" : "field|name|BT-5101(a)-Lot"
        }, {
          "id" : "BT-5101(b)-Lot",
          "contentType" : "field",
          "displayType" : "TEXTAREA",
          "description" : "Place Performance Streetline 1",
          "_label" : "field|name|BT-5101(b)-Lot"
        }, {
          "id" : "BT-5101(c)-Lot",
          "contentType" : "field",
          "displayType" : "TEXTAREA",
          "description" : "Place Performance Streetline 2",
          "_label" : "field|name|BT-5101(c)-Lot"
        }, {
          "id" : "BT-5131-Lot",
          "contentType" : "field",
          "displayType" : "TEXTAREA",
          "description" : "Place Performance City",
          "_label" : "field|name|BT-5131-Lot"
        }, {
          "id" : "BT-5121-Lot",
          "contentType" : "field",
          "displayType" : "TEXTAREA",
          "description" : "Place Performance Post Code",
          "_label" : "field|name|BT-5121-Lot"
        }, {
          "id" : "BT-5071-Lot",
          "contentType" : "field",
          "displayType" : "COMBOBOX",
          "description" : "Place Performance Country Subdivision",
          "_label" : "field|name|BT-5071-Lot"
        }, {
          "id" : "BT-5141-Lot",
          "contentType" : "field",
          "displayType" : "COMBOBOX",
          "description" : "Place Performance Country Code",
          "_label" : "field|name|BT-5141-Lot"
        }, {
          "id" : "BT-727-Lot",
          "contentType" : "field",
          "displayType" : "COMBOBOX",
          "description" : "Place Performance Services Other",
          "_label" : "field|name|BT-727-Lot"
        }, {
          "id" : "BT-728-Lot",
          "contentType" : "field",
          "displayType" : "TEXTAREA",
          "description" : "Place Performance Additional Information",
          "_label" : "field|name|BT-728-Lot"
        } ]
      }, {
        "id" : "GR-Lot-PlannedDuration",
        "contentType" : "group",
        "displayType" : "GROUP",
        "description" : "Planned Duration",
        "_label" : "group|name|GR-Lot-PlannedDuration",
        "content" : [ {
          "id" : "BT-536-Lot",
          "contentType" : "field",
          "displayType" : "TEXTBOX",
          "description" : "Duration Start Date",
          "_label" : "field|name|BT-536-Lot"
        }, {
          "id" : "BT-537-Lot",
          "contentType" : "field",
          "displayType" : "TEXTBOX",
          "description" : "Duration End Date",
          "_label" : "field|name|BT-537-Lot"
        }, {
          "id" : "BT-36-Lot",
          "contentType" : "field",
          "displayType" : "TEXTBOX",
          "description" : "Duration Period",
          "_label" : "field|name|BT-36-Lot"
        } ]
      } ]
    }, {
      "id" : "GR-Lot-SubmissionInfo",
      "contentType" : "group",
      "displayType" : "SECTION",
      "description" : "Submission Info",
      "_label" : "group|name|GR-Lot-SubmissionInfo",
      "content" : [ {
        "id" : "GR-Lot-AddInfo",
        "contentType" : "group",
        "displayType" : "GROUP",
        "description" : "Additional Information Providing Organisation",
        "_label" : "group|name|GR-Lot-AddInfo",
        "content" : [ {
          "id" : "OPT-301-Lot-AddInfo",
          "contentType" : "field",
          "displayType" : "COMBOBOX",
          "description" : "Additional Info Provider Technical Identifier Reference",
          "_label" : "field|name|OPT-301-Lot-AddInfo",
          "_idSchemes" : [ "ORG", "TPO" ]
        } ]
      }, {
        "id" : "GR-Lot-DocProvider",
        "contentType" : "group",
        "displayType" : "GROUP",
        "description" : "Documents Providing Organisation",
        "_label" : "group|name|GR-Lot-DocProvider",
        "content" : [ {
          "id" : "OPT-301-Lot-DocProvider",
          "contentType" : "field",
          "displayType" : "COMBOBOX",
          "description" : "Document Provider Technical Identifier Reference",
          "_label" : "field|name|OPT-301-Lot-DocProvider",
          "_idSchemes" : [ "ORG", "TPO" ]
        } ]
      } ]
    } ]
  }, {
    "id" : "GR-Result",
    "contentType" : "group",
    "displayType" : "SECTION",
    "description" : "Result",
    "_label" : "group|name|GR-Result",
    "content" : [ {
      "id" : "GR-TenderingParty-Section",
      "contentType" : "group",
      "displayType" : "SECTION",
      "description" : "Tendering Parties",
      "_label" : "group|name|GR-TenderingParty-Section",
      "content" : [ {
        "id" : "GR-TenderingParty",
        "contentType" : "group",
        "nodeId" : "ND-TenderingParty",
        "displayType" : "GROUP",
        "description" : "Party formed of one or more organizations than jointly submitted a Tender",
        "_label" : "group|name|ND-TenderingParty",
        "_idScheme" : "TPA",
        "_schemeName" : "tendering-party",
        "businessEntityId" : "tenderingParty",
        "_identifierFieldId" : "OPT-210-Tenderer",
        "_captionFieldId" : "OPT-211-Tenderer",
        "_repeatable" : true,
        "content" : [ {
          "id" : "OPT-210-Tenderer",
          "contentType" : "field",
          "displayType" : "TEXTBOX",
          "description" : "Tendering Party ID",
          "_label" : "field|name|OPT-210-Tenderer",
          "_idScheme" : "TPA",
          "_schemeName" : "tendering-party",
          "hidden" : true
        }, {
          "id" : "OPT-211-Tenderer",
          "contentType" : "field",
          "displayType" : "TEXTBOX",
          "description" : "Tendering Party Name",
          "_label" : "field|name|OPT-211-Tenderer"
        }, {
          "id" : "GR-Tenderer",
          "contentType" : "group",
          "nodeId" : "ND-Tenderer",
          "displayType" : "GROUP",
          "description" : "One of the member of the Tendring Party",
          "_label" : "group|name|ND-Tenderer",
          "_repeatable" : true,
          "content" : [ {
            "id" : "OPT-300-Tenderer",
            "contentType" : "field",
            "displayType" : "COMBOBOX",
            "description" : "Tenderer ID Reference",
            "_label" : "field|name|OPT-300-Tenderer",
            "_idSchemes" : [ "ORG" ]
          }, {
            "id" : "OPT-170-Tenderer",
            "contentType" : "field",
            "displayType" : "RADIO",
            "description" : "Tendering Party Leader",
            "_label" : "field|name|OPT-170-Tenderer"
          } ]
        }, {
          "id" : "GR-Subcontractor",
          "contentType" : "group",
          "nodeId" : "ND-SubContractor",
          "displayType" : "GROUP",
          "description" : "Organization identified as a contractor of one at least of the Main Tenderers of a Tendering Party",
          "_label" : "group|name|ND-SubContractor",
          "_repeatable" : true,
          "content" : [ {
            "id" : "OPT-301-Tenderer-SubCont",
            "contentType" : "field",
            "displayType" : "COMBOBOX",
            "description" : "Subcontractor ID Reference",
            "_label" : "field|name|OPT-301-Tenderer-SubCont",
            "_idSchemes" : [ "ORG" ]
          }, {
            "id" : "GR-Tenderer-Main-Contractor-Id",
            "contentType" : "group",
            "nodeId" : "ND-SubContractorTakerReference",
            "displayType" : "GROUP",
            "description" : "Subcontractor taker",
            "_label" : "group|name|ND-SubContractorTakerReference",
            "_repeatable" : true,
            "content" : [ {
              "id" : "OPT-301-Tenderer-MainCont",
              "contentType" : "field",
              "displayType" : "COMBOBOX",
              "description" : "Main Contractor ID Reference",
              "_label" : "field|name|OPT-301-Tenderer-MainCont",
              "_idSchemes" : [ "ORG" ]
            } ]
          } ]
        } ]
      } ]
    }, {
      "id" : "GR-SettledContract-Section",
      "contentType" : "group",
      "displayType" : "SECTION",
      "description" : "Settled Contracts",
      "_label" : "group|name|GR-SettledContract-Section",
      "content" : [ {
        "id" : "GR-SettledContract",
        "contentType" : "group",
        "nodeId" : "ND-SettledContract",
        "displayType" : "GROUP",
        "description" : "Contract settled (or about to be settled) between a Contracting Party and a Tendering Party to satisfy the requirements expressed as part of the Procurement Procedure",
        "_label" : "group|name|ND-SettledContract",
        "_idScheme" : "CON",
        "_schemeName" : "contract",
        "businessEntityId" : "contract",
        "_identifierFieldId" : "OPT-316-Contract",
        "_captionFieldId" : "BT-150-Contract",
        "_repeatable" : true,
        "content" : [ {
          "id" : "GR-SettledContract-1",
          "contentType" : "group",
          "displayType" : "GROUP",
          "description" : "SettledContract 1",
          "_label" : "group|name|GR-SettledContract-1",
          "content" : [ {
            "id" : "OPT-316-Contract",
            "contentType" : "field",
            "displayType" : "TEXTBOX",
            "description" : "Contract Technical Identifier",
            "_label" : "field|name|OPT-316-Contract",
            "_idScheme" : "CON",
            "_schemeName" : "contract",
            "hidden" : true
          }, {
            "id" : "BT-150-Contract",
            "contentType" : "field",
            "displayType" : "TEXTBOX",
            "description" : "Contract Identifier",
            "_label" : "field|name|BT-150-Contract"
          }, {
            "id" : "BT-145-Contract",
            "contentType" : "field",
            "displayType" : "TEXTBOX",
            "description" : "Contract Conclusion Date",
            "_label" : "field|name|BT-145-Contract"
          }, {
            "id" : "GR-SettledContractTenderReference",
            "contentType" : "group",
            "nodeId" : "ND-SettledContractTenderReference",
            "displayType" : "GROUP",
            "description" : "Tender leading to the contract",
            "_label" : "group|name|ND-SettledContractTenderReference",
            "_repeatable" : true,
            "content" : [ {
              "id" : "BT-3202-Contract",
              "contentType" : "field",
              "displayType" : "COMBOBOX",
              "description" : "Contract Tender ID (Reference)",
              "_label" : "field|name|BT-3202-Contract",
              "_idSchemes" : [ "TEN" ]
            } ]
          } ]
        }, {
          "id" : "GR-Assets-Extended-Duration",
          "contentType" : "group",
          "nodeId" : "ND-ExtendedDurationJustification",
          "displayType" : "GROUP",
          "description" : "Elements about the Extension of the Contract Duration (Indicator, Assets)",
          "_label" : "group|name|ND-ExtendedDurationJustification",
          "content" : [ {
            "id" : "OPP-020-Contract",
            "contentType" : "field",
            "displayType" : "RADIO",
            "description" : "Assets related contract extension indicator",
            "_label" : "field|name|OPP-020-Contract"
          }, {
            "id" : "GR-SettledContract-3",
            "contentType" : "group",
            "nodeId" : "ND-Asset",
            "displayType" : "GROUP",
            "description" : "Individual Asset characteristics (description, significance, predominance) justifying the Contract extension",
            "_label" : "group|name|ND-Asset",
            "_repeatable" : true,
            "content" : [ {
              "id" : "OPP-021-Contract",
              "contentType" : "field",
              "displayType" : "TEXTAREA",
              "description" : "Used asset",
              "_label" : "field|name|OPP-021-Contract"
            }, {
              "id" : "OPP-022-Contract",
              "contentType" : "field",
              "displayType" : "TEXTBOX",
              "description" : "Significance (%)",
              "_label" : "field|name|OPP-022-Contract"
            }, {
              "id" : "OPP-023-Contract",
              "contentType" : "field",
              "displayType" : "TEXTBOX",
              "description" : "Predominance (%)",
              "_label" : "field|name|OPP-023-Contract"
            } ]
          } ]
        } ]
      } ]
    }, {
      "id" : "GR-LotTender-Section",
      "contentType" : "group",
      "displayType" : "SECTION",
      "description" : "Lot Tenders",
      "_label" : "group|name|GR-LotTender-Section",
      "content" : [ {
        "id" : "GR-LotTender",
        "contentType" : "group",
        "nodeId" : "ND-LotTender",
        "displayType" : "GROUP",
        "description" : "Tender (or fragment of a Tender) submitted for a given Lot",
        "_label" : "group|name|ND-LotTender",
        "_idScheme" : "TEN",
        "_schemeName" : "tender",
        "businessEntityId" : "tender",
        "_identifierFieldId" : "OPT-321-Tender",
        "_captionFieldId" : "BT-3201-Tender",
        "_repeatable" : true,
        "content" : [ {
          "id" : "GR-Tender",
          "contentType" : "group",
          "displayType" : "GROUP",
          "description" : "Tender",
          "_label" : "group|name|GR-Tender",
          "content" : [ {
            "id" : "OPT-321-Tender",
            "contentType" : "field",
            "displayType" : "TEXTBOX",
            "description" : "Tender Technical Identifier",
            "_label" : "field|name|OPT-321-Tender",
            "_idScheme" : "TEN",
            "_schemeName" : "tender",
            "hidden" : true
          }, {
            "id" : "BT-3201-Tender",
            "contentType" : "field",
            "displayType" : "TEXTBOX",
            "description" : "Tender Identifier",
            "_label" : "field|name|BT-3201-Tender"
          }, {
            "id" : "BT-720-Tender",
            "contentType" : "field",
            "displayType" : "TEXTBOX",
            "description" : "Tender Value",
            "_label" : "field|name|BT-720-Tender",
            "unpublishGroupId" : "GR-Unpublish-BT-720-Tender",
            "unpublishFieldId" : "BT-195(BT-720)-Tender",
            "unpublishCode" : "win-ten-val"
          }, {
            "id" : "GR-Unpublish-BT-720-Tender",
            "contentType" : "group",
            "nodeId" : "ND-WinningTenderValueUnpublish",
            "displayType" : "GROUP",
            "description" : "Not Immediately Published (WinningTenderValue)",
            "_label" : "group|name|ND-WinningTenderValueUnpublish",
            "collapsed" : true,
            "content" : [ {
              "id" : "BT-195(BT-720)-Tender",
              "contentType" : "field",
              "displayType" : "COMBOBOX",
              "description" : "Unpublished Identifier",
              "_label" : "field|name|BT-195(BT-720)-Tender",
              "_presetValue" : "win-ten-val",
              "hidden" : true
            }, {
              "id" : "BT-196(BT-720)-Tender",
              "contentType" : "field",
              "displayType" : "TEXTAREA",
              "description" : "Unpublished Justification Description",
              "_label" : "field|name|BT-196(BT-720)-Tender"
            }, {
              "id" : "BT-197(BT-720)-Tender",
              "contentType" : "field",
              "displayType" : "COMBOBOX",
              "description" : "Unpublished Justification Code",
              "_label" : "field|name|BT-197(BT-720)-Tender"
            }, {
              "id" : "BT-198(BT-720)-Tender",
              "contentType" : "field",
              "displayType" : "TEXTBOX",
              "description" : "Unpublished Access Date",
              "_label" : "field|name|BT-198(BT-720)-Tender"
            } ]
          } ]
        }, {
          "id" : "GR-LotTender-1",
          "contentType" : "group",
          "displayType" : "GROUP",
          "description" : "LotTender 1",
          "_label" : "group|name|GR-LotTender-1",
          "content" : [ {
            "id" : "BT-13714-Tender",
            "contentType" : "field",
            "displayType" : "COMBOBOX",
            "description" : "Tender Lot Identifier",
            "_label" : "field|name|BT-13714-Tender",
            "_idSchemes" : [ "GLO", "LOT" ]
          }, {
            "id" : "OPT-310-Tender",
            "contentType" : "field",
            "displayType" : "COMBOBOX",
            "description" : "Tendering Party ID Reference",
            "_label" : "field|name|OPT-310-Tender",
            "_idSchemes" : [ "TPA" ]
          }, {
            "id" : "OPP-080-Tender",
            "contentType" : "field",
            "displayType" : "TEXTBOX",
            "description" : "Kilometers Public Transport",
            "_label" : "field|name|OPP-080-Tender"
          }, {
            "id" : "OPP-080-Tender-Unit",
            "contentType" : "field",
            "displayType" : "TEXTBOX",
            "description" : "Kilometers Public Transport Unit",
            "_label" : "field|name|OPP-080-Tender-Unit",
            "_presetValue" : "KTM",
            "hidden" : true
          }, {
            "id" : "GR-LotTender-RevenueAllocation",
            "contentType" : "group",
            "nodeId" : "ND-RevenueAllocation",
            "displayType" : "GROUP",
            "description" : "Revenue allocation in percentage",
            "_label" : "group|name|ND-RevenueAllocation",
            "content" : [ {
              "id" : "OPP-035-Tender",
              "contentType" : "field",
              "displayType" : "COMBOBOX",
              "description" : "Revenues Allocation of tickets sales code",
              "_label" : "field|name|OPP-035-Tender",
              "_presetValue" : "all-rev-tic"
            }, {
              "id" : "OPP-032-Tender",
              "contentType" : "field",
              "displayType" : "TEXTBOX",
              "description" : "Revenues Allocation",
              "_label" : "field|name|OPP-032-Tender"
            } ]
          } ]
        }, {
          "id" : "GR-LotTender-3",
          "contentType" : "group",
          "nodeId" : "ND-OtherContractExecutionConditions",
          "displayType" : "GROUP",
          "description" : "Conditions other than Revenue Allocation",
          "_label" : "group|name|ND-OtherContractExecutionConditions",
          "_repeatable" : true,
          "content" : [ {
            "id" : "OPP-030-Tender",
            "contentType" : "field",
            "displayType" : "COMBOBOX",
            "description" : "Contract conditions Code",
            "_label" : "field|name|OPP-030-Tender"
          }, {
            "id" : "OPP-031-Tender",
            "contentType" : "field",
            "displayType" : "TEXTAREA",
            "description" : "Contract Conditions Description (other than revenue allocation)",
            "_label" : "field|name|OPP-031-Tender"
          } ]
        }, {
          "id" : "GR-LotTender-Penalties",
          "contentType" : "group",
          "nodeId" : "ND-RewardsPenalties",
          "displayType" : "GROUP",
          "description" : "Information (Description) about applicable Rewards or Penalties",
          "_label" : "group|name|ND-RewardsPenalties",
          "content" : [ {
            "id" : "OPP-033-Tender",
            "contentType" : "field",
            "displayType" : "COMBOBOX",
            "description" : "Penalties and Rewards Code",
            "_label" : "field|name|OPP-033-Tender"
          }, {
            "id" : "OPP-034-Tender",
            "contentType" : "field",
            "displayType" : "TEXTAREA",
            "description" : "Penalties and Rewards Description",
            "_label" : "field|name|OPP-034-Tender"
          } ]
        } ]
      } ]
    }, {
      "id" : "GR-LotResult-Section",
      "contentType" : "group",
      "displayType" : "SECTION",
      "description" : "Lot Results",
      "_label" : "group|name|GR-LotResult-Section",
      "content" : [ {
        "id" : "GR-LotResult",
        "contentType" : "group",
        "nodeId" : "ND-LotResult",
        "displayType" : "GROUP",
        "description" : "Outcome of the Procurement Procedure for a given Lot",
        "_label" : "group|name|ND-LotResult",
        "_idScheme" : "RES",
        "_schemeName" : "result",
        "businessEntityId" : "resultForLot",
        "_identifierFieldId" : "OPT-322-LotResult",
        "_captionFieldId" : "BT-13713-LotResult",
        "_repeatable" : true,
        "content" : [ {
          "id" : "OPT-322-LotResult",
          "contentType" : "field",
          "displayType" : "TEXTBOX",
          "description" : "LotResult Technical Identifier",
          "_label" : "field|name|OPT-322-LotResult",
          "_idScheme" : "RES",
          "_schemeName" : "result",
          "hidden" : true
        }, {
          "id" : "GR-Winner",
          "contentType" : "group",
          "displayType" : "GROUP",
          "description" : "Winner",
          "_label" : "group|name|GR-Winner",
          "content" : [ {
            "id" : "BT-142-LotResult",
            "contentType" : "field",
            "displayType" : "COMBOBOX",
            "description" : "Winner Chosen",
            "_label" : "field|name|BT-142-LotResult",
            "unpublishGroupId" : "GR-Unpublish-BT-142-LotResult",
            "unpublishFieldId" : "BT-195(BT-142)-LotResult",
            "unpublishCode" : "win-cho"
          }, {
            "id" : "GR-Unpublish-BT-142-LotResult",
            "contentType" : "group",
            "nodeId" : "ND-WinnerChosenUnpublish",
            "displayType" : "GROUP",
            "description" : "Not Immediately Published (WinnerChosen)",
            "_label" : "group|name|ND-WinnerChosenUnpublish",
            "collapsed" : true,
            "content" : [ {
              "id" : "BT-195(BT-142)-LotResult",
              "contentType" : "field",
              "displayType" : "COMBOBOX",
              "description" : "Unpublished Identifier",
              "_label" : "field|name|BT-195(BT-142)-LotResult",
              "_presetValue" : "win-cho",
              "hidden" : true
            }, {
              "id" : "BT-196(BT-142)-LotResult",
              "contentType" : "field",
              "displayType" : "TEXTAREA",
              "description" : "Unpublished Justification Description",
              "_label" : "field|name|BT-196(BT-142)-LotResult"
            }, {
              "id" : "BT-197(BT-142)-LotResult",
              "contentType" : "field",
              "displayType" : "COMBOBOX",
              "description" : "Unpublished Justification Code",
              "_label" : "field|name|BT-197(BT-142)-LotResult"
            }, {
              "id" : "BT-198(BT-142)-LotResult",
              "contentType" : "field",
              "displayType" : "TEXTBOX",
              "description" : "Unpublished Access Date",
              "_label" : "field|name|BT-198(BT-142)-LotResult"
            } ]
          }, {
            "id" : "BT-144-LotResult",
            "contentType" : "field",
            "displayType" : "COMBOBOX",
            "description" : "Not Awarded Reason",
            "_label" : "field|name|BT-144-LotResult",
            "unpublishGroupId" : "GR-Unpublish-BT-144-LotResult",
            "unpublishFieldId" : "BT-195(BT-144)-LotResult",
            "unpublishCode" : "no-awa-rea"
          }, {
            "id" : "GR-Unpublish-BT-144-LotResult",
            "contentType" : "group",
            "nodeId" : "ND-NotAwardedReasonUnpublish",
            "displayType" : "GROUP",
            "description" : "Not Immediately Published (NotAwardedReason)",
            "_label" : "group|name|ND-NotAwardedReasonUnpublish",
            "collapsed" : true,
            "content" : [ {
              "id" : "BT-195(BT-144)-LotResult",
              "contentType" : "field",
              "displayType" : "COMBOBOX",
              "description" : "Unpublished Identifier",
              "_label" : "field|name|BT-195(BT-144)-LotResult",
              "_presetValue" : "no-awa-rea",
              "hidden" : true
            }, {
              "id" : "BT-196(BT-144)-LotResult",
              "contentType" : "field",
              "displayType" : "TEXTAREA",
              "description" : "Unpublished Justification Description",
              "_label" : "field|name|BT-196(BT-144)-LotResult"
            }, {
              "id" : "BT-197(BT-144)-LotResult",
              "contentType" : "field",
              "displayType" : "COMBOBOX",
              "description" : "Unpublished Justification Code",
              "_label" : "field|name|BT-197(BT-144)-LotResult"
            }, {
              "id" : "BT-198(BT-144)-LotResult",
              "contentType" : "field",
              "displayType" : "TEXTBOX",
              "description" : "Unpublished Access Date",
              "_label" : "field|name|BT-198(BT-144)-LotResult"
            } ]
          } ]
        }, {
          "id" : "GR-LotResult-1",
          "contentType" : "group",
          "displayType" : "GROUP",
          "description" : "LotResult 1",
          "_label" : "group|name|GR-LotResult-1",
          "content" : [ {
            "id" : "BT-13713-LotResult",
            "contentType" : "field",
            "displayType" : "COMBOBOX",
            "description" : "Result Lot Identifier",
            "_label" : "field|name|BT-13713-LotResult",
            "_idSchemes" : [ "LOT" ]
          }, {
            "id" : "GR-LotResult-Tender-Id-Ref",
            "contentType" : "group",
            "nodeId" : "ND-LotResultTenderReference",
            "displayType" : "GROUP",
            "description" : "Tender considered for the award decision",
            "_label" : "group|name|ND-LotResultTenderReference",
            "_repeatable" : true,
            "content" : [ {
              "id" : "OPT-320-LotResult",
              "contentType" : "field",
              "displayType" : "COMBOBOX",
              "description" : "Tender Identifier Reference",
              "_label" : "field|name|OPT-320-LotResult",
              "_idSchemes" : [ "TEN" ]
            } ]
          }, {
            "id" : "GR-LotResult-Contract-Id-Ref",
            "contentType" : "group",
            "nodeId" : "ND-LotResultContractReference",
            "displayType" : "GROUP",
            "description" : "Contract following an award decision",
            "_label" : "group|name|ND-LotResultContractReference",
            "_repeatable" : true,
            "content" : [ {
              "id" : "OPT-315-LotResult",
              "contentType" : "field",
              "displayType" : "COMBOBOX",
              "description" : "Contract Identifier Reference",
              "_label" : "field|name|OPT-315-LotResult",
              "_idSchemes" : [ "CON" ]
            } ]
          } ]
        } ]
      } ]
    } ]
  }, {
    "id" : "GR-Change",
    "contentType" : "group",
    "displayType" : "SECTION",
    "description" : "Change",
    "_label" : "group|name|GR-Change",
    "content" : [ {
      "id" : "BT-140-notice",
      "contentType" : "field",
      "displayType" : "COMBOBOX",
      "description" : "Change Reason Code",
      "_label" : "field|name|BT-140-notice",
      "readOnly" : true
    }, {
      "id" : "BT-762-notice",
      "contentType" : "field",
      "displayType" : "TEXTAREA",
      "description" : "Change Reason Description",
      "_label" : "field|name|BT-762-notice"
    }, {
      "id" : "BT-758-notice",
      "contentType" : "field",
      "displayType" : "TEXTBOX",
      "description" : "Change Notice Version Identifier",
      "_label" : "field|name|BT-758-notice",
      "readOnly" : true
    }, {
      "id" : "GR-ChangeSections",
      "contentType" : "group",
      "nodeId" : "ND-Change",
      "displayType" : "GROUP",
      "description" : "Information associated to a single Change (Section, Description & Procurement Documents)",
      "_label" : "group|name|ND-Change",
      "_repeatable" : true,
      "content" : [ {
        "id" : "GR-ChangedSectionIdentifiers",
        "contentType" : "group",
        "nodeId" : "ND-ChangedSection",
        "displayType" : "GROUP",
        "description" : "Section subject to change",
        "_label" : "group|name|ND-ChangedSection",
        "_repeatable" : true,
        "content" : [ {
          "id" : "BT-13716-notice",
          "contentType" : "field",
          "displayType" : "TEXTBOX",
          "description" : "Change Previous Section Identifier",
          "_label" : "field|name|BT-13716-notice",
          "_idSchemes" : [ "CON", "GLO", "LOT", "ORG", "PAR", "RES", "TEN", "TPA", "TPO", "UBO" ]
        } ]
      }, {
        "id" : "BT-141(a)-notice",
        "contentType" : "field",
        "displayType" : "TEXTAREA",
        "description" : "Change Description",
        "_label" : "field|name|BT-141(a)-notice"
      }, {
        "id" : "BT-718-notice",
        "contentType" : "field",
        "displayType" : "RADIO",
        "description" : "Change Procurement Documents",
        "_label" : "field|name|BT-718-notice"
      }, {
        "id" : "BT-719-notice",
        "contentType" : "field",
        "displayType" : "TEXTBOX",
        "description" : "Change Procurement Documents Date",
        "_label" : "field|name|BT-719-notice"
      } ]
    } ]
  }, {
    "id" : "GR-Organisations-Section",
    "contentType" : "group",
    "displayType" : "SECTION",
    "description" : "Organisations",
    "_label" : "group|name|GR-Organisations-Section",
    "content" : [ {
      "id" : "GR-Organisations-Subsection",
      "contentType" : "group",
      "displayType" : "SECTION",
      "description" : "Organisations",
      "_label" : "group|name|GR-Organisations-Subsection",
      "content" : [ {
        "id" : "GR-Organisations",
        "contentType" : "group",
        "nodeId" : "ND-Organization",
        "displayType" : "GROUP",
        "description" : "A Party involved in the Competition from either side (Buyer or Tenderer) with a Legal Entity (Company) and possibly additional Contact Points (touchpoints)",
        "_label" : "group|name|ND-Organization",
        "_idScheme" : "ORG",
        "_schemeName" : "organization",
        "businessEntityId" : "organization",
        "_identifierFieldId" : "OPT-200-Organization-Company",
        "_captionFieldId" : "BT-500-Organization-Company",
        "_repeatable" : true,
        "content" : [ {
          "id" : "OPT-200-Organization-Company",
          "contentType" : "field",
          "displayType" : "TEXTBOX",
          "description" : "Organisation Technical Identifier",
          "_label" : "field|name|OPT-200-Organization-Company",
          "_idScheme" : "ORG",
          "_schemeName" : "organization",
          "hidden" : true
        }, {
          "id" : "GR-Company",
          "contentType" : "group",
          "displayType" : "GROUP",
          "description" : "Organisation",
          "_label" : "group|name|GR-Company",
          "content" : [ {
            "id" : "BT-500-Organization-Company",
            "contentType" : "field",
            "displayType" : "TEXTAREA",
            "description" : "Organisation Name",
            "_label" : "field|name|BT-500-Organization-Company"
          }, {
            "id" : "GR-Organisation-Identifier",
            "contentType" : "group",
            "nodeId" : "ND-CompanyLegalEntity",
            "displayType" : "GROUP",
            "description" : "Company legal identifier",
            "_label" : "group|name|ND-CompanyLegalEntity",
            "_repeatable" : true,
            "content" : [ {
              "id" : "BT-501-Organization-Company",
              "contentType" : "field",
              "displayType" : "TEXTBOX",
              "description" : "Organisation Identifier",
              "_label" : "field|name|BT-501-Organization-Company"
            } ]
          }, {
            "id" : "BT-16-Organization-Company",
            "contentType" : "field",
            "displayType" : "TEXTAREA",
            "description" : "Organisation Part Name",
            "_label" : "field|name|BT-16-Organization-Company"
          }, {
            "id" : "BT-505-Organization-Company",
            "contentType" : "field",
            "displayType" : "TEXTBOX",
            "description" : "Organisation Internet Address",
            "_label" : "field|name|BT-505-Organization-Company"
          } ]
        }, {
          "id" : "GR-Company-Address",
          "contentType" : "group",
          "displayType" : "GROUP",
          "description" : "Organisation Address",
          "_label" : "group|name|GR-Company-Address",
          "content" : [ {
            "id" : "BT-510(a)-Organization-Company",
            "contentType" : "field",
            "displayType" : "TEXTAREA",
            "description" : "Street",
            "_label" : "field|name|BT-510(a)-Organization-Company"
          }, {
            "id" : "BT-510(b)-Organization-Company",
            "contentType" : "field",
            "displayType" : "TEXTAREA",
            "description" : "Streetline 1",
            "_label" : "field|name|BT-510(b)-Organization-Company"
          }, {
            "id" : "BT-510(c)-Organization-Company",
            "contentType" : "field",
            "displayType" : "TEXTAREA",
            "description" : "Streetline 2",
            "_label" : "field|name|BT-510(c)-Organization-Company"
          }, {
            "id" : "BT-513-Organization-Company",
            "contentType" : "field",
            "displayType" : "TEXTAREA",
            "description" : "Organisation City",
            "_label" : "field|name|BT-513-Organization-Company"
          }, {
            "id" : "BT-512-Organization-Company",
            "contentType" : "field",
            "displayType" : "TEXTAREA",
            "description" : "Organisation Post Code",
            "_label" : "field|name|BT-512-Organization-Company"
          }, {
            "id" : "BT-507-Organization-Company",
            "contentType" : "field",
            "displayType" : "COMBOBOX",
            "description" : "Organisation Country Subdivision",
            "_label" : "field|name|BT-507-Organization-Company"
          }, {
            "id" : "BT-514-Organization-Company",
            "contentType" : "field",
            "displayType" : "COMBOBOX",
            "description" : "Organisation Country Code",
            "_label" : "field|name|BT-514-Organization-Company"
          } ]
        }, {
          "id" : "GR-Company-Contact",
          "contentType" : "group",
          "displayType" : "GROUP",
          "description" : "Organisation Contact",
          "_label" : "group|name|GR-Company-Contact",
          "content" : [ {
            "id" : "BT-502-Organization-Company",
            "contentType" : "field",
            "displayType" : "TEXTAREA",
            "description" : "Organisation Contact Point",
            "_label" : "field|name|BT-502-Organization-Company"
          }, {
            "id" : "BT-506-Organization-Company",
            "contentType" : "field",
            "displayType" : "TEXTBOX",
            "description" : "Organisation Contact Email Address",
            "_label" : "field|name|BT-506-Organization-Company"
          }, {
            "id" : "BT-503-Organization-Company",
            "contentType" : "field",
            "displayType" : "TEXTBOX",
            "description" : "Organisation Contact Telephone Number",
            "_label" : "field|name|BT-503-Organization-Company"
          }, {
            "id" : "BT-739-Organization-Company",
            "contentType" : "field",
            "displayType" : "TEXTBOX",
            "description" : "Organisation Contact Fax",
            "_label" : "field|name|BT-739-Organization-Company"
          } ]
        }, {
          "id" : "GR-Company-BuyerExclusive",
          "contentType" : "group",
          "displayType" : "GROUP",
          "description" : "Buyer Exclusive",
          "_label" : "group|name|GR-Company-BuyerExclusive",
          "content" : [ {
            "id" : "OPP-051-Organization",
            "contentType" : "field",
            "displayType" : "RADIO",
            "description" : "Awarding CPB Buyer Indicator",
            "_label" : "field|name|OPP-051-Organization"
          }, {
            "id" : "OPP-052-Organization",
            "contentType" : "field",
            "displayType" : "RADIO",
            "description" : "Acquiring CPB Buyer Indicator",
            "_label" : "field|name|OPP-052-Organization"
          } ]
        }, {
          "id" : "GR-Company-EconomicOperatorExclusive",
          "contentType" : "group",
          "displayType" : "GROUP",
          "description" : "Economic Operator Exclusive",
          "_label" : "group|name|GR-Company-EconomicOperatorExclusive",
          "content" : [ {
            "id" : "BT-633-Organization",
            "contentType" : "field",
            "displayType" : "RADIO",
            "description" : "Organisation Natural Person",
            "_label" : "field|name|BT-633-Organization"
          }, {
            "id" : "GR-Organisation-UBO-Reference",
            "contentType" : "group",
            "nodeId" : "ND-OrganizationUboReference",
            "displayType" : "GROUP",
            "description" : "Organization UBO",
            "_label" : "group|name|ND-OrganizationUboReference",
            "_repeatable" : true,
            "content" : [ {
              "id" : "OPT-302-Organization",
              "contentType" : "field",
              "displayType" : "COMBOBOX",
              "description" : "Beneficial Owner Reference",
              "_label" : "field|name|OPT-302-Organization",
              "_idSchemes" : [ "UBO" ]
            } ]
          }, {
            "id" : "BT-746-Organization",
            "contentType" : "field",
            "displayType" : "RADIO",
            "description" : "Winner Listed",
            "_label" : "field|name|BT-746-Organization"
          } ]
        }, {
          "id" : "GR-Touch-Point",
          "contentType" : "group",
          "nodeId" : "ND-Touchpoint",
          "displayType" : "GROUP",
          "description" : "Contact details associated to a given role",
          "_label" : "group|name|ND-Touchpoint",
          "_idScheme" : "TPO",
          "_schemeName" : "touchpoint",
          "businessEntityId" : "touchpoint",
          "_identifierFieldId" : "OPT-201-Organization-TouchPoint",
          "_captionFieldId" : "BT-500-Organization-TouchPoint",
          "_repeatable" : true,
          "collapsed" : true,
          "content" : [ {
            "id" : "OPT-201-Organization-TouchPoint",
            "contentType" : "field",
            "displayType" : "TEXTBOX",
            "description" : "TouchPoint Technical Identifier",
            "_label" : "field|name|OPT-201-Organization-TouchPoint",
            "_idScheme" : "TPO",
            "_schemeName" : "touchpoint",
            "hidden" : true
          }, {
            "id" : "BT-500-Organization-TouchPoint",
            "contentType" : "field",
            "displayType" : "TEXTAREA",
            "description" : "Name",
            "_label" : "field|name|BT-500-Organization-TouchPoint"
          }, {
            "id" : "BT-16-Organization-TouchPoint",
            "contentType" : "field",
            "displayType" : "TEXTAREA",
            "description" : "Part Name",
            "_label" : "field|name|BT-16-Organization-TouchPoint"
          }, {
            "id" : "BT-505-Organization-TouchPoint",
            "contentType" : "field",
            "displayType" : "TEXTBOX",
            "description" : "Internet Address",
            "_label" : "field|name|BT-505-Organization-TouchPoint"
          }, {
            "id" : "GR-TouchPoint-Address",
            "contentType" : "group",
            "displayType" : "GROUP",
            "description" : "TouchPoint Address",
            "_label" : "group|name|GR-TouchPoint-Address",
            "content" : [ {
              "id" : "BT-510(a)-Organization-TouchPoint",
              "contentType" : "field",
              "displayType" : "TEXTAREA",
              "description" : "Street",
              "_label" : "field|name|BT-510(a)-Organization-TouchPoint"
            }, {
              "id" : "BT-510(b)-Organization-TouchPoint",
              "contentType" : "field",
              "displayType" : "TEXTAREA",
              "description" : "Streetline 1",
              "_label" : "field|name|BT-510(b)-Organization-TouchPoint"
            }, {
              "id" : "BT-510(c)-Organization-TouchPoint",
              "contentType" : "field",
              "displayType" : "TEXTAREA",
              "description" : "Streetline 2",
              "_label" : "field|name|BT-510(c)-Organization-TouchPoint"
            }, {
              "id" : "BT-513-Organization-TouchPoint",
              "contentType" : "field",
              "displayType" : "TEXTAREA",
              "description" : "City",
              "_label" : "field|name|BT-513-Organization-TouchPoint"
            }, {
              "id" : "BT-512-Organization-TouchPoint",
              "contentType" : "field",
              "displayType" : "TEXTAREA",
              "description" : "Post Code",
              "_label" : "field|name|BT-512-Organization-TouchPoint"
            }, {
              "id" : "BT-507-Organization-TouchPoint",
              "contentType" : "field",
              "displayType" : "COMBOBOX",
              "description" : "Country Subdivision",
              "_label" : "field|name|BT-507-Organization-TouchPoint"
            }, {
              "id" : "BT-514-Organization-TouchPoint",
              "contentType" : "field",
              "displayType" : "COMBOBOX",
              "description" : "Country Code",
              "_label" : "field|name|BT-514-Organization-TouchPoint"
            } ]
          }, {
            "id" : "GR-TouchPoint-Contact",
            "contentType" : "group",
            "displayType" : "GROUP",
            "description" : "TouchPoint Contact",
            "_label" : "group|name|GR-TouchPoint-Contact",
            "content" : [ {
              "id" : "BT-502-Organization-TouchPoint",
              "contentType" : "field",
              "displayType" : "TEXTAREA",
              "description" : "Contact Point",
              "_label" : "field|name|BT-502-Organization-TouchPoint"
            }, {
              "id" : "BT-506-Organization-TouchPoint",
              "contentType" : "field",
              "displayType" : "TEXTBOX",
              "description" : "Contact Email Address",
              "_label" : "field|name|BT-506-Organization-TouchPoint"
            }, {
              "id" : "BT-503-Organization-TouchPoint",
              "contentType" : "field",
              "displayType" : "TEXTBOX",
              "description" : "Contact Telephone Number",
              "_label" : "field|name|BT-503-Organization-TouchPoint"
            }, {
              "id" : "BT-739-Organization-TouchPoint",
              "contentType" : "field",
              "displayType" : "TEXTBOX",
              "description" : "Contact Fax",
              "_label" : "field|name|BT-739-Organization-TouchPoint"
            } ]
          } ]
        } ]
      } ]
    }, {
      "id" : "GR-UBO-Subsection",
      "contentType" : "group",
      "displayType" : "SECTION",
      "description" : "Ultimate Beneficial Owner",
      "_label" : "group|name|GR-UBO-Subsection",
      "content" : [ {
        "id" : "GR-UBO",
        "contentType" : "group",
        "nodeId" : "ND-UBO",
        "displayType" : "GROUP",
        "description" : "Ultimate Beneficial Owner",
        "_label" : "group|name|ND-UBO",
        "_idScheme" : "UBO",
        "_schemeName" : "ubo",
        "businessEntityId" : "ultimateBeneficialOwner",
        "_identifierFieldId" : "OPT-202-UBO",
        "_captionFieldId" : "BT-500-UBO",
        "_repeatable" : true,
        "content" : [ {
          "id" : "OPT-202-UBO",
          "contentType" : "field",
          "displayType" : "TEXTBOX",
          "description" : "Beneficial Owner Technical Identifier",
          "_label" : "field|name|OPT-202-UBO",
          "_idScheme" : "UBO",
          "_schemeName" : "ubo",
          "hidden" : true
        }, {
          "id" : "BT-500-UBO",
          "contentType" : "field",
          "displayType" : "TEXTAREA",
          "description" : "UBO Name",
          "_label" : "field|name|BT-500-UBO"
        }, {
          "id" : "OPT-160-UBO",
          "contentType" : "field",
          "displayType" : "TEXTAREA",
          "description" : "First Name",
          "_label" : "field|name|OPT-160-UBO"
        }, {
          "id" : "BT-506-UBO",
          "contentType" : "field",
          "displayType" : "TEXTBOX",
          "description" : "UBO Email Address",
          "_label" : "field|name|BT-506-UBO"
        }, {
          "id" : "BT-503-UBO",
          "contentType" : "field",
          "displayType" : "TEXTBOX",
          "description" : "UBO Telephone Number",
          "_label" : "field|name|BT-503-UBO"
        }, {
          "id" : "BT-739-UBO",
          "contentType" : "field",
          "displayType" : "TEXTBOX",
          "description" : "UBO Contact Fax",
          "_label" : "field|name|BT-739-UBO"
        }, {
          "id" : "BT-507-UBO",
          "contentType" : "field",
          "displayType" : "COMBOBOX",
          "description" : "Country Subdivision",
          "_label" : "field|name|BT-507-UBO"
        }, {
          "id" : "BT-510(a)-UBO",
          "contentType" : "field",
          "displayType" : "TEXTAREA",
          "description" : "Street",
          "_label" : "field|name|BT-510(a)-UBO"
        }, {
          "id" : "BT-510(b)-UBO",
          "contentType" : "field",
          "displayType" : "TEXTAREA",
          "description" : "Streetline 1",
          "_label" : "field|name|BT-510(b)-UBO"
        }, {
          "id" : "BT-510(c)-UBO",
          "contentType" : "field",
          "displayType" : "TEXTAREA",
          "description" : "Streetline 2",
          "_label" : "field|name|BT-510(c)-UBO"
        }, {
          "id" : "BT-512-UBO",
          "contentType" : "field",
          "displayType" : "TEXTAREA",
          "description" : "Post Code",
          "_label" : "field|name|BT-512-UBO"
        }, {
          "id" : "BT-513-UBO",
          "contentType" : "field",
          "displayType" : "TEXTAREA",
          "description" : "City",
          "_label" : "field|name|BT-513-UBO"
        }, {
          "id" : "BT-514-UBO",
          "contentType" : "field",
          "displayType" : "COMBOBOX",
          "description" : "Country Code",
          "_label" : "field|name|BT-514-UBO"
        }, {
          "id" : "GR-UBO-Winner",
          "contentType" : "group",
          "nodeId" : "ND-UBONationality",
          "displayType" : "GROUP",
          "description" : "UBO nationality",
          "_label" : "group|name|ND-UBONationality",
          "_repeatable" : true,
          "content" : [ {
            "id" : "BT-706-UBO",
            "contentType" : "field",
            "displayType" : "COMBOBOX",
            "description" : "Winner Owner Nationality",
            "_label" : "field|name|BT-706-UBO"
          } ]
        } ]
      } ]
    } ]
  } ]
}