{
	"AU": {
		"efx": "{ND-Root} ${for text:$v1 in ('BUL','SPA','CES','DAN','DEU','EST','ELL','ENG','FRA','GLE','HRV','ITA','LAV','LIT','HUN','MLT','NLD','POL','POR','RON','SLK','SLV','FIN','SWE') return /BT-500-Organization-Company[BT-500-Organization-Company[OPT-200-Organization-Company == OPT-300-Procedure-Buyer]/@languageID == $v1]}",
		"comment": "Buyer name"
	},
	"BI": {
		"efx": "{ND-Root} ${/BT-501-Organization-Company[OPT-200-Organization-Company == OPT-300-Procedure-Buyer]}",
		"comment": "Buyer registration number"
	},
	"corporate-body": {
		"efx": "{ND-Root} ${/BT-501-Organization-Company[OPT-200-Organization-Company == OPT-300-Procedure-Buyer]}",
		"comment": "corporate body (type of buyer)"
	},
	"CY": {
		"efx": "{ND-Root} ${value-union(value-union(/BT-514-Organization-Company[OPT-200-Organization-Company == OPT-300-Procedure-Buyer], /OPP-112-Business), /BT-514-Business)}",
		"comment": "Buyer country or Place of registration(Country) or Country"
	},
	"TW": {
		"efx": "{ND-Root} ${/BT-513-Organization-Company[OPT-200-Organization-Company == OPT-300-Procedure-Buyer]}",
		"comment": "Buyer city"
	},
	"IA": {
		"efx": "{ND-Root} ${/BT-505-Organization-Company[OPT-200-Organization-Company == OPT-300-Procedure-Buyer]}",
		"comment": "Buyer internet address"
	},
	"AA": {
		"efx": "{ND-Root} ${/BT-11-Procedure-Buyer}",
		"comment": "Type of buyer"
	},
	"award-criterion": {
		"efx": "{ND-Root} ${value-union(/BT-539-LotsGroup, /BT-539-Lot)}",
		"comment": "award criterion"
	},
	"DD": {
		"efx": "{ND-Root} ${value-union(/BT-13(d)-Part, /BT-13(d)-Lot)}",
		"comment": "Deadline for requests for documents"
	},
	"DI": {
		"efx": "{ND-Root} ${/BT-01-notice}",
		"comment": "legal basis"
	},
	"DS": {
		"efx": "{ND-Root} ${/BT-05(a)-notice}",
		"comment": "Dispatch date"
	},
	"DT": {
		"efx": "{ND-Root} ${value-union(value-union(/BT-131(d)-Lot, /BT-1311(d)-Lot), /BT-630(d)-Lot)}",
		"comment": "Deadline for submission date"
	},
	"funding": {
		"efx": "{ND-Root} ${value-union(value-union(value-union(/BT-22-Procedure, /BT-22-Part), /BT-22-Lot), /BT-22-LotsGroup)}",
		"comment": "Funding"
	},
	"MA": {
		"efx": "{ND-Root} ${value-union(/BT-10-Procedure-Buyer, /BT-610-Procedure-Buyer)}",
		"comment": "Main activity"
	},
	"NC": {
		"efx": "{ND-Root} ${value-union(value-union(/BT-23-Procedure, /BT-23-Part), /BT-23-Lot)}",
		"comment": "Type of contract"
	},
	"ND": {
		"efx": "{ND-Root} ${/OPP-010-notice}",
		"comment": "Notice publication number"
	},
	"NL": {
		"efx": "{ND-Root} ${count(/BT-137-Part) + count(/BT-137-Lot) }",
		"comment": "Number of lots"
	},
	"notice-type": {
		"efx": "{ND-Root} ${/BT-02-notice}",
		"comment": "notice-type"
	},
	"OJ": {
		"efx": "{ND-Root} ${/OPP-011-notice}",
		"comment": "(OJ) OJ S Issue number"
	},
	"OL": {
		"efx": "{ND-Root} ${value-union(/BT-702(a)-notice, /BT-702(b)-notice)}",
		"comment": "(OL) Original language"
	},
	"OPP-090-Procedure": {
		"efx": "{ND-Root} ${/OPP-090-Procedure}",
		"comment": "Previous Notice Identifier - used to to identify a TED-schema notice in the absence of the procedure identifier"
	},
	"PC": {
		"efx": "{ND-Root} ${value-union(value-union(value-union(value-union(value-union(/BT-262-Procedure, /BT-263-Procedure), /BT-262-Lot), /BT-262-Part), /BT-263-Lot), /BT-263-Part)}",
		"comment": "(PC) Common procurement vocabulary (CPV)"
	},
	"PCMain": {
		"efx": "{ND-Root} ${/BT-262-Procedure}",
		"comment": "Common procurement vocabulary (CPV) – Main only"
	},
	"PD": {
		"efx": "{ND-Root} ${/OPP-012-notice}",
		"comment": "(PD) Publication date"
	},
	"PR": {
		"efx": "{ND-Root} ${/BT-105-Procedure}",
		"comment": "Type of procedure"
	},
	"BT5071": {
		"efx": "{ND-Root} ${value-union(value-union(/BT-5071-Procedure, /BT-5071-Part), /BT-5071-Lot)}",
		"comment": "Place of performance"
	},
	"BT5141": {
		"efx": "{ND-Root} ${value-union(value-union(/BT-5141-Procedure, /BT-5141-Part), /BT-5141-Lot)}",
		"comment": "Place of performance"
	},
	"BT727": {
		"efx": "{ND-Root} ${value-union(value-union(/BT-727-Procedure, /BT-727-Part), /BT-727-Lot)}",
		"comment": "Place of performance"
	},
	"BT04": {
		"efx": "{ND-Root} ${/BT-04-notice}",
		"comment": "Procedure Identifier"
	},
	"BT758": {
		"efx": "{ND-Root} ${/BT-758-notice}",
		"comment": "Change Notice Version Identifier"
	},
	"BT125i": {
		"efx": "{ND-Root} ${/BT-125(i)-Lot}",
		"comment": "Previous Planning Identifier"
	},
	"BT-1501-n": {
		"efx": "{ND-Root} ${/BT-1501(n)-Contract}",
		"comment": "Modification Previous Notice Identifier"
	},
	"SUB_LG": {
		"efx": "{ND-Root} ${/BT-97-Lot}",
		"comment": "Languages in which tenders may be submitted"
	},
	"TI-Title": {
		"efx": "{ND-Root} ${/BT-21-Procedure[BT-21-Procedure/@languageID is not empty]}",
		"comment": "(TI) Title (Title of the document)"
	},
	"TI-CPV": {
		"efx": "{ND-Root} ${/BT-262-Procedure}",
		"comment": "(TI) Title (Title of the document)"
	},
	"TVE": {
		"efx": "{ND-Root} ${value-union(value-union(/BT-27-Procedure, /BT-161-NoticeResult), /BT-118-NoticeResult)}",
		"comment": "(TV) Total value of the procurement"
	},
	"TVEC": {
		"efx": "{ND-Root} ${value-union(value-union(/BT-27-Procedure-Currency, /BT-161-NoticeResult-Currency), /BT-118-NoticeResult-Currency)}",
		"comment": "(TV_CUR) Currency of the estimated/total value of the procurement"
	},
	"TVL": {
		"efx": "{ND-Root} ${/BT-710-LotResult}",
		"comment": "(TVL) Tender Value Lowest"
	},
	"TVLC": {
		"efx": "{ND-Root} ${/BT-710-LotResult/@currencyID}",
		"comment": "(TVLC) Currency of the Tender Value Lowest"
	},
	"TVH": {
		"efx": "{ND-Root}  ${/BT-711-LotResult}",
		"comment": "(TVL) Tender Value Highest"
	},
	"TVHC": {
		"efx": "{ND-Root} ${/BT-711-LotResult/@currencyID}",
		"comment": "(TVHC) Currency of the Tender Value Lowest"
	},
	"notice-identifier": {
		"efx": "{ND-Root} ${/BT-701-notice}",
		"comment": "Notice Identifier"
	},
	"notice-version": {
		"efx": "{ND-Root} ${/BT-757-notice}",
		"comment": "Notice Version"
	},
	"notice-subtypecode": {
		"efx": "{ND-Root} ${/OPP-070-notice}",
		"comment": "notice-sub-type-code"
	},
	"BT537": {
		"efx": "{ND-Root} ${/BT-537-Lot}",
		"comment": "Duration end date (BT-537-Lot) - used to compute the non-active notice date"
	},
	"BT36": {
		"efx": "{ND-Root} ${/BT-36-Lot}",
		"comment": "Duration period (BT-36-Lot) - used to compute the non-active notice date"
	},
	"BT538": {
		"efx": "{ND-Root} ${/BT-538-Lot}",
		"comment": "Duration period (BT-538-Lot) - used to compute the non-active notice date"
	},
	"BT140": {
		"efx": "{ND-Root} ${/BT-140-notice}",
		"comment": "Change reason code (BT-140-notice) - used to compute the non-active notice date"
	},
	"BT131": {
		"efx": "{ND-Root} ${/BT-131(d)-Lot}",
		"comment": "Deadline Deadline Receipt Tenders (BT-131(d)-Lot) - used to compute the non-active notice date"
	},
	"BT630": {
	"efx": "{ND-Root} ${/BT-630(d)-Lot}",
	"comment": "Deadline Deadline Receipt Expressions (BT-630(d)-Lot) - used to compute the non-active notice date"
	},
	"BT762": {
		"efx": "{ND-Root} ${for text:$v1 in ('BUL','SPA','CES','DAN','DEU','EST','ELL','ENG','FRA','GLE','HRV','ITA','LAV','LIT','HUN','MLT','NLD','POL','POR','RON','SLK','SLV','FIN','SWE') return /BT-762-notice/@languageID == $v1}",
		"comment": "Change Reason Description (BT-762-notice) - nullification of the notices"
	}
}
