<?xml version="1.0" encoding="UTF-8"?>
<n1:ProofOfReexportation xmlns:cbc="urn:X-test:UBL:TSC:CommonBasic" xmlns:cac="urn:X-test:UBL:TSC:CommonAggregate" xmlns:n1="urn:X-test:UBL:TSC:ProofOfReexportation" xmlns:xsi="http://www.w3.org/2001/XMLSchema-instance" xsi:schemaLocation="urn:X-test:UBL:TSC:ProofOfReexportation file:///C:/Users/plb12/Downloads/artefacts-ubl-2.3-TSC-tsc04-20190318-2000z/artefacts-ubl-2.3-TSC-tsc04-20190318-2000z/xsdrt/maindoc/UBL-ProofOfReexportation-2.3-TSC.xsd">
	<cbc:ID>23424244</cbc:ID>
	<cbc:IssueDate>2019-05-08</cbc:IssueDate>
	<cac:ImportingGuarantorParty>
		<cac:PartyName>
			<cbc:Name>Deutscher Industrie- und Handelskammertag e.V.</cbc:Name>
		</cac:PartyName>
		<cac:PostalAddress>
			<cbc:StreetName>Breite Straße</cbc:StreetName>
			<cbc:BuildingNumber>29</cbc:BuildingNumber>
			<cbc:CityName>Berlin</cbc:CityName>
			<cbc:PostalZone>10178</cbc:PostalZone>
			<cac:Country>
				<cbc:IdentificationCode>DE</cbc:IdentificationCode>
			</cac:Country>
		</cac:PostalAddress>
		<cac:PartyLegalEntity>
			<cbc:CompanyID>DE122125278</cbc:CompanyID>
		</cac:PartyLegalEntity>
	</cac:ImportingGuarantorParty>
	<cac:ExportingGuarantorParty>
		<cac:PartyName>
			<cbc:Name>Dansk Erhverv</cbc:Name>
		</cac:PartyName>
		<cac:PostalAddress>
			<cbc:StreetName>Slotsholmsgade</cbc:StreetName>
			<cbc:BuildingNumber>1</cbc:BuildingNumber>
			<cbc:CityName>København K</cbc:CityName>
			<cbc:PostalZone>1216</cbc:PostalZone>
			<cac:Country>
				<cbc:IdentificationCode>DK</cbc:IdentificationCode>
			</cac:Country>
		</cac:PostalAddress>
		<cac:PartyLegalEntity>
			<cbc:CompanyID>DK43232010</cbc:CompanyID>
		</cac:PartyLegalEntity>
	</cac:ExportingGuarantorParty>
	<cac:GoodsItemPassportCounterfoil>
		<cbc:ID>645634567</cbc:ID>
		<cac:CustomsOfficeLocation>
			<cbc:Name>Heiligenhafen</cbc:Name>
		</cac:CustomsOfficeLocation>
		<cac:VoucherDocumentReference>
			<cbc:ID>5234533222</cbc:ID>
		</cac:VoucherDocumentReference>		
	</cac:GoodsItemPassportCounterfoil>
	<cac:GoodsItemPassportCounterfoil>
		<cbc:ID>634563324</cbc:ID>
		<cac:CustomsOfficeLocation>
			<cbc:Name>Bietingen</cbc:Name>
		</cac:CustomsOfficeLocation>
		<cac:VoucherDocumentReference>
			<cbc:ID>52345423423</cbc:ID>
		</cac:VoucherDocumentReference>
	</cac:GoodsItemPassportCounterfoil>
</n1:ProofOfReexportation>
