<?xml version="1.0" encoding="UTF-8"?>
<ExceptionNotification xmlns="urn:oasis:names:specification:ubl:schema:xsd:ExceptionNotification-2"
	xmlns:cac="urn:oasis:names:specification:ubl:schema:xsd:CommonAggregateComponents-2"
	xmlns:cbc="urn:oasis:names:specification:ubl:schema:xsd:CommonBasicComponents-2">
	<cbc:UBLVersionID>2.1</cbc:UBLVersionID>
	<cbc:ProfileID>bpid:urn:oasis:names:draft:bpss:ubl-2-1-cpfr-exception-notification-draft</cbc:ProfileID>
	<cbc:ID>EN758494</cbc:ID>
	<cbc:CopyIndicator>false</cbc:CopyIndicator>
	<cbc:UUID>349ABBAE-DF9D-40B4-849F-94C5FF9D1AF4</cbc:UUID>
	<cbc:IssueDate>2010-04-26</cbc:IssueDate>
	<cbc:IssueTime>12:00:01.000Z</cbc:IssueTime>
	<cbc:Note>sample</cbc:Note>
	<cac:ExceptionObservationPeriod>
		<cbc:StartDate>2010-03-26</cbc:StartDate>
		<cbc:EndDate>2010-04-26</cbc:EndDate>
	</cac:ExceptionObservationPeriod>
	<cac:SenderParty>
		<cac:PartyIdentification>
			<cbc:ID>6903148000007</cbc:ID>
		</cac:PartyIdentification>
		<cac:PartyName>
			<cbc:Name>Consortial</cbc:Name>
		</cac:PartyName>
		<cac:PostalAddress>
			<cbc:StreetName>Busy Street</cbc:StreetName>
			<cbc:BuildingName>Thereabouts</cbc:BuildingName>
			<cbc:BuildingNumber>56A</cbc:BuildingNumber>
			<cbc:CityName>Farthing</cbc:CityName>
			<cbc:PostalZone>AA99 1BB</cbc:PostalZone>
			<cbc:CountrySubentity>Heremouthshire</cbc:CountrySubentity>
			<cac:AddressLine>
				<cbc:Line>The Roundabout</cbc:Line>
			</cac:AddressLine>
			<cac:Country>
				<cbc:IdentificationCode>GB</cbc:IdentificationCode>
			</cac:Country>
		</cac:PostalAddress>
		<cac:PartyTaxScheme>
			<cbc:RegistrationName>Farthing Purchasing Consortium</cbc:RegistrationName>
			<cbc:CompanyID>175 269 2355</cbc:CompanyID>
			<cbc:ExemptionReason>N/A</cbc:ExemptionReason>
			<cac:TaxScheme>
				<cbc:ID>VAT</cbc:ID>
				<cbc:TaxTypeCode>VAT</cbc:TaxTypeCode>
			</cac:TaxScheme>
		</cac:PartyTaxScheme>
		<cac:Contact>
			<cbc:Name>Mrs Bouquet</cbc:Name>
			<cbc:Telephone>0158 1233714</cbc:Telephone>
			<cbc:Telefax>0158 1233856</cbc:Telefax>
			<cbc:ElectronicMail>bouquet@fpconsortial.co.uk</cbc:ElectronicMail>
		</cac:Contact>
	</cac:SenderParty>
	<cac:ReceiverParty>
		<cac:PartyIdentification>
			<cbc:ID>2203148000007</cbc:ID>
		</cac:PartyIdentification>
		<cac:PartyName>
			<cbc:Name>IYT Corporation</cbc:Name>
		</cac:PartyName>
		<cac:PostalAddress>
			<cbc:StreetName>Avon Way</cbc:StreetName>
			<cbc:BuildingName>Thereabouts</cbc:BuildingName>
			<cbc:BuildingNumber>56A</cbc:BuildingNumber>
			<cbc:CityName>Bridgtow</cbc:CityName>
			<cbc:PostalZone>ZZ99 1ZZ</cbc:PostalZone>
			<cbc:CountrySubentity>Avon</cbc:CountrySubentity>
			<cac:AddressLine>
				<cbc:Line>3rd Floor, Room 5</cbc:Line>
			</cac:AddressLine>
			<cac:Country>
				<cbc:IdentificationCode>GB</cbc:IdentificationCode>
			</cac:Country>
		</cac:PostalAddress>
		<cac:PartyTaxScheme>
			<cbc:RegistrationName>Bridgtow District Council</cbc:RegistrationName>
			<cbc:CompanyID>12356478</cbc:CompanyID>
			<cbc:ExemptionReason>Local Authority</cbc:ExemptionReason>
			<cac:TaxScheme>
				<cbc:ID>UK VAT</cbc:ID>
				<cbc:TaxTypeCode>VAT</cbc:TaxTypeCode>
			</cac:TaxScheme>
		</cac:PartyTaxScheme>
		<cac:Contact>
			<cbc:Name>Mr Fred Churchill</cbc:Name>
			<cbc:Telephone>0127 2653214</cbc:Telephone>
			<cbc:Telefax>0127 2653215</cbc:Telefax>
			<cbc:ElectronicMail>fred@iytcorporation.gov.uk</cbc:ElectronicMail>
		</cac:Contact>
	</cac:ReceiverParty>
	<cac:BuyerCustomerParty>
		<cac:Party>
			<cac:PartyIdentification>
				<cbc:ID>0012345000359</cbc:ID>
			</cac:PartyIdentification>
		</cac:Party>
	</cac:BuyerCustomerParty>
	<cac:SellerSupplierParty>
		<cac:Party>
			<cac:PartyIdentification>
				<cbc:ID>0012345000058</cbc:ID>
			</cac:PartyIdentification>
		</cac:Party>
	</cac:SellerSupplierParty>
	<cac:ExceptionNotificationLine>
		<cbc:ID>exceptionNotificationLineID</cbc:ID>
		<cbc:ExceptionStatusCode>NEW</cbc:ExceptionStatusCode>
		<cbc:CollaborationPriorityCode>HIGH</cbc:CollaborationPriorityCode>
		<cbc:ResolutionCode>LOCAL_INTERPOLATED_VALUE</cbc:ResolutionCode>
		<cbc:ComparedValueMeasure unitCode="KGM">2</cbc:ComparedValueMeasure>
		<cbc:SourceValueMeasure unitCode="KGM">2.1</cbc:SourceValueMeasure>
		<cbc:VarianceQuantity unitCode="KGM">20</cbc:VarianceQuantity>
		<cac:ExceptionObservationPeriod>
			<cbc:StartDate>2010-03-26</cbc:StartDate>
			<cbc:EndDate>2010-04-10</cbc:EndDate>
		</cac:ExceptionObservationPeriod>
		<cac:ForecastException>
			<cbc:ForecastPurposeCode>ORDER_FORECAST</cbc:ForecastPurposeCode>
			<cbc:ForecastTypeCode>TOTAL</cbc:ForecastTypeCode>
			<cbc:IssueDate>2010-04-17</cbc:IssueDate>
			<cbc:IssueTime>10:00:00.000Z</cbc:IssueTime>
			<cbc:DataSourceCode>BUYER</cbc:DataSourceCode>
		</cac:ForecastException>
		<cac:SupplyItem>
			<cbc:Description>Acme beeswax</cbc:Description>
			<cbc:Name>beeswax</cbc:Name>
			<cac:BuyersItemIdentification>
				<cbc:ID>6578489</cbc:ID>
			</cac:BuyersItemIdentification>
			<cac:SellersItemIdentification>
				<cbc:ID>17589683</cbc:ID>
			</cac:SellersItemIdentification>
			<cac:StandardItemIdentification>
				<cbc:ID>00123450000584</cbc:ID>
			</cac:StandardItemIdentification>
		</cac:SupplyItem>
	</cac:ExceptionNotificationLine>
</ExceptionNotification>
