{
  "schematrons" : [ {
    "name" : "complete-validation",
    "type" : "dynamic",
    "filename" : "dynamic/complete-validation.sch"
  }, {
    "name" : "config",
    "type" : "dynamic",
    "filename" : "dynamic/config.sch"
  }, {
    "name" : "validation-stage-1a",
    "type" : "dynamic",
    "stage" : "1a",
    "filename" : "dynamic/validation-stage-1a.sch"
  }, {
    "name" : "validation-stage-1b-1",
    "type" : "dynamic",
    "stage" : "1b",
    "filename" : "dynamic/validation-stage-1b-1.sch"
  }, {
    "name" : "validation-stage-1b-10",
    "type" : "dynamic",
    "stage" : "1b",
    "filename" : "dynamic/validation-stage-1b-10.sch"
  }, {
    "name" : "validation-stage-1b-11",
    "type" : "dynamic",
    "stage" : "1b",
    "filename" : "dynamic/validation-stage-1b-11.sch"
  }, {
    "name" : "validation-stage-1b-12",
    "type" : "dynamic",
    "stage" : "1b",
    "filename" : "dynamic/validation-stage-1b-12.sch"
  }, {
    "name" : "validation-stage-1b-13",
    "type" : "dynamic",
    "stage" : "1b",
    "filename" : "dynamic/validation-stage-1b-13.sch"
  }, {
    "name" : "validation-stage-1b-14",
    "type" : "dynamic",
    "stage" : "1b",
    "filename" : "dynamic/validation-stage-1b-14.sch"
  }, {
    "name" : "validation-stage-1b-15",
    "type" : "dynamic",
    "stage" : "1b",
    "filename" : "dynamic/validation-stage-1b-15.sch"
  }, {
    "name" : "validation-stage-1b-16",
    "type" : "dynamic",
    "stage" : "1b",
    "filename" : "dynamic/validation-stage-1b-16.sch"
  }, {
    "name" : "validation-stage-1b-17",
    "type" : "dynamic",
    "stage" : "1b",
    "filename" : "dynamic/validation-stage-1b-17.sch"
  }, {
    "name" : "validation-stage-1b-18",
    "type" : "dynamic",
    "stage" : "1b",
    "filename" : "dynamic/validation-stage-1b-18.sch"
  }, {
    "name" : "validation-stage-1b-19",
    "type" : "dynamic",
    "stage" : "1b",
    "filename" : "dynamic/validation-stage-1b-19.sch"
  }, {
    "name" : "validation-stage-1b-2",
    "type" : "dynamic",
    "stage" : "1b",
    "filename" : "dynamic/validation-stage-1b-2.sch"
  }, {
    "name" : "validation-stage-1b-20",
    "type" : "dynamic",
    "stage" : "1b",
    "filename" : "dynamic/validation-stage-1b-20.sch"
  }, {
    "name" : "validation-stage-1b-21",
    "type" : "dynamic",
    "stage" : "1b",
    "filename" : "dynamic/validation-stage-1b-21.sch"
  }, {
    "name" : "validation-stage-1b-22",
    "type" : "dynamic",
    "stage" : "1b",
    "filename" : "dynamic/validation-stage-1b-22.sch"
  }, {
    "name" : "validation-stage-1b-23",
    "type" : "dynamic",
    "stage" : "1b",
    "filename" : "dynamic/validation-stage-1b-23.sch"
  }, {
    "name" : "validation-stage-1b-24",
    "type" : "dynamic",
    "stage" : "1b",
    "filename" : "dynamic/validation-stage-1b-24.sch"
  }, {
    "name" : "validation-stage-1b-25",
    "type" : "dynamic",
    "stage" : "1b",
    "filename" : "dynamic/validation-stage-1b-25.sch"
  }, {
    "name" : "validation-stage-1b-26",
    "type" : "dynamic",
    "stage" : "1b",
    "filename" : "dynamic/validation-stage-1b-26.sch"
  }, {
    "name" : "validation-stage-1b-27",
    "type" : "dynamic",
    "stage" : "1b",
    "filename" : "dynamic/validation-stage-1b-27.sch"
  }, {
    "name" : "validation-stage-1b-28",
    "type" : "dynamic",
    "stage" : "1b",
    "filename" : "dynamic/validation-stage-1b-28.sch"
  }, {
    "name" : "validation-stage-1b-29",
    "type" : "dynamic",
    "stage" : "1b",
    "filename" : "dynamic/validation-stage-1b-29.sch"
  }, {
    "name" : "validation-stage-1b-3",
    "type" : "dynamic",
    "stage" : "1b",
    "filename" : "dynamic/validation-stage-1b-3.sch"
  }, {
    "name" : "validation-stage-1b-30",
    "type" : "dynamic",
    "stage" : "1b",
    "filename" : "dynamic/validation-stage-1b-30.sch"
  }, {
    "name" : "validation-stage-1b-31",
    "type" : "dynamic",
    "stage" : "1b",
    "filename" : "dynamic/validation-stage-1b-31.sch"
  }, {
    "name" : "validation-stage-1b-32",
    "type" : "dynamic",
    "stage" : "1b",
    "filename" : "dynamic/validation-stage-1b-32.sch"
  }, {
    "name" : "validation-stage-1b-33",
    "type" : "dynamic",
    "stage" : "1b",
    "filename" : "dynamic/validation-stage-1b-33.sch"
  }, {
    "name" : "validation-stage-1b-34",
    "type" : "dynamic",
    "stage" : "1b",
    "filename" : "dynamic/validation-stage-1b-34.sch"
  }, {
    "name" : "validation-stage-1b-35",
    "type" : "dynamic",
    "stage" : "1b",
    "filename" : "dynamic/validation-stage-1b-35.sch"
  }, {
    "name" : "validation-stage-1b-36",
    "type" : "dynamic",
    "stage" : "1b",
    "filename" : "dynamic/validation-stage-1b-36.sch"
  }, {
    "name" : "validation-stage-1b-37",
    "type" : "dynamic",
    "stage" : "1b",
    "filename" : "dynamic/validation-stage-1b-37.sch"
  }, {
    "name" : "validation-stage-1b-38",
    "type" : "dynamic",
    "stage" : "1b",
    "filename" : "dynamic/validation-stage-1b-38.sch"
  }, {
    "name" : "validation-stage-1b-39",
    "type" : "dynamic",
    "stage" : "1b",
    "filename" : "dynamic/validation-stage-1b-39.sch"
  }, {
    "name" : "validation-stage-1b-4",
    "type" : "dynamic",
    "stage" : "1b",
    "filename" : "dynamic/validation-stage-1b-4.sch"
  }, {
    "name" : "validation-stage-1b-40",
    "type" : "dynamic",
    "stage" : "1b",
    "filename" : "dynamic/validation-stage-1b-40.sch"
  }, {
    "name" : "validation-stage-1b-5",
    "type" : "dynamic",
    "stage" : "1b",
    "filename" : "dynamic/validation-stage-1b-5.sch"
  }, {
    "name" : "validation-stage-1b-6",
    "type" : "dynamic",
    "stage" : "1b",
    "filename" : "dynamic/validation-stage-1b-6.sch"
  }, {
    "name" : "validation-stage-1b-7",
    "type" : "dynamic",
    "stage" : "1b",
    "filename" : "dynamic/validation-stage-1b-7.sch"
  }, {
    "name" : "validation-stage-1b-8",
    "type" : "dynamic",
    "stage" : "1b",
    "filename" : "dynamic/validation-stage-1b-8.sch"
  }, {
    "name" : "validation-stage-1b-9",
    "type" : "dynamic",
    "stage" : "1b",
    "filename" : "dynamic/validation-stage-1b-9.sch"
  }, {
    "name" : "validation-stage-1b-CEI",
    "type" : "dynamic",
    "stage" : "1b",
    "filename" : "dynamic/validation-stage-1b-CEI.sch"
  }, {
    "name" : "validation-stage-1b-E1",
    "type" : "dynamic",
    "stage" : "1b",
    "filename" : "dynamic/validation-stage-1b-E1.sch"
  }, {
    "name" : "validation-stage-1b-E2",
    "type" : "dynamic",
    "stage" : "1b",
    "filename" : "dynamic/validation-stage-1b-E2.sch"
  }, {
    "name" : "validation-stage-1b-E3",
    "type" : "dynamic",
    "stage" : "1b",
    "filename" : "dynamic/validation-stage-1b-E3.sch"
  }, {
    "name" : "validation-stage-1b-E4",
    "type" : "dynamic",
    "stage" : "1b",
    "filename" : "dynamic/validation-stage-1b-E4.sch"
  }, {
    "name" : "validation-stage-1b-E5",
    "type" : "dynamic",
    "stage" : "1b",
    "filename" : "dynamic/validation-stage-1b-E5.sch"
  }, {
    "name" : "validation-stage-1b-E6",
    "type" : "dynamic",
    "stage" : "1b",
    "filename" : "dynamic/validation-stage-1b-E6.sch"
  }, {
    "name" : "validation-stage-1b-T01",
    "type" : "dynamic",
    "stage" : "1b",
    "filename" : "dynamic/validation-stage-1b-T01.sch"
  }, {
    "name" : "validation-stage-1b-T02",
    "type" : "dynamic",
    "stage" : "1b",
    "filename" : "dynamic/validation-stage-1b-T02.sch"
  }, {
    "name" : "validation-stage-1b-X01",
    "type" : "dynamic",
    "stage" : "1b",
    "filename" : "dynamic/validation-stage-1b-X01.sch"
  }, {
    "name" : "validation-stage-1b-X02",
    "type" : "dynamic",
    "stage" : "1b",
    "filename" : "dynamic/validation-stage-1b-X02.sch"
  }, {
    "name" : "validation-stage-2a-1",
    "type" : "dynamic",
    "stage" : "2a",
    "filename" : "dynamic/validation-stage-2a-1.sch"
  }, {
    "name" : "validation-stage-2a-10",
    "type" : "dynamic",
    "stage" : "2a",
    "filename" : "dynamic/validation-stage-2a-10.sch"
  }, {
    "name" : "validation-stage-2a-11",
    "type" : "dynamic",
    "stage" : "2a",
    "filename" : "dynamic/validation-stage-2a-11.sch"
  }, {
    "name" : "validation-stage-2a-12",
    "type" : "dynamic",
    "stage" : "2a",
    "filename" : "dynamic/validation-stage-2a-12.sch"
  }, {
    "name" : "validation-stage-2a-13",
    "type" : "dynamic",
    "stage" : "2a",
    "filename" : "dynamic/validation-stage-2a-13.sch"
  }, {
    "name" : "validation-stage-2a-14",
    "type" : "dynamic",
    "stage" : "2a",
    "filename" : "dynamic/validation-stage-2a-14.sch"
  }, {
    "name" : "validation-stage-2a-15",
    "type" : "dynamic",
    "stage" : "2a",
    "filename" : "dynamic/validation-stage-2a-15.sch"
  }, {
    "name" : "validation-stage-2a-16",
    "type" : "dynamic",
    "stage" : "2a",
    "filename" : "dynamic/validation-stage-2a-16.sch"
  }, {
    "name" : "validation-stage-2a-17",
    "type" : "dynamic",
    "stage" : "2a",
    "filename" : "dynamic/validation-stage-2a-17.sch"
  }, {
    "name" : "validation-stage-2a-18",
    "type" : "dynamic",
    "stage" : "2a",
    "filename" : "dynamic/validation-stage-2a-18.sch"
  }, {
    "name" : "validation-stage-2a-19",
    "type" : "dynamic",
    "stage" : "2a",
    "filename" : "dynamic/validation-stage-2a-19.sch"
  }, {
    "name" : "validation-stage-2a-2",
    "type" : "dynamic",
    "stage" : "2a",
    "filename" : "dynamic/validation-stage-2a-2.sch"
  }, {
    "name" : "validation-stage-2a-20",
    "type" : "dynamic",
    "stage" : "2a",
    "filename" : "dynamic/validation-stage-2a-20.sch"
  }, {
    "name" : "validation-stage-2a-21",
    "type" : "dynamic",
    "stage" : "2a",
    "filename" : "dynamic/validation-stage-2a-21.sch"
  }, {
    "name" : "validation-stage-2a-22",
    "type" : "dynamic",
    "stage" : "2a",
    "filename" : "dynamic/validation-stage-2a-22.sch"
  }, {
    "name" : "validation-stage-2a-23",
    "type" : "dynamic",
    "stage" : "2a",
    "filename" : "dynamic/validation-stage-2a-23.sch"
  }, {
    "name" : "validation-stage-2a-24",
    "type" : "dynamic",
    "stage" : "2a",
    "filename" : "dynamic/validation-stage-2a-24.sch"
  }, {
    "name" : "validation-stage-2a-25",
    "type" : "dynamic",
    "stage" : "2a",
    "filename" : "dynamic/validation-stage-2a-25.sch"
  }, {
    "name" : "validation-stage-2a-26",
    "type" : "dynamic",
    "stage" : "2a",
    "filename" : "dynamic/validation-stage-2a-26.sch"
  }, {
    "name" : "validation-stage-2a-27",
    "type" : "dynamic",
    "stage" : "2a",
    "filename" : "dynamic/validation-stage-2a-27.sch"
  }, {
    "name" : "validation-stage-2a-28",
    "type" : "dynamic",
    "stage" : "2a",
    "filename" : "dynamic/validation-stage-2a-28.sch"
  }, {
    "name" : "validation-stage-2a-29",
    "type" : "dynamic",
    "stage" : "2a",
    "filename" : "dynamic/validation-stage-2a-29.sch"
  }, {
    "name" : "validation-stage-2a-3",
    "type" : "dynamic",
    "stage" : "2a",
    "filename" : "dynamic/validation-stage-2a-3.sch"
  }, {
    "name" : "validation-stage-2a-30",
    "type" : "dynamic",
    "stage" : "2a",
    "filename" : "dynamic/validation-stage-2a-30.sch"
  }, {
    "name" : "validation-stage-2a-31",
    "type" : "dynamic",
    "stage" : "2a",
    "filename" : "dynamic/validation-stage-2a-31.sch"
  }, {
    "name" : "validation-stage-2a-32",
    "type" : "dynamic",
    "stage" : "2a",
    "filename" : "dynamic/validation-stage-2a-32.sch"
  }, {
    "name" : "validation-stage-2a-33",
    "type" : "dynamic",
    "stage" : "2a",
    "filename" : "dynamic/validation-stage-2a-33.sch"
  }, {
    "name" : "validation-stage-2a-34",
    "type" : "dynamic",
    "stage" : "2a",
    "filename" : "dynamic/validation-stage-2a-34.sch"
  }, {
    "name" : "validation-stage-2a-35",
    "type" : "dynamic",
    "stage" : "2a",
    "filename" : "dynamic/validation-stage-2a-35.sch"
  }, {
    "name" : "validation-stage-2a-36",
    "type" : "dynamic",
    "stage" : "2a",
    "filename" : "dynamic/validation-stage-2a-36.sch"
  }, {
    "name" : "validation-stage-2a-37",
    "type" : "dynamic",
    "stage" : "2a",
    "filename" : "dynamic/validation-stage-2a-37.sch"
  }, {
    "name" : "validation-stage-2a-38",
    "type" : "dynamic",
    "stage" : "2a",
    "filename" : "dynamic/validation-stage-2a-38.sch"
  }, {
    "name" : "validation-stage-2a-39",
    "type" : "dynamic",
    "stage" : "2a",
    "filename" : "dynamic/validation-stage-2a-39.sch"
  }, {
    "name" : "validation-stage-2a-4",
    "type" : "dynamic",
    "stage" : "2a",
    "filename" : "dynamic/validation-stage-2a-4.sch"
  }, {
    "name" : "validation-stage-2a-40",
    "type" : "dynamic",
    "stage" : "2a",
    "filename" : "dynamic/validation-stage-2a-40.sch"
  }, {
    "name" : "validation-stage-2a-5",
    "type" : "dynamic",
    "stage" : "2a",
    "filename" : "dynamic/validation-stage-2a-5.sch"
  }, {
    "name" : "validation-stage-2a-6",
    "type" : "dynamic",
    "stage" : "2a",
    "filename" : "dynamic/validation-stage-2a-6.sch"
  }, {
    "name" : "validation-stage-2a-7",
    "type" : "dynamic",
    "stage" : "2a",
    "filename" : "dynamic/validation-stage-2a-7.sch"
  }, {
    "name" : "validation-stage-2a-8",
    "type" : "dynamic",
    "stage" : "2a",
    "filename" : "dynamic/validation-stage-2a-8.sch"
  }, {
    "name" : "validation-stage-2a-9",
    "type" : "dynamic",
    "stage" : "2a",
    "filename" : "dynamic/validation-stage-2a-9.sch"
  }, {
    "name" : "validation-stage-2a-CEI",
    "type" : "dynamic",
    "stage" : "2a",
    "filename" : "dynamic/validation-stage-2a-CEI.sch"
  }, {
    "name" : "validation-stage-2a-E1",
    "type" : "dynamic",
    "stage" : "2a",
    "filename" : "dynamic/validation-stage-2a-E1.sch"
  }, {
    "name" : "validation-stage-2a-E2",
    "type" : "dynamic",
    "stage" : "2a",
    "filename" : "dynamic/validation-stage-2a-E2.sch"
  }, {
    "name" : "validation-stage-2a-E3",
    "type" : "dynamic",
    "stage" : "2a",
    "filename" : "dynamic/validation-stage-2a-E3.sch"
  }, {
    "name" : "validation-stage-2a-E4",
    "type" : "dynamic",
    "stage" : "2a",
    "filename" : "dynamic/validation-stage-2a-E4.sch"
  }, {
    "name" : "validation-stage-2a-E5",
    "type" : "dynamic",
    "stage" : "2a",
    "filename" : "dynamic/validation-stage-2a-E5.sch"
  }, {
    "name" : "validation-stage-2a-E6",
    "type" : "dynamic",
    "stage" : "2a",
    "filename" : "dynamic/validation-stage-2a-E6.sch"
  }, {
    "name" : "validation-stage-2a-T01",
    "type" : "dynamic",
    "stage" : "2a",
    "filename" : "dynamic/validation-stage-2a-T01.sch"
  }, {
    "name" : "validation-stage-2a-T02",
    "type" : "dynamic",
    "stage" : "2a",
    "filename" : "dynamic/validation-stage-2a-T02.sch"
  }, {
    "name" : "validation-stage-2a-X01",
    "type" : "dynamic",
    "stage" : "2a",
    "filename" : "dynamic/validation-stage-2a-X01.sch"
  }, {
    "name" : "validation-stage-2a-X02",
    "type" : "dynamic",
    "stage" : "2a",
    "filename" : "dynamic/validation-stage-2a-X02.sch"
  }, {
    "name" : "validation-stage-2b",
    "type" : "dynamic",
    "stage" : "2b",
    "filename" : "dynamic/validation-stage-2b.sch"
  }, {
    "name" : "validation-stage-3a",
    "type" : "dynamic",
    "stage" : "3a",
    "filename" : "dynamic/validation-stage-3a.sch"
  }, {
    "name" : "validation-stage-3b-1",
    "type" : "dynamic",
    "stage" : "3b",
    "filename" : "dynamic/validation-stage-3b-1.sch"
  }, {
    "name" : "validation-stage-3b-10",
    "type" : "dynamic",
    "stage" : "3b",
    "filename" : "dynamic/validation-stage-3b-10.sch"
  }, {
    "name" : "validation-stage-3b-11",
    "type" : "dynamic",
    "stage" : "3b",
    "filename" : "dynamic/validation-stage-3b-11.sch"
  }, {
    "name" : "validation-stage-3b-12",
    "type" : "dynamic",
    "stage" : "3b",
    "filename" : "dynamic/validation-stage-3b-12.sch"
  }, {
    "name" : "validation-stage-3b-13",
    "type" : "dynamic",
    "stage" : "3b",
    "filename" : "dynamic/validation-stage-3b-13.sch"
  }, {
    "name" : "validation-stage-3b-14",
    "type" : "dynamic",
    "stage" : "3b",
    "filename" : "dynamic/validation-stage-3b-14.sch"
  }, {
    "name" : "validation-stage-3b-15",
    "type" : "dynamic",
    "stage" : "3b",
    "filename" : "dynamic/validation-stage-3b-15.sch"
  }, {
    "name" : "validation-stage-3b-16",
    "type" : "dynamic",
    "stage" : "3b",
    "filename" : "dynamic/validation-stage-3b-16.sch"
  }, {
    "name" : "validation-stage-3b-17",
    "type" : "dynamic",
    "stage" : "3b",
    "filename" : "dynamic/validation-stage-3b-17.sch"
  }, {
    "name" : "validation-stage-3b-18",
    "type" : "dynamic",
    "stage" : "3b",
    "filename" : "dynamic/validation-stage-3b-18.sch"
  }, {
    "name" : "validation-stage-3b-19",
    "type" : "dynamic",
    "stage" : "3b",
    "filename" : "dynamic/validation-stage-3b-19.sch"
  }, {
    "name" : "validation-stage-3b-2",
    "type" : "dynamic",
    "stage" : "3b",
    "filename" : "dynamic/validation-stage-3b-2.sch"
  }, {
    "name" : "validation-stage-3b-20",
    "type" : "dynamic",
    "stage" : "3b",
    "filename" : "dynamic/validation-stage-3b-20.sch"
  }, {
    "name" : "validation-stage-3b-21",
    "type" : "dynamic",
    "stage" : "3b",
    "filename" : "dynamic/validation-stage-3b-21.sch"
  }, {
    "name" : "validation-stage-3b-22",
    "type" : "dynamic",
    "stage" : "3b",
    "filename" : "dynamic/validation-stage-3b-22.sch"
  }, {
    "name" : "validation-stage-3b-23",
    "type" : "dynamic",
    "stage" : "3b",
    "filename" : "dynamic/validation-stage-3b-23.sch"
  }, {
    "name" : "validation-stage-3b-24",
    "type" : "dynamic",
    "stage" : "3b",
    "filename" : "dynamic/validation-stage-3b-24.sch"
  }, {
    "name" : "validation-stage-3b-25",
    "type" : "dynamic",
    "stage" : "3b",
    "filename" : "dynamic/validation-stage-3b-25.sch"
  }, {
    "name" : "validation-stage-3b-26",
    "type" : "dynamic",
    "stage" : "3b",
    "filename" : "dynamic/validation-stage-3b-26.sch"
  }, {
    "name" : "validation-stage-3b-27",
    "type" : "dynamic",
    "stage" : "3b",
    "filename" : "dynamic/validation-stage-3b-27.sch"
  }, {
    "name" : "validation-stage-3b-28",
    "type" : "dynamic",
    "stage" : "3b",
    "filename" : "dynamic/validation-stage-3b-28.sch"
  }, {
    "name" : "validation-stage-3b-29",
    "type" : "dynamic",
    "stage" : "3b",
    "filename" : "dynamic/validation-stage-3b-29.sch"
  }, {
    "name" : "validation-stage-3b-3",
    "type" : "dynamic",
    "stage" : "3b",
    "filename" : "dynamic/validation-stage-3b-3.sch"
  }, {
    "name" : "validation-stage-3b-30",
    "type" : "dynamic",
    "stage" : "3b",
    "filename" : "dynamic/validation-stage-3b-30.sch"
  }, {
    "name" : "validation-stage-3b-31",
    "type" : "dynamic",
    "stage" : "3b",
    "filename" : "dynamic/validation-stage-3b-31.sch"
  }, {
    "name" : "validation-stage-3b-32",
    "type" : "dynamic",
    "stage" : "3b",
    "filename" : "dynamic/validation-stage-3b-32.sch"
  }, {
    "name" : "validation-stage-3b-33",
    "type" : "dynamic",
    "stage" : "3b",
    "filename" : "dynamic/validation-stage-3b-33.sch"
  }, {
    "name" : "validation-stage-3b-34",
    "type" : "dynamic",
    "stage" : "3b",
    "filename" : "dynamic/validation-stage-3b-34.sch"
  }, {
    "name" : "validation-stage-3b-35",
    "type" : "dynamic",
    "stage" : "3b",
    "filename" : "dynamic/validation-stage-3b-35.sch"
  }, {
    "name" : "validation-stage-3b-36",
    "type" : "dynamic",
    "stage" : "3b",
    "filename" : "dynamic/validation-stage-3b-36.sch"
  }, {
    "name" : "validation-stage-3b-37",
    "type" : "dynamic",
    "stage" : "3b",
    "filename" : "dynamic/validation-stage-3b-37.sch"
  }, {
    "name" : "validation-stage-3b-38",
    "type" : "dynamic",
    "stage" : "3b",
    "filename" : "dynamic/validation-stage-3b-38.sch"
  }, {
    "name" : "validation-stage-3b-39",
    "type" : "dynamic",
    "stage" : "3b",
    "filename" : "dynamic/validation-stage-3b-39.sch"
  }, {
    "name" : "validation-stage-3b-4",
    "type" : "dynamic",
    "stage" : "3b",
    "filename" : "dynamic/validation-stage-3b-4.sch"
  }, {
    "name" : "validation-stage-3b-40",
    "type" : "dynamic",
    "stage" : "3b",
    "filename" : "dynamic/validation-stage-3b-40.sch"
  }, {
    "name" : "validation-stage-3b-5",
    "type" : "dynamic",
    "stage" : "3b",
    "filename" : "dynamic/validation-stage-3b-5.sch"
  }, {
    "name" : "validation-stage-3b-6",
    "type" : "dynamic",
    "stage" : "3b",
    "filename" : "dynamic/validation-stage-3b-6.sch"
  }, {
    "name" : "validation-stage-3b-7",
    "type" : "dynamic",
    "stage" : "3b",
    "filename" : "dynamic/validation-stage-3b-7.sch"
  }, {
    "name" : "validation-stage-3b-8",
    "type" : "dynamic",
    "stage" : "3b",
    "filename" : "dynamic/validation-stage-3b-8.sch"
  }, {
    "name" : "validation-stage-3b-9",
    "type" : "dynamic",
    "stage" : "3b",
    "filename" : "dynamic/validation-stage-3b-9.sch"
  }, {
    "name" : "validation-stage-3b-CEI",
    "type" : "dynamic",
    "stage" : "3b",
    "filename" : "dynamic/validation-stage-3b-CEI.sch"
  }, {
    "name" : "validation-stage-3b-E1",
    "type" : "dynamic",
    "stage" : "3b",
    "filename" : "dynamic/validation-stage-3b-E1.sch"
  }, {
    "name" : "validation-stage-3b-E2",
    "type" : "dynamic",
    "stage" : "3b",
    "filename" : "dynamic/validation-stage-3b-E2.sch"
  }, {
    "name" : "validation-stage-3b-E3",
    "type" : "dynamic",
    "stage" : "3b",
    "filename" : "dynamic/validation-stage-3b-E3.sch"
  }, {
    "name" : "validation-stage-3b-E4",
    "type" : "dynamic",
    "stage" : "3b",
    "filename" : "dynamic/validation-stage-3b-E4.sch"
  }, {
    "name" : "validation-stage-3b-E5",
    "type" : "dynamic",
    "stage" : "3b",
    "filename" : "dynamic/validation-stage-3b-E5.sch"
  }, {
    "name" : "validation-stage-3b-E6",
    "type" : "dynamic",
    "stage" : "3b",
    "filename" : "dynamic/validation-stage-3b-E6.sch"
  }, {
    "name" : "validation-stage-3b-T01",
    "type" : "dynamic",
    "stage" : "3b",
    "filename" : "dynamic/validation-stage-3b-T01.sch"
  }, {
    "name" : "validation-stage-3b-T02",
    "type" : "dynamic",
    "stage" : "3b",
    "filename" : "dynamic/validation-stage-3b-T02.sch"
  }, {
    "name" : "validation-stage-3b-X01",
    "type" : "dynamic",
    "stage" : "3b",
    "filename" : "dynamic/validation-stage-3b-X01.sch"
  }, {
    "name" : "validation-stage-3b-X02",
    "type" : "dynamic",
    "stage" : "3b",
    "filename" : "dynamic/validation-stage-3b-X02.sch"
  }, {
    "name" : "validation-stage-3b",
    "type" : "dynamic",
    "stage" : "3b",
    "filename" : "dynamic/validation-stage-3b.sch"
  }, {
    "name" : "validation-stage-4-1",
    "type" : "dynamic",
    "stage" : "4",
    "filename" : "dynamic/validation-stage-4-1.sch"
  }, {
    "name" : "validation-stage-4-10",
    "type" : "dynamic",
    "stage" : "4",
    "filename" : "dynamic/validation-stage-4-10.sch"
  }, {
    "name" : "validation-stage-4-11",
    "type" : "dynamic",
    "stage" : "4",
    "filename" : "dynamic/validation-stage-4-11.sch"
  }, {
    "name" : "validation-stage-4-12",
    "type" : "dynamic",
    "stage" : "4",
    "filename" : "dynamic/validation-stage-4-12.sch"
  }, {
    "name" : "validation-stage-4-13",
    "type" : "dynamic",
    "stage" : "4",
    "filename" : "dynamic/validation-stage-4-13.sch"
  }, {
    "name" : "validation-stage-4-14",
    "type" : "dynamic",
    "stage" : "4",
    "filename" : "dynamic/validation-stage-4-14.sch"
  }, {
    "name" : "validation-stage-4-15",
    "type" : "dynamic",
    "stage" : "4",
    "filename" : "dynamic/validation-stage-4-15.sch"
  }, {
    "name" : "validation-stage-4-16",
    "type" : "dynamic",
    "stage" : "4",
    "filename" : "dynamic/validation-stage-4-16.sch"
  }, {
    "name" : "validation-stage-4-17",
    "type" : "dynamic",
    "stage" : "4",
    "filename" : "dynamic/validation-stage-4-17.sch"
  }, {
    "name" : "validation-stage-4-18",
    "type" : "dynamic",
    "stage" : "4",
    "filename" : "dynamic/validation-stage-4-18.sch"
  }, {
    "name" : "validation-stage-4-19",
    "type" : "dynamic",
    "stage" : "4",
    "filename" : "dynamic/validation-stage-4-19.sch"
  }, {
    "name" : "validation-stage-4-2",
    "type" : "dynamic",
    "stage" : "4",
    "filename" : "dynamic/validation-stage-4-2.sch"
  }, {
    "name" : "validation-stage-4-20",
    "type" : "dynamic",
    "stage" : "4",
    "filename" : "dynamic/validation-stage-4-20.sch"
  }, {
    "name" : "validation-stage-4-21",
    "type" : "dynamic",
    "stage" : "4",
    "filename" : "dynamic/validation-stage-4-21.sch"
  }, {
    "name" : "validation-stage-4-22",
    "type" : "dynamic",
    "stage" : "4",
    "filename" : "dynamic/validation-stage-4-22.sch"
  }, {
    "name" : "validation-stage-4-23",
    "type" : "dynamic",
    "stage" : "4",
    "filename" : "dynamic/validation-stage-4-23.sch"
  }, {
    "name" : "validation-stage-4-24",
    "type" : "dynamic",
    "stage" : "4",
    "filename" : "dynamic/validation-stage-4-24.sch"
  }, {
    "name" : "validation-stage-4-25",
    "type" : "dynamic",
    "stage" : "4",
    "filename" : "dynamic/validation-stage-4-25.sch"
  }, {
    "name" : "validation-stage-4-26",
    "type" : "dynamic",
    "stage" : "4",
    "filename" : "dynamic/validation-stage-4-26.sch"
  }, {
    "name" : "validation-stage-4-27",
    "type" : "dynamic",
    "stage" : "4",
    "filename" : "dynamic/validation-stage-4-27.sch"
  }, {
    "name" : "validation-stage-4-28",
    "type" : "dynamic",
    "stage" : "4",
    "filename" : "dynamic/validation-stage-4-28.sch"
  }, {
    "name" : "validation-stage-4-29",
    "type" : "dynamic",
    "stage" : "4",
    "filename" : "dynamic/validation-stage-4-29.sch"
  }, {
    "name" : "validation-stage-4-3",
    "type" : "dynamic",
    "stage" : "4",
    "filename" : "dynamic/validation-stage-4-3.sch"
  }, {
    "name" : "validation-stage-4-30",
    "type" : "dynamic",
    "stage" : "4",
    "filename" : "dynamic/validation-stage-4-30.sch"
  }, {
    "name" : "validation-stage-4-31",
    "type" : "dynamic",
    "stage" : "4",
    "filename" : "dynamic/validation-stage-4-31.sch"
  }, {
    "name" : "validation-stage-4-32",
    "type" : "dynamic",
    "stage" : "4",
    "filename" : "dynamic/validation-stage-4-32.sch"
  }, {
    "name" : "validation-stage-4-33",
    "type" : "dynamic",
    "stage" : "4",
    "filename" : "dynamic/validation-stage-4-33.sch"
  }, {
    "name" : "validation-stage-4-34",
    "type" : "dynamic",
    "stage" : "4",
    "filename" : "dynamic/validation-stage-4-34.sch"
  }, {
    "name" : "validation-stage-4-35",
    "type" : "dynamic",
    "stage" : "4",
    "filename" : "dynamic/validation-stage-4-35.sch"
  }, {
    "name" : "validation-stage-4-36",
    "type" : "dynamic",
    "stage" : "4",
    "filename" : "dynamic/validation-stage-4-36.sch"
  }, {
    "name" : "validation-stage-4-37",
    "type" : "dynamic",
    "stage" : "4",
    "filename" : "dynamic/validation-stage-4-37.sch"
  }, {
    "name" : "validation-stage-4-38",
    "type" : "dynamic",
    "stage" : "4",
    "filename" : "dynamic/validation-stage-4-38.sch"
  }, {
    "name" : "validation-stage-4-39",
    "type" : "dynamic",
    "stage" : "4",
    "filename" : "dynamic/validation-stage-4-39.sch"
  }, {
    "name" : "validation-stage-4-4",
    "type" : "dynamic",
    "stage" : "4",
    "filename" : "dynamic/validation-stage-4-4.sch"
  }, {
    "name" : "validation-stage-4-40",
    "type" : "dynamic",
    "stage" : "4",
    "filename" : "dynamic/validation-stage-4-40.sch"
  }, {
    "name" : "validation-stage-4-5",
    "type" : "dynamic",
    "stage" : "4",
    "filename" : "dynamic/validation-stage-4-5.sch"
  }, {
    "name" : "validation-stage-4-6",
    "type" : "dynamic",
    "stage" : "4",
    "filename" : "dynamic/validation-stage-4-6.sch"
  }, {
    "name" : "validation-stage-4-7",
    "type" : "dynamic",
    "stage" : "4",
    "filename" : "dynamic/validation-stage-4-7.sch"
  }, {
    "name" : "validation-stage-4-8",
    "type" : "dynamic",
    "stage" : "4",
    "filename" : "dynamic/validation-stage-4-8.sch"
  }, {
    "name" : "validation-stage-4-9",
    "type" : "dynamic",
    "stage" : "4",
    "filename" : "dynamic/validation-stage-4-9.sch"
  }, {
    "name" : "validation-stage-4-CEI",
    "type" : "dynamic",
    "stage" : "4",
    "filename" : "dynamic/validation-stage-4-CEI.sch"
  }, {
    "name" : "validation-stage-4-E1",
    "type" : "dynamic",
    "stage" : "4",
    "filename" : "dynamic/validation-stage-4-E1.sch"
  }, {
    "name" : "validation-stage-4-E2",
    "type" : "dynamic",
    "stage" : "4",
    "filename" : "dynamic/validation-stage-4-E2.sch"
  }, {
    "name" : "validation-stage-4-E3",
    "type" : "dynamic",
    "stage" : "4",
    "filename" : "dynamic/validation-stage-4-E3.sch"
  }, {
    "name" : "validation-stage-4-E4",
    "type" : "dynamic",
    "stage" : "4",
    "filename" : "dynamic/validation-stage-4-E4.sch"
  }, {
    "name" : "validation-stage-4-E5",
    "type" : "dynamic",
    "stage" : "4",
    "filename" : "dynamic/validation-stage-4-E5.sch"
  }, {
    "name" : "validation-stage-4-E6",
    "type" : "dynamic",
    "stage" : "4",
    "filename" : "dynamic/validation-stage-4-E6.sch"
  }, {
    "name" : "validation-stage-4-T01",
    "type" : "dynamic",
    "stage" : "4",
    "filename" : "dynamic/validation-stage-4-T01.sch"
  }, {
    "name" : "validation-stage-4-T02",
    "type" : "dynamic",
    "stage" : "4",
    "filename" : "dynamic/validation-stage-4-T02.sch"
  }, {
    "name" : "validation-stage-4-X01",
    "type" : "dynamic",
    "stage" : "4",
    "filename" : "dynamic/validation-stage-4-X01.sch"
  }, {
    "name" : "validation-stage-4-X02",
    "type" : "dynamic",
    "stage" : "4",
    "filename" : "dynamic/validation-stage-4-X02.sch"
  }, {
    "name" : "validation-stage-4m",
    "type" : "dynamic",
    "stage" : "4m",
    "filename" : "dynamic/validation-stage-4m.sch"
  }, {
    "name" : "validation-stage-5",
    "type" : "dynamic",
    "stage" : "5",
    "filename" : "dynamic/validation-stage-5.sch"
  }, {
    "name" : "validation-stage-5m",
    "type" : "dynamic",
    "stage" : "5m",
    "filename" : "dynamic/validation-stage-5m.sch"
  }, {
    "name" : "validation-stage-6a",
    "type" : "dynamic",
    "stage" : "6a",
    "filename" : "dynamic/validation-stage-6a.sch"
  }, {
    "name" : "validation-stage-6b",
    "type" : "dynamic",
    "stage" : "6b",
    "filename" : "dynamic/validation-stage-6b.sch"
  }, {
    "name" : "complete-validation",
    "type" : "static",
    "filename" : "static/complete-validation.sch"
  }, {
    "name" : "validation-stage-1a",
    "type" : "static",
    "stage" : "1a",
    "filename" : "static/validation-stage-1a.sch"
  }, {
    "name" : "validation-stage-1b-1",
    "type" : "static",
    "stage" : "1b",
    "filename" : "static/validation-stage-1b-1.sch"
  }, {
    "name" : "validation-stage-1b-10",
    "type" : "static",
    "stage" : "1b",
    "filename" : "static/validation-stage-1b-10.sch"
  }, {
    "name" : "validation-stage-1b-11",
    "type" : "static",
    "stage" : "1b",
    "filename" : "static/validation-stage-1b-11.sch"
  }, {
    "name" : "validation-stage-1b-12",
    "type" : "static",
    "stage" : "1b",
    "filename" : "static/validation-stage-1b-12.sch"
  }, {
    "name" : "validation-stage-1b-13",
    "type" : "static",
    "stage" : "1b",
    "filename" : "static/validation-stage-1b-13.sch"
  }, {
    "name" : "validation-stage-1b-14",
    "type" : "static",
    "stage" : "1b",
    "filename" : "static/validation-stage-1b-14.sch"
  }, {
    "name" : "validation-stage-1b-15",
    "type" : "static",
    "stage" : "1b",
    "filename" : "static/validation-stage-1b-15.sch"
  }, {
    "name" : "validation-stage-1b-16",
    "type" : "static",
    "stage" : "1b",
    "filename" : "static/validation-stage-1b-16.sch"
  }, {
    "name" : "validation-stage-1b-17",
    "type" : "static",
    "stage" : "1b",
    "filename" : "static/validation-stage-1b-17.sch"
  }, {
    "name" : "validation-stage-1b-18",
    "type" : "static",
    "stage" : "1b",
    "filename" : "static/validation-stage-1b-18.sch"
  }, {
    "name" : "validation-stage-1b-19",
    "type" : "static",
    "stage" : "1b",
    "filename" : "static/validation-stage-1b-19.sch"
  }, {
    "name" : "validation-stage-1b-2",
    "type" : "static",
    "stage" : "1b",
    "filename" : "static/validation-stage-1b-2.sch"
  }, {
    "name" : "validation-stage-1b-20",
    "type" : "static",
    "stage" : "1b",
    "filename" : "static/validation-stage-1b-20.sch"
  }, {
    "name" : "validation-stage-1b-21",
    "type" : "static",
    "stage" : "1b",
    "filename" : "static/validation-stage-1b-21.sch"
  }, {
    "name" : "validation-stage-1b-22",
    "type" : "static",
    "stage" : "1b",
    "filename" : "static/validation-stage-1b-22.sch"
  }, {
    "name" : "validation-stage-1b-23",
    "type" : "static",
    "stage" : "1b",
    "filename" : "static/validation-stage-1b-23.sch"
  }, {
    "name" : "validation-stage-1b-24",
    "type" : "static",
    "stage" : "1b",
    "filename" : "static/validation-stage-1b-24.sch"
  }, {
    "name" : "validation-stage-1b-25",
    "type" : "static",
    "stage" : "1b",
    "filename" : "static/validation-stage-1b-25.sch"
  }, {
    "name" : "validation-stage-1b-26",
    "type" : "static",
    "stage" : "1b",
    "filename" : "static/validation-stage-1b-26.sch"
  }, {
    "name" : "validation-stage-1b-27",
    "type" : "static",
    "stage" : "1b",
    "filename" : "static/validation-stage-1b-27.sch"
  }, {
    "name" : "validation-stage-1b-28",
    "type" : "static",
    "stage" : "1b",
    "filename" : "static/validation-stage-1b-28.sch"
  }, {
    "name" : "validation-stage-1b-29",
    "type" : "static",
    "stage" : "1b",
    "filename" : "static/validation-stage-1b-29.sch"
  }, {
    "name" : "validation-stage-1b-3",
    "type" : "static",
    "stage" : "1b",
    "filename" : "static/validation-stage-1b-3.sch"
  }, {
    "name" : "validation-stage-1b-30",
    "type" : "static",
    "stage" : "1b",
    "filename" : "static/validation-stage-1b-30.sch"
  }, {
    "name" : "validation-stage-1b-31",
    "type" : "static",
    "stage" : "1b",
    "filename" : "static/validation-stage-1b-31.sch"
  }, {
    "name" : "validation-stage-1b-32",
    "type" : "static",
    "stage" : "1b",
    "filename" : "static/validation-stage-1b-32.sch"
  }, {
    "name" : "validation-stage-1b-33",
    "type" : "static",
    "stage" : "1b",
    "filename" : "static/validation-stage-1b-33.sch"
  }, {
    "name" : "validation-stage-1b-34",
    "type" : "static",
    "stage" : "1b",
    "filename" : "static/validation-stage-1b-34.sch"
  }, {
    "name" : "validation-stage-1b-35",
    "type" : "static",
    "stage" : "1b",
    "filename" : "static/validation-stage-1b-35.sch"
  }, {
    "name" : "validation-stage-1b-36",
    "type" : "static",
    "stage" : "1b",
    "filename" : "static/validation-stage-1b-36.sch"
  }, {
    "name" : "validation-stage-1b-37",
    "type" : "static",
    "stage" : "1b",
    "filename" : "static/validation-stage-1b-37.sch"
  }, {
    "name" : "validation-stage-1b-38",
    "type" : "static",
    "stage" : "1b",
    "filename" : "static/validation-stage-1b-38.sch"
  }, {
    "name" : "validation-stage-1b-39",
    "type" : "static",
    "stage" : "1b",
    "filename" : "static/validation-stage-1b-39.sch"
  }, {
    "name" : "validation-stage-1b-4",
    "type" : "static",
    "stage" : "1b",
    "filename" : "static/validation-stage-1b-4.sch"
  }, {
    "name" : "validation-stage-1b-40",
    "type" : "static",
    "stage" : "1b",
    "filename" : "static/validation-stage-1b-40.sch"
  }, {
    "name" : "validation-stage-1b-5",
    "type" : "static",
    "stage" : "1b",
    "filename" : "static/validation-stage-1b-5.sch"
  }, {
    "name" : "validation-stage-1b-6",
    "type" : "static",
    "stage" : "1b",
    "filename" : "static/validation-stage-1b-6.sch"
  }, {
    "name" : "validation-stage-1b-7",
    "type" : "static",
    "stage" : "1b",
    "filename" : "static/validation-stage-1b-7.sch"
  }, {
    "name" : "validation-stage-1b-8",
    "type" : "static",
    "stage" : "1b",
    "filename" : "static/validation-stage-1b-8.sch"
  }, {
    "name" : "validation-stage-1b-9",
    "type" : "static",
    "stage" : "1b",
    "filename" : "static/validation-stage-1b-9.sch"
  }, {
    "name" : "validation-stage-1b-CEI",
    "type" : "static",
    "stage" : "1b",
    "filename" : "static/validation-stage-1b-CEI.sch"
  }, {
    "name" : "validation-stage-1b-E1",
    "type" : "static",
    "stage" : "1b",
    "filename" : "static/validation-stage-1b-E1.sch"
  }, {
    "name" : "validation-stage-1b-E2",
    "type" : "static",
    "stage" : "1b",
    "filename" : "static/validation-stage-1b-E2.sch"
  }, {
    "name" : "validation-stage-1b-E3",
    "type" : "static",
    "stage" : "1b",
    "filename" : "static/validation-stage-1b-E3.sch"
  }, {
    "name" : "validation-stage-1b-E4",
    "type" : "static",
    "stage" : "1b",
    "filename" : "static/validation-stage-1b-E4.sch"
  }, {
    "name" : "validation-stage-1b-E5",
    "type" : "static",
    "stage" : "1b",
    "filename" : "static/validation-stage-1b-E5.sch"
  }, {
    "name" : "validation-stage-1b-E6",
    "type" : "static",
    "stage" : "1b",
    "filename" : "static/validation-stage-1b-E6.sch"
  }, {
    "name" : "validation-stage-1b-T01",
    "type" : "static",
    "stage" : "1b",
    "filename" : "static/validation-stage-1b-T01.sch"
  }, {
    "name" : "validation-stage-1b-T02",
    "type" : "static",
    "stage" : "1b",
    "filename" : "static/validation-stage-1b-T02.sch"
  }, {
    "name" : "validation-stage-1b-X01",
    "type" : "static",
    "stage" : "1b",
    "filename" : "static/validation-stage-1b-X01.sch"
  }, {
    "name" : "validation-stage-1b-X02",
    "type" : "static",
    "stage" : "1b",
    "filename" : "static/validation-stage-1b-X02.sch"
  }, {
    "name" : "validation-stage-2a-1",
    "type" : "static",
    "stage" : "2a",
    "filename" : "static/validation-stage-2a-1.sch"
  }, {
    "name" : "validation-stage-2a-10",
    "type" : "static",
    "stage" : "2a",
    "filename" : "static/validation-stage-2a-10.sch"
  }, {
    "name" : "validation-stage-2a-11",
    "type" : "static",
    "stage" : "2a",
    "filename" : "static/validation-stage-2a-11.sch"
  }, {
    "name" : "validation-stage-2a-12",
    "type" : "static",
    "stage" : "2a",
    "filename" : "static/validation-stage-2a-12.sch"
  }, {
    "name" : "validation-stage-2a-13",
    "type" : "static",
    "stage" : "2a",
    "filename" : "static/validation-stage-2a-13.sch"
  }, {
    "name" : "validation-stage-2a-14",
    "type" : "static",
    "stage" : "2a",
    "filename" : "static/validation-stage-2a-14.sch"
  }, {
    "name" : "validation-stage-2a-15",
    "type" : "static",
    "stage" : "2a",
    "filename" : "static/validation-stage-2a-15.sch"
  }, {
    "name" : "validation-stage-2a-16",
    "type" : "static",
    "stage" : "2a",
    "filename" : "static/validation-stage-2a-16.sch"
  }, {
    "name" : "validation-stage-2a-17",
    "type" : "static",
    "stage" : "2a",
    "filename" : "static/validation-stage-2a-17.sch"
  }, {
    "name" : "validation-stage-2a-18",
    "type" : "static",
    "stage" : "2a",
    "filename" : "static/validation-stage-2a-18.sch"
  }, {
    "name" : "validation-stage-2a-19",
    "type" : "static",
    "stage" : "2a",
    "filename" : "static/validation-stage-2a-19.sch"
  }, {
    "name" : "validation-stage-2a-2",
    "type" : "static",
    "stage" : "2a",
    "filename" : "static/validation-stage-2a-2.sch"
  }, {
    "name" : "validation-stage-2a-20",
    "type" : "static",
    "stage" : "2a",
    "filename" : "static/validation-stage-2a-20.sch"
  }, {
    "name" : "validation-stage-2a-21",
    "type" : "static",
    "stage" : "2a",
    "filename" : "static/validation-stage-2a-21.sch"
  }, {
    "name" : "validation-stage-2a-22",
    "type" : "static",
    "stage" : "2a",
    "filename" : "static/validation-stage-2a-22.sch"
  }, {
    "name" : "validation-stage-2a-23",
    "type" : "static",
    "stage" : "2a",
    "filename" : "static/validation-stage-2a-23.sch"
  }, {
    "name" : "validation-stage-2a-24",
    "type" : "static",
    "stage" : "2a",
    "filename" : "static/validation-stage-2a-24.sch"
  }, {
    "name" : "validation-stage-2a-25",
    "type" : "static",
    "stage" : "2a",
    "filename" : "static/validation-stage-2a-25.sch"
  }, {
    "name" : "validation-stage-2a-26",
    "type" : "static",
    "stage" : "2a",
    "filename" : "static/validation-stage-2a-26.sch"
  }, {
    "name" : "validation-stage-2a-27",
    "type" : "static",
    "stage" : "2a",
    "filename" : "static/validation-stage-2a-27.sch"
  }, {
    "name" : "validation-stage-2a-28",
    "type" : "static",
    "stage" : "2a",
    "filename" : "static/validation-stage-2a-28.sch"
  }, {
    "name" : "validation-stage-2a-29",
    "type" : "static",
    "stage" : "2a",
    "filename" : "static/validation-stage-2a-29.sch"
  }, {
    "name" : "validation-stage-2a-3",
    "type" : "static",
    "stage" : "2a",
    "filename" : "static/validation-stage-2a-3.sch"
  }, {
    "name" : "validation-stage-2a-30",
    "type" : "static",
    "stage" : "2a",
    "filename" : "static/validation-stage-2a-30.sch"
  }, {
    "name" : "validation-stage-2a-31",
    "type" : "static",
    "stage" : "2a",
    "filename" : "static/validation-stage-2a-31.sch"
  }, {
    "name" : "validation-stage-2a-32",
    "type" : "static",
    "stage" : "2a",
    "filename" : "static/validation-stage-2a-32.sch"
  }, {
    "name" : "validation-stage-2a-33",
    "type" : "static",
    "stage" : "2a",
    "filename" : "static/validation-stage-2a-33.sch"
  }, {
    "name" : "validation-stage-2a-34",
    "type" : "static",
    "stage" : "2a",
    "filename" : "static/validation-stage-2a-34.sch"
  }, {
    "name" : "validation-stage-2a-35",
    "type" : "static",
    "stage" : "2a",
    "filename" : "static/validation-stage-2a-35.sch"
  }, {
    "name" : "validation-stage-2a-36",
    "type" : "static",
    "stage" : "2a",
    "filename" : "static/validation-stage-2a-36.sch"
  }, {
    "name" : "validation-stage-2a-37",
    "type" : "static",
    "stage" : "2a",
    "filename" : "static/validation-stage-2a-37.sch"
  }, {
    "name" : "validation-stage-2a-38",
    "type" : "static",
    "stage" : "2a",
    "filename" : "static/validation-stage-2a-38.sch"
  }, {
    "name" : "validation-stage-2a-39",
    "type" : "static",
    "stage" : "2a",
    "filename" : "static/validation-stage-2a-39.sch"
  }, {
    "name" : "validation-stage-2a-4",
    "type" : "static",
    "stage" : "2a",
    "filename" : "static/validation-stage-2a-4.sch"
  }, {
    "name" : "validation-stage-2a-40",
    "type" : "static",
    "stage" : "2a",
    "filename" : "static/validation-stage-2a-40.sch"
  }, {
    "name" : "validation-stage-2a-5",
    "type" : "static",
    "stage" : "2a",
    "filename" : "static/validation-stage-2a-5.sch"
  }, {
    "name" : "validation-stage-2a-6",
    "type" : "static",
    "stage" : "2a",
    "filename" : "static/validation-stage-2a-6.sch"
  }, {
    "name" : "validation-stage-2a-7",
    "type" : "static",
    "stage" : "2a",
    "filename" : "static/validation-stage-2a-7.sch"
  }, {
    "name" : "validation-stage-2a-8",
    "type" : "static",
    "stage" : "2a",
    "filename" : "static/validation-stage-2a-8.sch"
  }, {
    "name" : "validation-stage-2a-9",
    "type" : "static",
    "stage" : "2a",
    "filename" : "static/validation-stage-2a-9.sch"
  }, {
    "name" : "validation-stage-2a-CEI",
    "type" : "static",
    "stage" : "2a",
    "filename" : "static/validation-stage-2a-CEI.sch"
  }, {
    "name" : "validation-stage-2a-E1",
    "type" : "static",
    "stage" : "2a",
    "filename" : "static/validation-stage-2a-E1.sch"
  }, {
    "name" : "validation-stage-2a-E2",
    "type" : "static",
    "stage" : "2a",
    "filename" : "static/validation-stage-2a-E2.sch"
  }, {
    "name" : "validation-stage-2a-E3",
    "type" : "static",
    "stage" : "2a",
    "filename" : "static/validation-stage-2a-E3.sch"
  }, {
    "name" : "validation-stage-2a-E4",
    "type" : "static",
    "stage" : "2a",
    "filename" : "static/validation-stage-2a-E4.sch"
  }, {
    "name" : "validation-stage-2a-E5",
    "type" : "static",
    "stage" : "2a",
    "filename" : "static/validation-stage-2a-E5.sch"
  }, {
    "name" : "validation-stage-2a-E6",
    "type" : "static",
    "stage" : "2a",
    "filename" : "static/validation-stage-2a-E6.sch"
  }, {
    "name" : "validation-stage-2a-T01",
    "type" : "static",
    "stage" : "2a",
    "filename" : "static/validation-stage-2a-T01.sch"
  }, {
    "name" : "validation-stage-2a-T02",
    "type" : "static",
    "stage" : "2a",
    "filename" : "static/validation-stage-2a-T02.sch"
  }, {
    "name" : "validation-stage-2a-X01",
    "type" : "static",
    "stage" : "2a",
    "filename" : "static/validation-stage-2a-X01.sch"
  }, {
    "name" : "validation-stage-2a-X02",
    "type" : "static",
    "stage" : "2a",
    "filename" : "static/validation-stage-2a-X02.sch"
  }, {
    "name" : "validation-stage-2b",
    "type" : "static",
    "stage" : "2b",
    "filename" : "static/validation-stage-2b.sch"
  }, {
    "name" : "validation-stage-3a",
    "type" : "static",
    "stage" : "3a",
    "filename" : "static/validation-stage-3a.sch"
  }, {
    "name" : "validation-stage-3b-1",
    "type" : "static",
    "stage" : "3b",
    "filename" : "static/validation-stage-3b-1.sch"
  }, {
    "name" : "validation-stage-3b-10",
    "type" : "static",
    "stage" : "3b",
    "filename" : "static/validation-stage-3b-10.sch"
  }, {
    "name" : "validation-stage-3b-11",
    "type" : "static",
    "stage" : "3b",
    "filename" : "static/validation-stage-3b-11.sch"
  }, {
    "name" : "validation-stage-3b-12",
    "type" : "static",
    "stage" : "3b",
    "filename" : "static/validation-stage-3b-12.sch"
  }, {
    "name" : "validation-stage-3b-13",
    "type" : "static",
    "stage" : "3b",
    "filename" : "static/validation-stage-3b-13.sch"
  }, {
    "name" : "validation-stage-3b-14",
    "type" : "static",
    "stage" : "3b",
    "filename" : "static/validation-stage-3b-14.sch"
  }, {
    "name" : "validation-stage-3b-15",
    "type" : "static",
    "stage" : "3b",
    "filename" : "static/validation-stage-3b-15.sch"
  }, {
    "name" : "validation-stage-3b-16",
    "type" : "static",
    "stage" : "3b",
    "filename" : "static/validation-stage-3b-16.sch"
  }, {
    "name" : "validation-stage-3b-17",
    "type" : "static",
    "stage" : "3b",
    "filename" : "static/validation-stage-3b-17.sch"
  }, {
    "name" : "validation-stage-3b-18",
    "type" : "static",
    "stage" : "3b",
    "filename" : "static/validation-stage-3b-18.sch"
  }, {
    "name" : "validation-stage-3b-19",
    "type" : "static",
    "stage" : "3b",
    "filename" : "static/validation-stage-3b-19.sch"
  }, {
    "name" : "validation-stage-3b-2",
    "type" : "static",
    "stage" : "3b",
    "filename" : "static/validation-stage-3b-2.sch"
  }, {
    "name" : "validation-stage-3b-20",
    "type" : "static",
    "stage" : "3b",
    "filename" : "static/validation-stage-3b-20.sch"
  }, {
    "name" : "validation-stage-3b-21",
    "type" : "static",
    "stage" : "3b",
    "filename" : "static/validation-stage-3b-21.sch"
  }, {
    "name" : "validation-stage-3b-22",
    "type" : "static",
    "stage" : "3b",
    "filename" : "static/validation-stage-3b-22.sch"
  }, {
    "name" : "validation-stage-3b-23",
    "type" : "static",
    "stage" : "3b",
    "filename" : "static/validation-stage-3b-23.sch"
  }, {
    "name" : "validation-stage-3b-24",
    "type" : "static",
    "stage" : "3b",
    "filename" : "static/validation-stage-3b-24.sch"
  }, {
    "name" : "validation-stage-3b-25",
    "type" : "static",
    "stage" : "3b",
    "filename" : "static/validation-stage-3b-25.sch"
  }, {
    "name" : "validation-stage-3b-26",
    "type" : "static",
    "stage" : "3b",
    "filename" : "static/validation-stage-3b-26.sch"
  }, {
    "name" : "validation-stage-3b-27",
    "type" : "static",
    "stage" : "3b",
    "filename" : "static/validation-stage-3b-27.sch"
  }, {
    "name" : "validation-stage-3b-28",
    "type" : "static",
    "stage" : "3b",
    "filename" : "static/validation-stage-3b-28.sch"
  }, {
    "name" : "validation-stage-3b-29",
    "type" : "static",
    "stage" : "3b",
    "filename" : "static/validation-stage-3b-29.sch"
  }, {
    "name" : "validation-stage-3b-3",
    "type" : "static",
    "stage" : "3b",
    "filename" : "static/validation-stage-3b-3.sch"
  }, {
    "name" : "validation-stage-3b-30",
    "type" : "static",
    "stage" : "3b",
    "filename" : "static/validation-stage-3b-30.sch"
  }, {
    "name" : "validation-stage-3b-31",
    "type" : "static",
    "stage" : "3b",
    "filename" : "static/validation-stage-3b-31.sch"
  }, {
    "name" : "validation-stage-3b-32",
    "type" : "static",
    "stage" : "3b",
    "filename" : "static/validation-stage-3b-32.sch"
  }, {
    "name" : "validation-stage-3b-33",
    "type" : "static",
    "stage" : "3b",
    "filename" : "static/validation-stage-3b-33.sch"
  }, {
    "name" : "validation-stage-3b-34",
    "type" : "static",
    "stage" : "3b",
    "filename" : "static/validation-stage-3b-34.sch"
  }, {
    "name" : "validation-stage-3b-35",
    "type" : "static",
    "stage" : "3b",
    "filename" : "static/validation-stage-3b-35.sch"
  }, {
    "name" : "validation-stage-3b-36",
    "type" : "static",
    "stage" : "3b",
    "filename" : "static/validation-stage-3b-36.sch"
  }, {
    "name" : "validation-stage-3b-37",
    "type" : "static",
    "stage" : "3b",
    "filename" : "static/validation-stage-3b-37.sch"
  }, {
    "name" : "validation-stage-3b-38",
    "type" : "static",
    "stage" : "3b",
    "filename" : "static/validation-stage-3b-38.sch"
  }, {
    "name" : "validation-stage-3b-39",
    "type" : "static",
    "stage" : "3b",
    "filename" : "static/validation-stage-3b-39.sch"
  }, {
    "name" : "validation-stage-3b-4",
    "type" : "static",
    "stage" : "3b",
    "filename" : "static/validation-stage-3b-4.sch"
  }, {
    "name" : "validation-stage-3b-40",
    "type" : "static",
    "stage" : "3b",
    "filename" : "static/validation-stage-3b-40.sch"
  }, {
    "name" : "validation-stage-3b-5",
    "type" : "static",
    "stage" : "3b",
    "filename" : "static/validation-stage-3b-5.sch"
  }, {
    "name" : "validation-stage-3b-6",
    "type" : "static",
    "stage" : "3b",
    "filename" : "static/validation-stage-3b-6.sch"
  }, {
    "name" : "validation-stage-3b-7",
    "type" : "static",
    "stage" : "3b",
    "filename" : "static/validation-stage-3b-7.sch"
  }, {
    "name" : "validation-stage-3b-8",
    "type" : "static",
    "stage" : "3b",
    "filename" : "static/validation-stage-3b-8.sch"
  }, {
    "name" : "validation-stage-3b-9",
    "type" : "static",
    "stage" : "3b",
    "filename" : "static/validation-stage-3b-9.sch"
  }, {
    "name" : "validation-stage-3b-CEI",
    "type" : "static",
    "stage" : "3b",
    "filename" : "static/validation-stage-3b-CEI.sch"
  }, {
    "name" : "validation-stage-3b-E1",
    "type" : "static",
    "stage" : "3b",
    "filename" : "static/validation-stage-3b-E1.sch"
  }, {
    "name" : "validation-stage-3b-E2",
    "type" : "static",
    "stage" : "3b",
    "filename" : "static/validation-stage-3b-E2.sch"
  }, {
    "name" : "validation-stage-3b-E3",
    "type" : "static",
    "stage" : "3b",
    "filename" : "static/validation-stage-3b-E3.sch"
  }, {
    "name" : "validation-stage-3b-E4",
    "type" : "static",
    "stage" : "3b",
    "filename" : "static/validation-stage-3b-E4.sch"
  }, {
    "name" : "validation-stage-3b-E5",
    "type" : "static",
    "stage" : "3b",
    "filename" : "static/validation-stage-3b-E5.sch"
  }, {
    "name" : "validation-stage-3b-E6",
    "type" : "static",
    "stage" : "3b",
    "filename" : "static/validation-stage-3b-E6.sch"
  }, {
    "name" : "validation-stage-3b-T01",
    "type" : "static",
    "stage" : "3b",
    "filename" : "static/validation-stage-3b-T01.sch"
  }, {
    "name" : "validation-stage-3b-T02",
    "type" : "static",
    "stage" : "3b",
    "filename" : "static/validation-stage-3b-T02.sch"
  }, {
    "name" : "validation-stage-3b-X01",
    "type" : "static",
    "stage" : "3b",
    "filename" : "static/validation-stage-3b-X01.sch"
  }, {
    "name" : "validation-stage-3b-X02",
    "type" : "static",
    "stage" : "3b",
    "filename" : "static/validation-stage-3b-X02.sch"
  }, {
    "name" : "validation-stage-3b",
    "type" : "static",
    "stage" : "3b",
    "filename" : "static/validation-stage-3b.sch"
  }, {
    "name" : "validation-stage-4-1",
    "type" : "static",
    "stage" : "4",
    "filename" : "static/validation-stage-4-1.sch"
  }, {
    "name" : "validation-stage-4-10",
    "type" : "static",
    "stage" : "4",
    "filename" : "static/validation-stage-4-10.sch"
  }, {
    "name" : "validation-stage-4-11",
    "type" : "static",
    "stage" : "4",
    "filename" : "static/validation-stage-4-11.sch"
  }, {
    "name" : "validation-stage-4-12",
    "type" : "static",
    "stage" : "4",
    "filename" : "static/validation-stage-4-12.sch"
  }, {
    "name" : "validation-stage-4-13",
    "type" : "static",
    "stage" : "4",
    "filename" : "static/validation-stage-4-13.sch"
  }, {
    "name" : "validation-stage-4-14",
    "type" : "static",
    "stage" : "4",
    "filename" : "static/validation-stage-4-14.sch"
  }, {
    "name" : "validation-stage-4-15",
    "type" : "static",
    "stage" : "4",
    "filename" : "static/validation-stage-4-15.sch"
  }, {
    "name" : "validation-stage-4-16",
    "type" : "static",
    "stage" : "4",
    "filename" : "static/validation-stage-4-16.sch"
  }, {
    "name" : "validation-stage-4-17",
    "type" : "static",
    "stage" : "4",
    "filename" : "static/validation-stage-4-17.sch"
  }, {
    "name" : "validation-stage-4-18",
    "type" : "static",
    "stage" : "4",
    "filename" : "static/validation-stage-4-18.sch"
  }, {
    "name" : "validation-stage-4-19",
    "type" : "static",
    "stage" : "4",
    "filename" : "static/validation-stage-4-19.sch"
  }, {
    "name" : "validation-stage-4-2",
    "type" : "static",
    "stage" : "4",
    "filename" : "static/validation-stage-4-2.sch"
  }, {
    "name" : "validation-stage-4-20",
    "type" : "static",
    "stage" : "4",
    "filename" : "static/validation-stage-4-20.sch"
  }, {
    "name" : "validation-stage-4-21",
    "type" : "static",
    "stage" : "4",
    "filename" : "static/validation-stage-4-21.sch"
  }, {
    "name" : "validation-stage-4-22",
    "type" : "static",
    "stage" : "4",
    "filename" : "static/validation-stage-4-22.sch"
  }, {
    "name" : "validation-stage-4-23",
    "type" : "static",
    "stage" : "4",
    "filename" : "static/validation-stage-4-23.sch"
  }, {
    "name" : "validation-stage-4-24",
    "type" : "static",
    "stage" : "4",
    "filename" : "static/validation-stage-4-24.sch"
  }, {
    "name" : "validation-stage-4-25",
    "type" : "static",
    "stage" : "4",
    "filename" : "static/validation-stage-4-25.sch"
  }, {
    "name" : "validation-stage-4-26",
    "type" : "static",
    "stage" : "4",
    "filename" : "static/validation-stage-4-26.sch"
  }, {
    "name" : "validation-stage-4-27",
    "type" : "static",
    "stage" : "4",
    "filename" : "static/validation-stage-4-27.sch"
  }, {
    "name" : "validation-stage-4-28",
    "type" : "static",
    "stage" : "4",
    "filename" : "static/validation-stage-4-28.sch"
  }, {
    "name" : "validation-stage-4-29",
    "type" : "static",
    "stage" : "4",
    "filename" : "static/validation-stage-4-29.sch"
  }, {
    "name" : "validation-stage-4-3",
    "type" : "static",
    "stage" : "4",
    "filename" : "static/validation-stage-4-3.sch"
  }, {
    "name" : "validation-stage-4-30",
    "type" : "static",
    "stage" : "4",
    "filename" : "static/validation-stage-4-30.sch"
  }, {
    "name" : "validation-stage-4-31",
    "type" : "static",
    "stage" : "4",
    "filename" : "static/validation-stage-4-31.sch"
  }, {
    "name" : "validation-stage-4-32",
    "type" : "static",
    "stage" : "4",
    "filename" : "static/validation-stage-4-32.sch"
  }, {
    "name" : "validation-stage-4-33",
    "type" : "static",
    "stage" : "4",
    "filename" : "static/validation-stage-4-33.sch"
  }, {
    "name" : "validation-stage-4-34",
    "type" : "static",
    "stage" : "4",
    "filename" : "static/validation-stage-4-34.sch"
  }, {
    "name" : "validation-stage-4-35",
    "type" : "static",
    "stage" : "4",
    "filename" : "static/validation-stage-4-35.sch"
  }, {
    "name" : "validation-stage-4-36",
    "type" : "static",
    "stage" : "4",
    "filename" : "static/validation-stage-4-36.sch"
  }, {
    "name" : "validation-stage-4-37",
    "type" : "static",
    "stage" : "4",
    "filename" : "static/validation-stage-4-37.sch"
  }, {
    "name" : "validation-stage-4-38",
    "type" : "static",
    "stage" : "4",
    "filename" : "static/validation-stage-4-38.sch"
  }, {
    "name" : "validation-stage-4-39",
    "type" : "static",
    "stage" : "4",
    "filename" : "static/validation-stage-4-39.sch"
  }, {
    "name" : "validation-stage-4-4",
    "type" : "static",
    "stage" : "4",
    "filename" : "static/validation-stage-4-4.sch"
  }, {
    "name" : "validation-stage-4-40",
    "type" : "static",
    "stage" : "4",
    "filename" : "static/validation-stage-4-40.sch"
  }, {
    "name" : "validation-stage-4-5",
    "type" : "static",
    "stage" : "4",
    "filename" : "static/validation-stage-4-5.sch"
  }, {
    "name" : "validation-stage-4-6",
    "type" : "static",
    "stage" : "4",
    "filename" : "static/validation-stage-4-6.sch"
  }, {
    "name" : "validation-stage-4-7",
    "type" : "static",
    "stage" : "4",
    "filename" : "static/validation-stage-4-7.sch"
  }, {
    "name" : "validation-stage-4-8",
    "type" : "static",
    "stage" : "4",
    "filename" : "static/validation-stage-4-8.sch"
  }, {
    "name" : "validation-stage-4-9",
    "type" : "static",
    "stage" : "4",
    "filename" : "static/validation-stage-4-9.sch"
  }, {
    "name" : "validation-stage-4-CEI",
    "type" : "static",
    "stage" : "4",
    "filename" : "static/validation-stage-4-CEI.sch"
  }, {
    "name" : "validation-stage-4-E1",
    "type" : "static",
    "stage" : "4",
    "filename" : "static/validation-stage-4-E1.sch"
  }, {
    "name" : "validation-stage-4-E2",
    "type" : "static",
    "stage" : "4",
    "filename" : "static/validation-stage-4-E2.sch"
  }, {
    "name" : "validation-stage-4-E3",
    "type" : "static",
    "stage" : "4",
    "filename" : "static/validation-stage-4-E3.sch"
  }, {
    "name" : "validation-stage-4-E4",
    "type" : "static",
    "stage" : "4",
    "filename" : "static/validation-stage-4-E4.sch"
  }, {
    "name" : "validation-stage-4-E5",
    "type" : "static",
    "stage" : "4",
    "filename" : "static/validation-stage-4-E5.sch"
  }, {
    "name" : "validation-stage-4-E6",
    "type" : "static",
    "stage" : "4",
    "filename" : "static/validation-stage-4-E6.sch"
  }, {
    "name" : "validation-stage-4-T01",
    "type" : "static",
    "stage" : "4",
    "filename" : "static/validation-stage-4-T01.sch"
  }, {
    "name" : "validation-stage-4-T02",
    "type" : "static",
    "stage" : "4",
    "filename" : "static/validation-stage-4-T02.sch"
  }, {
    "name" : "validation-stage-4-X01",
    "type" : "static",
    "stage" : "4",
    "filename" : "static/validation-stage-4-X01.sch"
  }, {
    "name" : "validation-stage-4-X02",
    "type" : "static",
    "stage" : "4",
    "filename" : "static/validation-stage-4-X02.sch"
  }, {
    "name" : "validation-stage-4m",
    "type" : "static",
    "stage" : "4m",
    "filename" : "static/validation-stage-4m.sch"
  }, {
    "name" : "validation-stage-5",
    "type" : "static",
    "stage" : "5",
    "filename" : "static/validation-stage-5.sch"
  }, {
    "name" : "validation-stage-5m",
    "type" : "static",
    "stage" : "5m",
    "filename" : "static/validation-stage-5m.sch"
  } ]
}