{
  "id": "GR-Organisations",
  "contentType": "group",
  "nodeId": "ND-Organization",
  "displayType": "GROUP",
  "description": "A Party involved in the Competition from either side (Buyer or Tenderer) with a Legal Entity (Company) and possibly additional Contact Points (touchpoints)",
  "_label": "group|name|ND-Organization",
  "_idScheme": "ORG",
  "_identifierFieldId": "OPT-200-Organization-Company",
  "content": [
    {
      "id": "OPT-200-Organization-Company",
      "contentType": "field",
      "displayType": "TEXTBOX",
      "description": "Organisation Technical Identifier",
      "_label": "field|name|OPT-200-Organization-Company",
      "_idScheme": "ORG",
      "hidden": true
    },
    {
      "id": "GR-Company",
      "contentType": "group",
      "displayType": "GROUP",
      "description": "Organisation",
      "_label": "group|name|GR-Company",
      "content": [
        {
          "id": "BT-500-Organization-Company",
          "contentType": "field",
          "displayType": "TEXTAREA",
          "description": "Organisation Name",
          "_label": "field|name|BT-500-Organization-Company"
        },
        {
          "id": "GR-Organisation-Identifier",
          "contentType": "group",
          "nodeId": "ND-CompanyLegalEntity",
          "displayType": "GROUP",
          "description": "Company legal identifier",
          "_label": "group|name|ND-CompanyLegalEntity",
          "_repeatable": true,
          "content": [
            {
              "id": "BT-501-Organization-Company",
              "contentType": "field",
              "displayType": "TEXTBOX",
              "description": "Organisation Identifier",
              "_label": "field|name|BT-501-Organization-Company"
            }
          ]
        },
        {
          "id": "BT-16-Organization-Company",
          "contentType": "field",
          "displayType": "TEXTAREA",
          "description": "Organisation Part Name",
          "_label": "field|name|BT-16-Organization-Company"
        },
        {
          "id": "BT-505-Organization-Company",
          "contentType": "field",
          "displayType": "TEXTBOX",
          "description": "Organisation Internet Address",
          "_label": "field|name|BT-505-Organization-Company"
        },
        {
          "id": "BT-509-Organization-Company",
          "contentType": "field",
          "displayType": "TEXTBOX",
          "description": "Organisation eDelivery Gateway",
          "_label": "field|name|BT-509-Organization-Company"
        }
      ]
    },
    {
      "id": "GR-Company-Address",
      "contentType": "group",
      "displayType": "GROUP",
      "description": "Organisation Address",
      "_label": "group|name|GR-Company-Address",
      "content": [
        {
          "id": "BT-510(a)-Organization-Company",
          "contentType": "field",
          "displayType": "TEXTAREA",
          "description": "Street",
          "_label": "field|name|BT-510(a)-Organization-Company"
        },
        {
          "id": "BT-510(b)-Organization-Company",
          "contentType": "field",
          "displayType": "TEXTAREA",
          "description": "Streetline 1",
          "_label": "field|name|BT-510(b)-Organization-Company"
        },
        {
          "id": "BT-510(c)-Organization-Company",
          "contentType": "field",
          "displayType": "TEXTAREA",
          "description": "Streetline 2",
          "_label": "field|name|BT-510(c)-Organization-Company"
        },
        {
          "id": "BT-513-Organization-Company",
          "contentType": "field",
          "displayType": "TEXTAREA",
          "description": "Organisation City",
          "_label": "field|name|BT-513-Organization-Company"
        },
        {
          "id": "BT-512-Organization-Company",
          "contentType": "field",
          "displayType": "TEXTAREA",
          "description": "Organisation Post Code",
          "_label": "field|name|BT-512-Organization-Company"
        },
        {
          "id": "BT-507-Organization-Company",
          "contentType": "field",
          "displayType": "COMBOBOX",
          "description": "Organisation Country Subdivision",
          "_label": "field|name|BT-507-Organization-Company"
        },
        {
          "id": "BT-514-Organization-Company",
          "contentType": "field",
          "displayType": "COMBOBOX",
          "description": "Organisation Country Code",
          "_label": "field|name|BT-514-Organization-Company"
        }
      ]
    },
    {
      "id": "GR-Company-Contact",
      "contentType": "group",
      "displayType": "GROUP",
      "description": "Organisation Contact",
      "_label": "group|name|GR-Company-Contact",
      "content": [
        {
          "id": "BT-502-Organization-Company",
          "contentType": "field",
          "displayType": "TEXTAREA",
          "description": "Organisation Contact Point",
          "_label": "field|name|BT-502-Organization-Company"
        },
        {
          "id": "BT-506-Organization-Company",
          "contentType": "field",
          "displayType": "TEXTBOX",
          "description": "Organisation Contact Email Address",
          "_label": "field|name|BT-506-Organization-Company"
        },
        {
          "id": "BT-503-Organization-Company",
          "contentType": "field",
          "displayType": "TEXTBOX",
          "description": "Organisation Contact Telephone Number",
          "_label": "field|name|BT-503-Organization-Company"
        },
        {
          "id": "BT-739-Organization-Company",
          "contentType": "field",
          "displayType": "TEXTBOX",
          "description": "Organisation Contact Fax",
          "_label": "field|name|BT-739-Organization-Company"
        }
      ]
    },
    {
      "id": "GR-Touch-Point",
      "contentType": "group",
      "nodeId": "ND-Touchpoint",
      "displayType": "GROUP",
      "description": "Contact details associated to a given role",
      "_label": "group|name|ND-Touchpoint",
      "_idScheme": "TPO",
      "_identifierFieldId": "OPT-201-Organization-TouchPoint",
      "_repeatable": true,
      "collapsed": true,
      "content": [
        {
          "id": "OPT-201-Organization-TouchPoint",
          "contentType": "field",
          "displayType": "TEXTBOX",
          "description": "TouchPoint Technical Identifier",
          "_label": "field|name|OPT-201-Organization-TouchPoint",
          "_idScheme": "TPO",
          "hidden": true
        },
        {
          "id": "BT-500-Organization-TouchPoint",
          "contentType": "field",
          "displayType": "TEXTAREA",
          "description": "Name",
          "_label": "field|name|BT-500-Organization-TouchPoint"
        },
        {
          "id": "BT-16-Organization-TouchPoint",
          "contentType": "field",
          "displayType": "TEXTAREA",
          "description": "Part Name",
          "_label": "field|name|BT-16-Organization-TouchPoint"
        },
        {
          "id": "BT-505-Organization-TouchPoint",
          "contentType": "field",
          "displayType": "TEXTBOX",
          "description": "Internet Address",
          "_label": "field|name|BT-505-Organization-TouchPoint"
        },
        {
          "id": "BT-509-Organization-TouchPoint",
          "contentType": "field",
          "displayType": "TEXTBOX",
          "description": "eDelivery Gateway",
          "_label": "field|name|BT-509-Organization-TouchPoint"
        },
        {
          "id": "GR-TouchPoint-Address",
          "contentType": "group",
          "displayType": "GROUP",
          "description": "TouchPoint Address",
          "_label": "group|name|GR-TouchPoint-Address",
          "content": [
            {
              "id": "BT-510(a)-Organization-TouchPoint",
              "contentType": "field",
              "displayType": "TEXTAREA",
              "description": "Street",
              "_label": "field|name|BT-510(a)-Organization-TouchPoint"
            },
            {
              "id": "BT-510(b)-Organization-TouchPoint",
              "contentType": "field",
              "displayType": "TEXTAREA",
              "description": "Streetline 1",
              "_label": "field|name|BT-510(b)-Organization-TouchPoint"
            },
            {
              "id": "BT-510(c)-Organization-TouchPoint",
              "contentType": "field",
              "displayType": "TEXTAREA",
              "description": "Streetline 2",
              "_label": "field|name|BT-510(c)-Organization-TouchPoint"
            },
            {
              "id": "BT-513-Organization-TouchPoint",
              "contentType": "field",
              "displayType": "TEXTAREA",
              "description": "City",
              "_label": "field|name|BT-513-Organization-TouchPoint"
            },
            {
              "id": "BT-512-Organization-TouchPoint",
              "contentType": "field",
              "displayType": "TEXTAREA",
              "description": "Post Code",
              "_label": "field|name|BT-512-Organization-TouchPoint"
            },
            {
              "id": "BT-507-Organization-TouchPoint",
              "contentType": "field",
              "displayType": "COMBOBOX",
              "description": "Country Subdivision",
              "_label": "field|name|BT-507-Organization-TouchPoint"
            },
            {
              "id": "BT-514-Organization-TouchPoint",
              "contentType": "field",
              "displayType": "COMBOBOX",
              "description": "Country Code",
              "_label": "field|name|BT-514-Organization-TouchPoint"
            }
          ]
        },
        {
          "id": "GR-TouchPoint-Contact",
          "contentType": "group",
          "displayType": "GROUP",
          "description": "TouchPoint Contact",
          "_label": "group|name|GR-TouchPoint-Contact",
          "content": [
            {
              "id": "BT-502-Organization-TouchPoint",
              "contentType": "field",
              "displayType": "TEXTAREA",
              "description": "Contact Point",
              "_label": "field|name|BT-502-Organization-TouchPoint"
            },
            {
              "id": "BT-506-Organization-TouchPoint",
              "contentType": "field",
              "displayType": "TEXTBOX",
              "description": "Contact Email Address",
              "_label": "field|name|BT-506-Organization-TouchPoint"
            },
            {
              "id": "BT-503-Organization-TouchPoint",
              "contentType": "field",
              "displayType": "TEXTBOX",
              "description": "Contact Telephone Number",
              "_label": "field|name|BT-503-Organization-TouchPoint"
            },
            {
              "id": "BT-739-Organization-TouchPoint",
              "contentType": "field",
              "displayType": "TEXTBOX",
              "description": "Contact Fax",
              "_label": "field|name|BT-739-Organization-TouchPoint"
            }
          ]
        }
      ]
    }
  ]
}