{
  "ublVersion" : "2.3",
  "sdkVersion" : "1.12.0",
  "metadataDatabase" : {
    "version" : "1.12.0",
    "createdOn" : "2024-06-11T11:53:25"
  },
  "noticeId" : "15",
  "metadata" : [ {
    "id" : "BT-02-notice",
    "contentType" : "field",
    "displayType" : "COMBOBOX",
    "description" : "Notice Type",
    "_label" : "field|name|BT-02-notice",
    "readOnly" : true
  }, {
    "id" : "BT-03-notice",
    "contentType" : "field",
    "displayType" : "COMBOBOX",
    "description" : "Form Type",
    "_label" : "field|name|BT-03-notice",
    "readOnly" : true
  }, {
    "id" : "BT-04-notice",
    "contentType" : "field",
    "displayType" : "TEXTBOX",
    "description" : "Procedure Identifier",
    "_label" : "field|name|BT-04-notice",
    "readOnly" : true
  }, {
    "id" : "BT-701-notice",
    "contentType" : "field",
    "displayType" : "TEXTBOX",
    "description" : "Notice Identifier",
    "_label" : "field|name|BT-701-notice",
    "readOnly" : true
  }, {
    "id" : "BT-757-notice",
    "contentType" : "field",
    "displayType" : "TEXTBOX",
    "description" : "Notice Version",
    "_label" : "field|name|BT-757-notice",
    "readOnly" : true
  }, {
    "id" : "BT-702(a)-notice",
    "contentType" : "field",
    "displayType" : "COMBOBOX",
    "description" : "Notice Official Language",
    "_label" : "field|name|BT-702(a)-notice",
    "hidden" : true
  }, {
    "id" : "BT-702(b)-notice",
    "contentType" : "field",
    "displayType" : "COMBOBOX",
    "description" : "Notice Official Language",
    "_label" : "field|name|BT-702(b)-notice",
    "_repeatable" : true,
    "hidden" : true
  }, {
    "id" : "BT-05(a)-notice",
    "contentType" : "field",
    "displayType" : "TEXTBOX",
    "description" : "Notice Dispatch Date",
    "_label" : "field|name|BT-05(a)-notice",
    "_presetValue" : "{NOW}",
    "hidden" : true
  }, {
    "id" : "BT-05(b)-notice",
    "contentType" : "field",
    "displayType" : "TEXTBOX",
    "description" : "Notice Dispatch Time",
    "_label" : "field|name|BT-05(b)-notice",
    "_presetValue" : "{NOW}",
    "hidden" : true
  }, {
    "id" : "BT-738-notice",
    "contentType" : "field",
    "displayType" : "TEXTBOX",
    "description" : "Notice Preferred Publication Date",
    "_label" : "field|name|BT-738-notice",
    "hidden" : true
  }, {
    "id" : "OPT-001-notice",
    "contentType" : "field",
    "displayType" : "TEXTBOX",
    "description" : "UBL version ID (UBL)",
    "_label" : "field|name|OPT-001-notice",
    "hidden" : true
  }, {
    "id" : "OPT-002-notice",
    "contentType" : "field",
    "displayType" : "TEXTBOX",
    "description" : "Customization ID (UBL)",
    "_label" : "field|name|OPT-002-notice",
    "readOnly" : true
  }, {
    "id" : "OPP-070-notice",
    "contentType" : "field",
    "displayType" : "COMBOBOX",
    "description" : "Notice Subtype",
    "_label" : "field|name|OPP-070-notice",
    "readOnly" : true
  }, {
    "id" : "OPP-010-notice",
    "contentType" : "field",
    "displayType" : "TEXTBOX",
    "description" : "Notice Publication Number",
    "_label" : "field|name|OPP-010-notice",
    "hidden" : true
  }, {
    "id" : "OPP-011-notice",
    "contentType" : "field",
    "displayType" : "TEXTBOX",
    "description" : "OJEU Identifier",
    "_label" : "field|name|OPP-011-notice",
    "hidden" : true
  }, {
    "id" : "OPP-012-notice",
    "contentType" : "field",
    "displayType" : "TEXTBOX",
    "description" : "OJEU Publication Date",
    "_label" : "field|name|OPP-012-notice",
    "hidden" : true
  } ],
  "content" : [ {
    "id" : "GR-Buyer",
    "contentType" : "group",
    "displayType" : "SECTION",
    "description" : "Contracting Party and Provider related Information",
    "_label" : "group|name|GR-Buyer",
    "content" : [ {
      "id" : "GR-ContractingAuthority",
      "contentType" : "group",
      "nodeId" : "ND-ContractingParty",
      "displayType" : "GROUP",
      "description" : "Contracting Party related Information (URL, Legal Type, Contracting Type, Activity, …)",
      "_label" : "group|name|ND-ContractingParty",
      "businessEntityId" : "buyer",
      "_repeatable" : true,
      "content" : [ {
        "id" : "GR-ContractingAuthority-Buyer",
        "contentType" : "group",
        "displayType" : "GROUP",
        "description" : "Contracting Party related Information (URL, Legal Type, Contracting Type, Activity, …)",
        "_label" : "group|name|GR-ContractingAuthority-Buyer",
        "content" : [ {
          "id" : "OPT-300-Procedure-Buyer",
          "contentType" : "field",
          "displayType" : "COMBOBOX",
          "description" : "Buyer Technical Identifier Reference",
          "_label" : "field|name|OPT-300-Procedure-Buyer",
          "_idSchemes" : [ "ORG" ]
        }, {
          "id" : "BT-11-Procedure-Buyer",
          "contentType" : "field",
          "displayType" : "COMBOBOX",
          "description" : "Buyer Legal Type",
          "_label" : "field|name|BT-11-Procedure-Buyer"
        }, {
          "id" : "BT-10-Procedure-Buyer",
          "contentType" : "field",
          "displayType" : "COMBOBOX",
          "description" : "Activity Authority",
          "_label" : "field|name|BT-10-Procedure-Buyer"
        }, {
          "id" : "BT-610-Procedure-Buyer",
          "contentType" : "field",
          "displayType" : "COMBOBOX",
          "description" : "Activity Entity",
          "_label" : "field|name|BT-610-Procedure-Buyer"
        }, {
          "id" : "BT-508-Procedure-Buyer",
          "contentType" : "field",
          "displayType" : "TEXTBOX",
          "description" : "Buyer Profile URL",
          "_label" : "field|name|BT-508-Procedure-Buyer"
        } ]
      }, {
        "id" : "GR-Procedure-SProvider",
        "contentType" : "group",
        "nodeId" : "ND-ServiceProviderParty",
        "displayType" : "GROUP",
        "description" : "Provided Service (code) and Provider (Reference to Organization)",
        "_label" : "group|name|ND-ServiceProviderParty",
        "_repeatable" : true,
        "content" : [ {
          "id" : "OPT-300-Procedure-SProvider",
          "contentType" : "field",
          "displayType" : "COMBOBOX",
          "description" : "Service Provider Technical Identifier Reference",
          "_label" : "field|name|OPT-300-Procedure-SProvider",
          "_idSchemes" : [ "ORG" ]
        }, {
          "id" : "OPT-030-Procedure-SProvider",
          "contentType" : "field",
          "displayType" : "COMBOBOX",
          "description" : "Provided Service Type",
          "_label" : "field|name|OPT-030-Procedure-SProvider"
        } ]
      } ]
    } ]
  }, {
    "id" : "GR-Procedure",
    "contentType" : "group",
    "displayType" : "SECTION",
    "description" : "Procedure",
    "_label" : "group|name|GR-Procedure",
    "content" : [ {
      "id" : "GR-Procedure-Purpose",
      "contentType" : "group",
      "displayType" : "SECTION",
      "description" : "Purpose",
      "_label" : "group|name|GR-Procedure-Purpose",
      "content" : [ {
        "id" : "GR-Previous-Notice",
        "contentType" : "group",
        "nodeId" : "ND-PreviousNoticeReference",
        "displayType" : "GROUP",
        "description" : "Previous notice reference",
        "_label" : "group|name|ND-PreviousNoticeReference",
        "_repeatable" : true,
        "content" : [ {
          "id" : "OPP-090-Procedure",
          "contentType" : "field",
          "displayType" : "TEXTBOX",
          "description" : "Previous Notice Identifier",
          "_label" : "field|name|OPP-090-Procedure"
        } ]
      }, {
        "id" : "GR-Procedure-MainLegalBasis",
        "contentType" : "group",
        "displayType" : "GROUP",
        "description" : "Main Legal Basis",
        "_label" : "group|name|GR-Procedure-MainLegalBasis",
        "content" : [ {
          "id" : "BT-01-notice",
          "contentType" : "field",
          "displayType" : "COMBOBOX",
          "description" : "Procedure Legal Basis",
          "_label" : "field|name|BT-01-notice"
        } ]
      }, {
        "id" : "GR-Procedure-LocalLegalBasisWithID",
        "contentType" : "group",
        "nodeId" : "ND-LocalLegalBasisWithID",
        "displayType" : "GROUP",
        "description" : "Legislation impacting the procurement and for which an ID is known",
        "_label" : "group|name|ND-LocalLegalBasisWithID",
        "_repeatable" : true,
        "content" : [ {
          "id" : "BT-01(c)-Procedure",
          "contentType" : "field",
          "displayType" : "TEXTBOX",
          "description" : "Procedure Legal Basis (ID)",
          "_label" : "field|name|BT-01(c)-Procedure"
        }, {
          "id" : "BT-01(d)-Procedure",
          "contentType" : "field",
          "displayType" : "TEXTAREA",
          "description" : "Procedure Legal Basis (Description)",
          "_label" : "field|name|BT-01(d)-Procedure"
        } ]
      }, {
        "id" : "GR-Procedure-LocalLegalBasisNoID",
        "contentType" : "group",
        "nodeId" : "ND-LocalLegalBasisNoID",
        "displayType" : "GROUP",
        "description" : "Legislation impacting the procurement and for which no ID is known",
        "_label" : "group|name|ND-LocalLegalBasisNoID",
        "_repeatable" : true,
        "content" : [ {
          "id" : "BT-01(e)-Procedure",
          "contentType" : "field",
          "displayType" : "TEXTBOX",
          "description" : "Procedure Legal Basis (NoID)",
          "_label" : "field|name|BT-01(e)-Procedure",
          "_presetValue" : "LocalLegalBasis",
          "hidden" : true
        }, {
          "id" : "BT-01(f)-Procedure",
          "contentType" : "field",
          "displayType" : "TEXTAREA",
          "description" : "Procedure Legal Basis (NoID Description)",
          "_label" : "field|name|BT-01(f)-Procedure"
        } ]
      }, {
        "id" : "GR-Procedure-Description",
        "contentType" : "group",
        "nodeId" : "ND-ProcedureProcurementScope",
        "displayType" : "GROUP",
        "description" : "Scope of the Procurement addressed with the whole notice",
        "_label" : "group|name|ND-ProcedureProcurementScope",
        "content" : [ {
          "id" : "BT-22-Procedure",
          "contentType" : "field",
          "displayType" : "TEXTBOX",
          "description" : "Internal Identifier",
          "_label" : "field|name|BT-22-Procedure"
        }, {
          "id" : "BT-21-Procedure",
          "contentType" : "field",
          "displayType" : "TEXTAREA",
          "description" : "Title",
          "_label" : "field|name|BT-21-Procedure"
        }, {
          "id" : "BT-24-Procedure",
          "contentType" : "field",
          "displayType" : "TEXTAREA",
          "description" : "Description",
          "_label" : "field|name|BT-24-Procedure"
        }, {
          "id" : "BT-23-Procedure",
          "contentType" : "field",
          "displayType" : "COMBOBOX",
          "description" : "Main Nature",
          "_label" : "field|name|BT-23-Procedure"
        }, {
          "id" : "GR-Procedure-Additional-Nature",
          "contentType" : "group",
          "nodeId" : "ND-ProcedureContractAdditionalNature",
          "displayType" : "GROUP",
          "description" : "Additional contract nature for the Procedure",
          "_label" : "group|name|ND-ProcedureContractAdditionalNature",
          "_repeatable" : true,
          "content" : [ {
            "id" : "BT-531-Procedure",
            "contentType" : "field",
            "displayType" : "COMBOBOX",
            "description" : "Additional Nature (different from Main)",
            "_label" : "field|name|BT-531-Procedure"
          } ]
        } ]
      }, {
        "id" : "GR-Procedure-Scope",
        "contentType" : "group",
        "displayType" : "GROUP",
        "description" : "Scope",
        "_label" : "group|name|GR-Procedure-Scope",
        "content" : [ {
          "id" : "GR-Procedure-Scope-MainClassification",
          "contentType" : "group",
          "nodeId" : "ND-ProcedureMainClassification",
          "displayType" : "GROUP",
          "description" : "Classification for the Main Commodity of the Procedure",
          "_label" : "group|name|ND-ProcedureMainClassification",
          "content" : [ {
            "id" : "BT-26(m)-Procedure",
            "contentType" : "field",
            "displayType" : "COMBOBOX",
            "description" : "Classification Type (e.g. CPV)",
            "_label" : "field|name|BT-26(m)-Procedure"
          }, {
            "id" : "BT-262-Procedure",
            "contentType" : "field",
            "displayType" : "COMBOBOX",
            "description" : "Main Classification Code",
            "_label" : "field|name|BT-262-Procedure"
          } ]
        }, {
          "id" : "GR-Procedure-Scope-AdditionalClassification",
          "contentType" : "group",
          "nodeId" : "ND-ProcedureAdditionalCommodityClassification",
          "displayType" : "GROUP",
          "description" : "Classification for the Additional Commodity of the Procedure",
          "_label" : "group|name|ND-ProcedureAdditionalCommodityClassification",
          "_repeatable" : true,
          "content" : [ {
            "id" : "BT-26(a)-Procedure",
            "contentType" : "field",
            "displayType" : "COMBOBOX",
            "description" : "Classification Type (e.g. CPV)",
            "_label" : "field|name|BT-26(a)-Procedure"
          }, {
            "id" : "BT-263-Procedure",
            "contentType" : "field",
            "displayType" : "COMBOBOX",
            "description" : "Additional Classification Code",
            "_label" : "field|name|BT-263-Procedure"
          } ]
        } ]
      }, {
        "id" : "GR-Procedure-PlaceOfPerformance",
        "contentType" : "group",
        "nodeId" : "ND-ProcedurePlacePerformance",
        "displayType" : "GROUP",
        "description" : "A location where the Procurement, for the Procedure as a whole, should take place",
        "_label" : "group|name|ND-ProcedurePlacePerformance",
        "content" : [ {
          "id" : "BT-5101(a)-Procedure",
          "contentType" : "field",
          "displayType" : "TEXTAREA",
          "description" : "Place Performance Street",
          "_label" : "field|name|BT-5101(a)-Procedure"
        }, {
          "id" : "BT-5101(b)-Procedure",
          "contentType" : "field",
          "displayType" : "TEXTAREA",
          "description" : "Place Performance Streetline 1",
          "_label" : "field|name|BT-5101(b)-Procedure"
        }, {
          "id" : "BT-5101(c)-Procedure",
          "contentType" : "field",
          "displayType" : "TEXTAREA",
          "description" : "Place Performance Streetline 2",
          "_label" : "field|name|BT-5101(c)-Procedure"
        }, {
          "id" : "BT-5131-Procedure",
          "contentType" : "field",
          "displayType" : "TEXTAREA",
          "description" : "Place Performance City",
          "_label" : "field|name|BT-5131-Procedure"
        }, {
          "id" : "BT-5121-Procedure",
          "contentType" : "field",
          "displayType" : "TEXTAREA",
          "description" : "Place Performance Post Code",
          "_label" : "field|name|BT-5121-Procedure"
        }, {
          "id" : "BT-5071-Procedure",
          "contentType" : "field",
          "displayType" : "COMBOBOX",
          "description" : "Place Performance Country Subdivision",
          "_label" : "field|name|BT-5071-Procedure"
        }, {
          "id" : "BT-5141-Procedure",
          "contentType" : "field",
          "displayType" : "COMBOBOX",
          "description" : "Place Performance Country Code",
          "_label" : "field|name|BT-5141-Procedure"
        }, {
          "id" : "BT-727-Procedure",
          "contentType" : "field",
          "displayType" : "COMBOBOX",
          "description" : "Place Performance Services Other",
          "_label" : "field|name|BT-727-Procedure"
        }, {
          "id" : "BT-728-Procedure",
          "contentType" : "field",
          "displayType" : "TEXTAREA",
          "description" : "Place Performance Additional Information",
          "_label" : "field|name|BT-728-Procedure"
        } ]
      } ]
    }, {
      "id" : "GR-Procedure-TenderingTerms",
      "contentType" : "group",
      "displayType" : "SECTION",
      "description" : "Tendering Terms",
      "_label" : "group|name|GR-Procedure-TenderingTerms",
      "content" : [ {
        "id" : "GR-Procedure-ExclusionGrounds-Source",
        "contentType" : "group",
        "nodeId" : "ND-ExclusionGroundsSource",
        "displayType" : "GROUP",
        "description" : "Exclusion Grounds Source (Code)",
        "_label" : "group|name|ND-ExclusionGroundsSource",
        "_repeatable" : true,
        "content" : [ {
          "id" : "BT-806-Procedure",
          "contentType" : "field",
          "displayType" : "COMBOBOX",
          "description" : "Exclusion Grounds Source",
          "_label" : "field|name|BT-806-Procedure"
        } ]
      }, {
        "id" : "GR-Procedure-ExclusionGrounds",
        "contentType" : "group",
        "nodeId" : "ND-ExclusionGrounds",
        "displayType" : "GROUP",
        "description" : "Exclusion Grounds (Code & Description)",
        "_label" : "group|name|ND-ExclusionGrounds",
        "_repeatable" : true,
        "content" : [ {
          "id" : "BT-67(a)-Procedure",
          "contentType" : "field",
          "displayType" : "COMBOBOX",
          "description" : "Exclusion Ground",
          "_label" : "field|name|BT-67(a)-Procedure"
        }, {
          "id" : "BT-67(b)-Procedure",
          "contentType" : "field",
          "displayType" : "TEXTAREA",
          "description" : "Exclusion Ground Description",
          "_label" : "field|name|BT-67(b)-Procedure"
        } ]
      } ]
    }, {
      "id" : "GR-Procedure-Procedure-subsection",
      "contentType" : "group",
      "displayType" : "SECTION",
      "description" : "Procedure",
      "_label" : "group|name|GR-Procedure-Procedure-subsection",
      "content" : [ {
        "id" : "GR-Procedure-Procedure",
        "contentType" : "group",
        "displayType" : "GROUP",
        "description" : "Procedure",
        "_label" : "group|name|GR-Procedure-Procedure",
        "content" : [ {
          "id" : "BT-634-Procedure",
          "contentType" : "field",
          "displayType" : "RADIO",
          "description" : "Procurement Relaunch",
          "_label" : "field|name|BT-634-Procedure"
        } ]
      }, {
        "id" : "GR-Procedure-AdditionalInformation",
        "contentType" : "group",
        "displayType" : "GROUP",
        "description" : "Additional Information",
        "_label" : "group|name|GR-Procedure-AdditionalInformation",
        "content" : [ {
          "id" : "BT-300-Procedure",
          "contentType" : "field",
          "displayType" : "TEXTAREA",
          "description" : "Additional Information",
          "_label" : "field|name|BT-300-Procedure"
        } ]
      } ]
    } ]
  }, {
    "id" : "GR-Lot",
    "contentType" : "group",
    "nodeId" : "ND-Lot",
    "displayType" : "SECTION",
    "description" : "Lot related information covering Tendering Terms, Tendering Process and Purpose",
    "_label" : "group|name|ND-Lot",
    "_idScheme" : "LOT",
    "_schemeName" : "Lot",
    "businessEntityId" : "lot",
    "_identifierFieldId" : "BT-137-Lot",
    "_captionFieldId" : "BT-21-Lot",
    "_repeatable" : true,
    "content" : [ {
      "id" : "BT-137-Lot",
      "contentType" : "field",
      "displayType" : "TEXTBOX",
      "description" : "Purpose Lot Identifier",
      "_label" : "field|name|BT-137-Lot",
      "_idScheme" : "LOT",
      "_schemeName" : "Lot",
      "hidden" : true
    }, {
      "id" : "GR-Lot-Purpose",
      "contentType" : "group",
      "nodeId" : "ND-LotTenderingProcess",
      "displayType" : "SECTION",
      "description" : "Tendering Procedure information (GPA, Atypical Tool, Deadlines, techniques) for a Lot",
      "_label" : "group|name|ND-LotTenderingProcess",
      "content" : [ {
        "id" : "GR-Lot-PreviousPlanning",
        "contentType" : "group",
        "nodeId" : "ND-LotPreviousPlanning",
        "displayType" : "GROUP",
        "description" : "Lot Previous Planning Reference",
        "_label" : "group|name|ND-LotPreviousPlanning",
        "_repeatable" : true,
        "content" : [ {
          "id" : "BT-125(i)-Lot",
          "contentType" : "field",
          "displayType" : "TEXTBOX",
          "description" : "Previous Planning Identifier",
          "_label" : "field|name|BT-125(i)-Lot"
        }, {
          "id" : "BT-1251-Lot",
          "contentType" : "field",
          "displayType" : "TEXTBOX",
          "description" : "Previous Planning Part Identifier",
          "_label" : "field|name|BT-1251-Lot"
        } ]
      }, {
        "id" : "GR-Lot-Description",
        "contentType" : "group",
        "displayType" : "GROUP",
        "description" : "Description",
        "_label" : "group|name|GR-Lot-Description",
        "content" : [ {
          "id" : "BT-22-Lot",
          "contentType" : "field",
          "displayType" : "TEXTBOX",
          "description" : "Internal Identifier",
          "_label" : "field|name|BT-22-Lot"
        }, {
          "id" : "BT-21-Lot",
          "contentType" : "field",
          "displayType" : "TEXTAREA",
          "description" : "Title",
          "_label" : "field|name|BT-21-Lot"
        }, {
          "id" : "BT-24-Lot",
          "contentType" : "field",
          "displayType" : "TEXTAREA",
          "description" : "Description",
          "_label" : "field|name|BT-24-Lot"
        }, {
          "id" : "BT-23-Lot",
          "contentType" : "field",
          "displayType" : "COMBOBOX",
          "description" : "Main Nature",
          "_label" : "field|name|BT-23-Lot"
        }, {
          "id" : "GR-Lot-Additional-Nature",
          "contentType" : "group",
          "nodeId" : "ND-LotContractAdditionalNature",
          "displayType" : "GROUP",
          "description" : "Additional contract nature for the Lot",
          "_label" : "group|name|ND-LotContractAdditionalNature",
          "_repeatable" : true,
          "content" : [ {
            "id" : "BT-531-Lot",
            "contentType" : "field",
            "displayType" : "COMBOBOX",
            "description" : "Additional Nature (different from Main)",
            "_label" : "field|name|BT-531-Lot"
          } ]
        } ]
      }, {
        "id" : "GR-Lot-Scope",
        "contentType" : "group",
        "displayType" : "GROUP",
        "description" : "Scope",
        "_label" : "group|name|GR-Lot-Scope",
        "content" : [ {
          "id" : "BT-726-Lot",
          "contentType" : "field",
          "displayType" : "RADIO",
          "description" : "Suitable For SMEs",
          "_label" : "field|name|BT-726-Lot"
        }, {
          "id" : "GR-Lot-Scope-MainClassification",
          "contentType" : "group",
          "nodeId" : "ND-LotMainClassification",
          "displayType" : "GROUP",
          "description" : "Classification for the Main Commodity of a Lot",
          "_label" : "group|name|ND-LotMainClassification",
          "content" : [ {
            "id" : "BT-26(m)-Lot",
            "contentType" : "field",
            "displayType" : "COMBOBOX",
            "description" : "Classification Type (e.g. CPV)",
            "_label" : "field|name|BT-26(m)-Lot"
          }, {
            "id" : "BT-262-Lot",
            "contentType" : "field",
            "displayType" : "COMBOBOX",
            "description" : "Main Classification Code",
            "_label" : "field|name|BT-262-Lot"
          } ]
        }, {
          "id" : "GR-Lot-Scope-AdditionalClassification",
          "contentType" : "group",
          "nodeId" : "ND-LotAdditionalClassification",
          "displayType" : "GROUP",
          "description" : "Classification for an Additional Commodity of a Lot",
          "_label" : "group|name|ND-LotAdditionalClassification",
          "_repeatable" : true,
          "content" : [ {
            "id" : "BT-26(a)-Lot",
            "contentType" : "field",
            "displayType" : "COMBOBOX",
            "description" : "Classification Type (e.g. CPV)",
            "_label" : "field|name|BT-26(a)-Lot"
          }, {
            "id" : "BT-263-Lot",
            "contentType" : "field",
            "displayType" : "COMBOBOX",
            "description" : "Additional Classification Code",
            "_label" : "field|name|BT-263-Lot"
          } ]
        } ]
      }, {
        "id" : "GR-Lot-ProcurementType",
        "contentType" : "group",
        "displayType" : "GROUP",
        "description" : "Procurement Type",
        "_label" : "group|name|GR-Lot-ProcurementType",
        "content" : [ {
          "id" : "GR-Lot-Environmental-Impact",
          "contentType" : "group",
          "nodeId" : "ND-LotEnvironmentalImpactType",
          "displayType" : "GROUP",
          "description" : "Environmental impact procurement type",
          "_label" : "group|name|ND-LotEnvironmentalImpactType",
          "_repeatable" : true,
          "content" : [ {
            "id" : "BT-774-Lot",
            "contentType" : "field",
            "displayType" : "COMBOBOX",
            "description" : "Green Procurement",
            "_label" : "field|name|BT-774-Lot"
          } ]
        }, {
          "id" : "GR-Lot-Green-Procurement",
          "contentType" : "group",
          "nodeId" : "ND-LotGreenCriteria",
          "displayType" : "GROUP",
          "description" : "Details about the use of Green Procurement Criteria",
          "_label" : "group|name|ND-LotGreenCriteria",
          "_repeatable" : true,
          "content" : [ {
            "id" : "BT-805-Lot",
            "contentType" : "field",
            "displayType" : "COMBOBOX",
            "description" : "Green Procurement Criteria",
            "_label" : "field|name|BT-805-Lot"
          } ]
        }, {
          "id" : "GR-Lot-Social-Objective",
          "contentType" : "group",
          "nodeId" : "ND-LotSocialObjectiveType",
          "displayType" : "GROUP",
          "description" : "Social objective procurement type",
          "_label" : "group|name|ND-LotSocialObjectiveType",
          "_repeatable" : true,
          "content" : [ {
            "id" : "BT-775-Lot",
            "contentType" : "field",
            "displayType" : "COMBOBOX",
            "description" : "Social Procurement",
            "_label" : "field|name|BT-775-Lot"
          } ]
        }, {
          "id" : "GR-Lot-Innovation-Procurement",
          "contentType" : "group",
          "nodeId" : "ND-LotInnovativeAcquisitionType",
          "displayType" : "GROUP",
          "description" : "Innovative acquisition procurement type",
          "_label" : "group|name|ND-LotInnovativeAcquisitionType",
          "_repeatable" : true,
          "content" : [ {
            "id" : "BT-776-Lot",
            "contentType" : "field",
            "displayType" : "COMBOBOX",
            "description" : "Procurement of Innovation",
            "_label" : "field|name|BT-776-Lot"
          } ]
        }, {
          "id" : "GR-Lot-ProcurementType-Strategic",
          "contentType" : "group",
          "nodeId" : "ND-StrategicProcurementType",
          "displayType" : "GROUP",
          "description" : "Information (Description) about Strategic Procurement Type",
          "_label" : "group|name|ND-StrategicProcurementType",
          "_repeatable" : true,
          "content" : [ {
            "id" : "BT-06-Lot",
            "contentType" : "field",
            "displayType" : "COMBOBOX",
            "description" : "Strategic Procurement",
            "_label" : "field|name|BT-06-Lot"
          }, {
            "id" : "BT-777-Lot",
            "contentType" : "field",
            "displayType" : "TEXTAREA",
            "description" : "Strategic Procurement Description",
            "_label" : "field|name|BT-777-Lot"
          } ]
        }, {
          "id" : "GR-Lot-ProcurementType-Accessibility",
          "contentType" : "group",
          "nodeId" : "ND-AccessibilityJustification",
          "displayType" : "GROUP",
          "description" : "Justification for absence of Accessibility Criteria",
          "_label" : "group|name|ND-AccessibilityJustification",
          "content" : [ {
            "id" : "BT-754-Lot",
            "contentType" : "field",
            "displayType" : "COMBOBOX",
            "description" : "Accessibility",
            "_label" : "field|name|BT-754-Lot"
          }, {
            "id" : "BT-755-Lot",
            "contentType" : "field",
            "displayType" : "TEXTAREA",
            "description" : "Accessibility Justification",
            "_label" : "field|name|BT-755-Lot"
          } ]
        } ]
      }, {
        "id" : "GR-Lot-PlaceOfPerformance",
        "contentType" : "group",
        "nodeId" : "ND-LotPlacePerformance",
        "displayType" : "GROUP",
        "description" : "A location where the Procurement, for the Lot, should take place",
        "_label" : "group|name|ND-LotPlacePerformance",
        "_repeatable" : true,
        "content" : [ {
          "id" : "BT-5101(a)-Lot",
          "contentType" : "field",
          "displayType" : "TEXTAREA",
          "description" : "Place Performance Street",
          "_label" : "field|name|BT-5101(a)-Lot"
        }, {
          "id" : "BT-5101(b)-Lot",
          "contentType" : "field",
          "displayType" : "TEXTAREA",
          "description" : "Place Performance Streetline 1",
          "_label" : "field|name|BT-5101(b)-Lot"
        }, {
          "id" : "BT-5101(c)-Lot",
          "contentType" : "field",
          "displayType" : "TEXTAREA",
          "description" : "Place Performance Streetline 2",
          "_label" : "field|name|BT-5101(c)-Lot"
        }, {
          "id" : "BT-5131-Lot",
          "contentType" : "field",
          "displayType" : "TEXTAREA",
          "description" : "Place Performance City",
          "_label" : "field|name|BT-5131-Lot"
        }, {
          "id" : "BT-5121-Lot",
          "contentType" : "field",
          "displayType" : "TEXTAREA",
          "description" : "Place Performance Post Code",
          "_label" : "field|name|BT-5121-Lot"
        }, {
          "id" : "BT-5071-Lot",
          "contentType" : "field",
          "displayType" : "COMBOBOX",
          "description" : "Place Performance Country Subdivision",
          "_label" : "field|name|BT-5071-Lot"
        }, {
          "id" : "BT-5141-Lot",
          "contentType" : "field",
          "displayType" : "COMBOBOX",
          "description" : "Place Performance Country Code",
          "_label" : "field|name|BT-5141-Lot"
        }, {
          "id" : "BT-727-Lot",
          "contentType" : "field",
          "displayType" : "COMBOBOX",
          "description" : "Place Performance Services Other",
          "_label" : "field|name|BT-727-Lot"
        }, {
          "id" : "BT-728-Lot",
          "contentType" : "field",
          "displayType" : "TEXTAREA",
          "description" : "Place Performance Additional Information",
          "_label" : "field|name|BT-728-Lot"
        } ]
      }, {
        "id" : "GR-Lot-PlannedDuration",
        "contentType" : "group",
        "displayType" : "GROUP",
        "description" : "Planned Duration",
        "_label" : "group|name|GR-Lot-PlannedDuration",
        "content" : [ {
          "id" : "BT-538-Lot",
          "contentType" : "field",
          "displayType" : "COMBOBOX",
          "description" : "Duration Other",
          "_label" : "field|name|BT-538-Lot"
        }, {
          "id" : "BT-536-Lot",
          "contentType" : "field",
          "displayType" : "TEXTBOX",
          "description" : "Duration Start Date",
          "_label" : "field|name|BT-536-Lot"
        }, {
          "id" : "BT-537-Lot",
          "contentType" : "field",
          "displayType" : "TEXTBOX",
          "description" : "Duration End Date",
          "_label" : "field|name|BT-537-Lot"
        }, {
          "id" : "BT-36-Lot",
          "contentType" : "field",
          "displayType" : "TEXTBOX",
          "description" : "Duration Period",
          "_label" : "field|name|BT-36-Lot"
        } ]
      }, {
        "id" : "GR-Lot-ContractExtension",
        "contentType" : "group",
        "displayType" : "GROUP",
        "description" : "Contract Extension",
        "_label" : "group|name|GR-Lot-ContractExtension",
        "content" : [ {
          "id" : "BT-57-Lot",
          "contentType" : "field",
          "displayType" : "TEXTAREA",
          "description" : "Renewal Description",
          "_label" : "field|name|BT-57-Lot"
        }, {
          "id" : "BT-58-Lot",
          "contentType" : "field",
          "displayType" : "TEXTBOX",
          "description" : "Renewal Maximum",
          "_label" : "field|name|BT-58-Lot"
        } ]
      }, {
        "id" : "GR-Lot-GpaAgreement",
        "contentType" : "group",
        "displayType" : "GROUP",
        "description" : "GPA Agreement",
        "_label" : "group|name|GR-Lot-GpaAgreement",
        "content" : [ {
          "id" : "BT-115-Lot",
          "contentType" : "field",
          "displayType" : "RADIO",
          "description" : "GPA Coverage",
          "_label" : "field|name|BT-115-Lot"
        } ]
      }, {
        "id" : "GR-Lot-EUFunds-Indicator",
        "contentType" : "group",
        "displayType" : "GROUP",
        "description" : "EU Funds Indicator",
        "_label" : "group|name|GR-Lot-EUFunds-Indicator",
        "content" : [ {
          "id" : "BT-60-Lot",
          "contentType" : "field",
          "displayType" : "COMBOBOX",
          "description" : "EU Funds",
          "_label" : "field|name|BT-60-Lot"
        } ]
      }, {
        "id" : "GR-Lot-EUFunds",
        "contentType" : "group",
        "nodeId" : "ND-Funding",
        "displayType" : "GROUP",
        "description" : "Funding for a given Lot",
        "_label" : "group|name|ND-Funding",
        "_repeatable" : true,
        "content" : [ {
          "id" : "BT-7220-Lot",
          "contentType" : "field",
          "displayType" : "COMBOBOX",
          "description" : "EU Funds Programme",
          "_label" : "field|name|BT-7220-Lot"
        }, {
          "id" : "BT-5010-Lot",
          "contentType" : "field",
          "displayType" : "TEXTBOX",
          "description" : "EU Funds Financing Identifier",
          "_label" : "field|name|BT-5010-Lot"
        }, {
          "id" : "BT-6140-Lot",
          "contentType" : "field",
          "displayType" : "TEXTAREA",
          "description" : "EU Funds Details",
          "_label" : "field|name|BT-6140-Lot"
        } ]
      }, {
        "id" : "GR-Lot-FiscalLegis",
        "contentType" : "group",
        "displayType" : "GROUP",
        "description" : "Fiscal Legislation",
        "_label" : "group|name|GR-Lot-FiscalLegis",
        "content" : [ {
          "id" : "OPT-301-Lot-FiscalLegis",
          "contentType" : "field",
          "displayType" : "COMBOBOX",
          "description" : "Fiscal Legislation Organization Technical Identifier Reference",
          "_label" : "field|name|OPT-301-Lot-FiscalLegis",
          "_idSchemes" : [ "ORG", "TPO" ]
        }, {
          "id" : "OPT-110-Lot-FiscalLegis",
          "contentType" : "field",
          "displayType" : "TEXTBOX",
          "description" : "URL to Fiscal Legislation",
          "_label" : "field|name|OPT-110-Lot-FiscalLegis"
        }, {
          "id" : "OPT-111-Lot-FiscalLegis",
          "contentType" : "field",
          "displayType" : "TEXTBOX",
          "description" : "Fiscal Legislation Document ID",
          "_label" : "field|name|OPT-111-Lot-FiscalLegis"
        } ]
      }, {
        "id" : "GR-Lot-EnvironLegis",
        "contentType" : "group",
        "displayType" : "GROUP",
        "description" : "Environmental Legislation",
        "_label" : "group|name|GR-Lot-EnvironLegis",
        "content" : [ {
          "id" : "OPT-301-Lot-EnvironLegis",
          "contentType" : "field",
          "displayType" : "COMBOBOX",
          "description" : "Environmental Legislation Organization Technical Identifier Reference",
          "_label" : "field|name|OPT-301-Lot-EnvironLegis",
          "_idSchemes" : [ "ORG", "TPO" ]
        }, {
          "id" : "OPT-120-Lot-EnvironLegis",
          "contentType" : "field",
          "displayType" : "TEXTBOX",
          "description" : "URL to Environmental Legislation",
          "_label" : "field|name|OPT-120-Lot-EnvironLegis"
        }, {
          "id" : "OPT-112-Lot-EnvironLegis",
          "contentType" : "field",
          "displayType" : "TEXTBOX",
          "description" : "Environmental Legislation Document ID",
          "_label" : "field|name|OPT-112-Lot-EnvironLegis"
        } ]
      }, {
        "id" : "GR-Lot-EmployLegis",
        "contentType" : "group",
        "displayType" : "GROUP",
        "description" : "Employment Legislation",
        "_label" : "group|name|GR-Lot-EmployLegis",
        "content" : [ {
          "id" : "OPT-301-Lot-EmployLegis",
          "contentType" : "field",
          "displayType" : "COMBOBOX",
          "description" : "Employment Legislation Organization Technical Identifier Reference",
          "_label" : "field|name|OPT-301-Lot-EmployLegis",
          "_idSchemes" : [ "ORG", "TPO" ]
        }, {
          "id" : "OPT-130-Lot-EmployLegis",
          "contentType" : "field",
          "displayType" : "TEXTBOX",
          "description" : "URL to Employment Legislation",
          "_label" : "field|name|OPT-130-Lot-EmployLegis"
        }, {
          "id" : "OPT-113-Lot-EmployLegis",
          "contentType" : "field",
          "displayType" : "TEXTBOX",
          "description" : "Employment Legislation Document ID",
          "_label" : "field|name|OPT-113-Lot-EmployLegis"
        } ]
      }, {
        "id" : "GR-Lot-AdditionalInformation",
        "contentType" : "group",
        "displayType" : "GROUP",
        "description" : "Additional Information",
        "_label" : "group|name|GR-Lot-AdditionalInformation",
        "content" : [ {
          "id" : "BT-300-Lot",
          "contentType" : "field",
          "displayType" : "TEXTAREA",
          "description" : "Additional Information",
          "_label" : "field|name|BT-300-Lot"
        } ]
      } ]
    }, {
      "id" : "GR-Lot-TenderingTerms",
      "contentType" : "group",
      "displayType" : "SECTION",
      "description" : "Tendering Terms",
      "_label" : "group|name|GR-Lot-TenderingTerms",
      "content" : [ {
        "id" : "GR-Lot-SelectionCriteria-Source",
        "contentType" : "group",
        "nodeId" : "ND-SelectionCriteriaSource",
        "displayType" : "GROUP",
        "description" : "Source for Selection Criteria",
        "_label" : "group|name|ND-SelectionCriteriaSource",
        "_repeatable" : true,
        "content" : [ {
          "id" : "BT-821-Lot",
          "contentType" : "field",
          "displayType" : "COMBOBOX",
          "description" : "Selection Criteria Source",
          "_label" : "field|name|BT-821-Lot"
        } ]
      }, {
        "id" : "GR-Lot-SelectionCriteria",
        "contentType" : "group",
        "nodeId" : "ND-SelectionCriteria",
        "displayType" : "GROUP",
        "description" : "Selection Criteria including the ones for 2nd stage (Type, Name, Description, Use, Parameters)",
        "_label" : "group|name|ND-SelectionCriteria",
        "_repeatable" : true,
        "content" : [ {
          "id" : "BT-809-Lot",
          "contentType" : "field",
          "displayType" : "COMBOBOX",
          "description" : "Selection Criteria",
          "_label" : "field|name|BT-809-Lot"
        }, {
          "id" : "BT-750-Lot",
          "contentType" : "field",
          "displayType" : "TEXTAREA",
          "description" : "Selection Criteria Description",
          "_label" : "field|name|BT-750-Lot"
        } ]
      }, {
        "id" : "GR-Lot-AwardCriteria",
        "contentType" : "group",
        "nodeId" : "ND-LotAwardCriteria",
        "displayType" : "GROUP",
        "description" : "Award Criteria related information (Description, Justification, Individual Criterion …) for a Lot",
        "_label" : "group|name|ND-LotAwardCriteria",
        "content" : [ {
          "id" : "GR-Lot-AwardCriteria-Criterion",
          "contentType" : "group",
          "nodeId" : "ND-LotAwardCriterion",
          "displayType" : "GROUP",
          "description" : "Award Criterion related information (Description, Name, Parameter, Code …) for a Lot",
          "_label" : "group|name|ND-LotAwardCriterion",
          "_repeatable" : true,
          "content" : [ {
            "id" : "BT-539-Lot",
            "contentType" : "field",
            "displayType" : "COMBOBOX",
            "description" : "Award Criterion Type",
            "_label" : "field|name|BT-539-Lot"
          }, {
            "id" : "BT-540-Lot",
            "contentType" : "field",
            "displayType" : "TEXTAREA",
            "description" : "Award Criterion Description",
            "_label" : "field|name|BT-540-Lot"
          }, {
            "id" : "GR-Lot-AwardCriteria-Criterion-Parameters",
            "contentType" : "group",
            "nodeId" : "ND-LotAwardCriterionParameters",
            "displayType" : "GROUP",
            "description" : "Non UBL Native Subordinate Award Criteria elements for a Lot",
            "_label" : "group|name|ND-LotAwardCriterionParameters",
            "content" : [ {
              "id" : "GR-Lot-AwardCriteria-WeightCriterion-Parameter",
              "contentType" : "group",
              "nodeId" : "ND-LotAwardWeightCriterionParameter",
              "displayType" : "GROUP",
              "description" : "Lot Award Weight Criterion Parameter (Value and associated Code)",
              "_label" : "group|name|ND-LotAwardWeightCriterionParameter",
              "content" : [ {
                "id" : "BT-541-Lot-WeightNumber",
                "contentType" : "field",
                "displayType" : "TEXTBOX",
                "description" : "Award Criterion Weight Number",
                "_label" : "field|name|BT-541-Lot-WeightNumber"
              }, {
                "id" : "BT-5421-Lot",
                "contentType" : "field",
                "displayType" : "COMBOBOX",
                "description" : "Award Criterion Number Weight",
                "_label" : "field|name|BT-5421-Lot"
              } ]
            }, {
              "id" : "GR-Lot-AwardCriteria-FixedCriterion-Parameter",
              "contentType" : "group",
              "nodeId" : "ND-LotAwardFixedCriterionParameter",
              "displayType" : "GROUP",
              "description" : "Lot Award Fixed Criterion Parameter (Value and associated Code)",
              "_label" : "group|name|ND-LotAwardFixedCriterionParameter",
              "content" : [ {
                "id" : "BT-541-Lot-FixedNumber",
                "contentType" : "field",
                "displayType" : "TEXTBOX",
                "description" : "Award Criterion Fixed Number",
                "_label" : "field|name|BT-541-Lot-FixedNumber"
              }, {
                "id" : "BT-5422-Lot",
                "contentType" : "field",
                "displayType" : "COMBOBOX",
                "description" : "Award Criterion Number Fixed",
                "_label" : "field|name|BT-5422-Lot"
              } ]
            }, {
              "id" : "GR-Lot-AwardCriteria-ThresholdCriterion-Parameter",
              "contentType" : "group",
              "nodeId" : "ND-LotAwardThresholdCriterionParameter",
              "displayType" : "GROUP",
              "description" : "Lot Award Threshold Criterion Parameter (Value and associated Code)",
              "_label" : "group|name|ND-LotAwardThresholdCriterionParameter",
              "_repeatable" : true,
              "content" : [ {
                "id" : "BT-541-Lot-ThresholdNumber",
                "contentType" : "field",
                "displayType" : "TEXTBOX",
                "description" : "Award Criterion Threshold Number",
                "_label" : "field|name|BT-541-Lot-ThresholdNumber"
              }, {
                "id" : "BT-5423-Lot",
                "contentType" : "field",
                "displayType" : "COMBOBOX",
                "description" : "Award Criterion Number Threshold",
                "_label" : "field|name|BT-5423-Lot"
              } ]
            } ]
          }, {
            "id" : "BT-734-Lot",
            "contentType" : "field",
            "displayType" : "TEXTAREA",
            "description" : "Award Criterion Name",
            "_label" : "field|name|BT-734-Lot"
          } ]
        }, {
          "id" : "BT-543-Lot",
          "contentType" : "field",
          "displayType" : "TEXTAREA",
          "description" : "Award Criteria Complicated",
          "_label" : "field|name|BT-543-Lot"
        }, {
          "id" : "BT-733-Lot",
          "contentType" : "field",
          "displayType" : "TEXTAREA",
          "description" : "Award Criteria Order Justification",
          "_label" : "field|name|BT-733-Lot"
        } ]
      }, {
        "id" : "GR-Lot-TendererQualification",
        "contentType" : "group",
        "displayType" : "GROUP",
        "description" : "Tenderer Qualification",
        "_label" : "group|name|GR-Lot-TendererQualification",
        "content" : [ {
          "id" : "BT-761-Lot",
          "contentType" : "field",
          "displayType" : "COMBOBOX",
          "description" : "Tenderer Legal Form",
          "_label" : "field|name|BT-761-Lot"
        }, {
          "id" : "BT-76-Lot",
          "contentType" : "field",
          "displayType" : "TEXTAREA",
          "description" : "Tenderer Legal Form Description",
          "_label" : "field|name|BT-76-Lot"
        }, {
          "id" : "BT-771-Lot",
          "contentType" : "field",
          "displayType" : "COMBOBOX",
          "description" : "Late Tenderer Information",
          "_label" : "field|name|BT-771-Lot"
        }, {
          "id" : "BT-772-Lot",
          "contentType" : "field",
          "displayType" : "TEXTAREA",
          "description" : "Late Tenderer Information Description",
          "_label" : "field|name|BT-772-Lot"
        } ]
      }, {
        "id" : "GR-ReservedParticipation",
        "contentType" : "group",
        "nodeId" : "ND-LotReservedProcurement",
        "displayType" : "GROUP",
        "description" : "Reserved Procurement",
        "_label" : "group|name|ND-LotReservedProcurement",
        "_repeatable" : true,
        "content" : [ {
          "id" : "BT-71-Lot",
          "contentType" : "field",
          "displayType" : "COMBOBOX",
          "description" : "Reserved Participation",
          "_label" : "field|name|BT-71-Lot"
        } ]
      }, {
        "id" : "GR-Recurrence",
        "contentType" : "group",
        "displayType" : "GROUP",
        "description" : "Information about Recurrence",
        "_label" : "group|name|GR-Recurrence",
        "content" : [ {
          "id" : "BT-94-Lot",
          "contentType" : "field",
          "displayType" : "RADIO",
          "description" : "Recurrence",
          "_label" : "field|name|BT-94-Lot"
        }, {
          "id" : "BT-95-Lot",
          "contentType" : "field",
          "displayType" : "TEXTAREA",
          "description" : "Recurrence Description",
          "_label" : "field|name|BT-95-Lot"
        } ]
      }, {
        "id" : "GR-Lot-ExecutionRequirements",
        "contentType" : "group",
        "displayType" : "GROUP",
        "description" : "Contract Execution Requirements",
        "_label" : "group|name|GR-Lot-ExecutionRequirements",
        "content" : [ {
          "id" : "GR-Lot-ReservedExecution",
          "contentType" : "group",
          "nodeId" : "ND-LotReservedExecution",
          "displayType" : "GROUP",
          "description" : "Lot Reserved Execution",
          "_label" : "group|name|ND-LotReservedExecution",
          "content" : [ {
            "id" : "BT-736-Lot",
            "contentType" : "field",
            "displayType" : "COMBOBOX",
            "description" : "Reserved Execution",
            "_label" : "field|name|BT-736-Lot"
          } ]
        }, {
          "id" : "GR-Lot-PerformanceTerms",
          "contentType" : "group",
          "nodeId" : "ND-ExecutionRequirements",
          "displayType" : "GROUP",
          "description" : "Contract Execution Requirements (Terms of Performance Description)",
          "_label" : "group|name|ND-ExecutionRequirements",
          "content" : [ {
            "id" : "OPT-060-Lot",
            "contentType" : "field",
            "displayType" : "COMBOBOX",
            "description" : "Execution Requirements Factor",
            "_label" : "field|name|OPT-060-Lot",
            "_presetValue" : "performance",
            "hidden" : true
          }, {
            "id" : "BT-70-Lot",
            "contentType" : "field",
            "displayType" : "TEXTAREA",
            "description" : "Terms Performance",
            "_label" : "field|name|BT-70-Lot"
          } ]
        } ]
      }, {
        "id" : "GR-Lot-EInvoicing",
        "contentType" : "group",
        "nodeId" : "ND-LotEInvoicing",
        "displayType" : "GROUP",
        "description" : "Lot eInvoicing",
        "_label" : "group|name|ND-LotEInvoicing",
        "content" : [ {
          "id" : "BT-743-Lot",
          "contentType" : "field",
          "displayType" : "COMBOBOX",
          "description" : "Electronic Invoicing",
          "_label" : "field|name|BT-743-Lot"
        } ]
      }, {
        "id" : "GR-Lot-Requirements2SecurityClearance1",
        "contentType" : "group",
        "displayType" : "GROUP",
        "description" : "Requirements II / Security Clearance I",
        "_label" : "group|name|GR-Lot-Requirements2SecurityClearance1",
        "content" : [ {
          "id" : "BT-79-Lot",
          "contentType" : "field",
          "displayType" : "COMBOBOX",
          "description" : "Performing Staff Qualification",
          "_label" : "field|name|BT-79-Lot"
        }, {
          "id" : "BT-78-Lot",
          "contentType" : "field",
          "displayType" : "TEXTBOX",
          "description" : "Security Clearance Deadline",
          "_label" : "field|name|BT-78-Lot"
        } ]
      }, {
        "id" : "GR-Lot-SecurityClearance2",
        "contentType" : "group",
        "displayType" : "GROUP",
        "description" : "Security Clearance II",
        "_label" : "group|name|GR-Lot-SecurityClearance2",
        "content" : [ {
          "id" : "BT-578-Lot",
          "contentType" : "field",
          "displayType" : "COMBOBOX",
          "description" : "Security Clearance",
          "_label" : "field|name|BT-578-Lot"
        }, {
          "id" : "BT-732-Lot",
          "contentType" : "field",
          "displayType" : "TEXTAREA",
          "description" : "Security Clearance Description",
          "_label" : "field|name|BT-732-Lot"
        } ]
      }, {
        "id" : "GR-Lot-TenderingTerms-CVD",
        "contentType" : "group",
        "nodeId" : "ND-StrategicProcurementLot",
        "displayType" : "GROUP",
        "description" : "Information about the foreseen strategic procurement and associated assets: categories (Procurement, assets ...)",
        "_label" : "group|name|ND-StrategicProcurementLot",
        "content" : [ {
          "id" : "BT-717-Lot",
          "contentType" : "field",
          "displayType" : "COMBOBOX",
          "description" : "Clean Vehicles Directive",
          "_label" : "field|name|BT-717-Lot"
        }, {
          "id" : "GR-Lot-TenderingTerms-CVD-type",
          "contentType" : "group",
          "nodeId" : "ND-StrategicProcurementInformationLot",
          "displayType" : "GROUP",
          "description" : "Information about the foreseen strategic procurement and associated assets: categories (Procurement, assets ...) in the context of an applicable Legal Basis",
          "_label" : "group|name|ND-StrategicProcurementInformationLot",
          "_repeatable" : true,
          "content" : [ {
            "id" : "BT-735-Lot",
            "contentType" : "field",
            "displayType" : "COMBOBOX",
            "description" : "CVD Contract Type",
            "_label" : "field|name|BT-735-Lot"
          } ]
        } ]
      }, {
        "id" : "GR-Nda",
        "contentType" : "group",
        "nodeId" : "ND-NDA",
        "displayType" : "GROUP",
        "description" : "Description of the NDA",
        "_label" : "group|name|ND-NDA",
        "content" : [ {
          "id" : "BT-801-Lot",
          "contentType" : "field",
          "displayType" : "COMBOBOX",
          "description" : "Non Disclosure Agreement",
          "_label" : "field|name|BT-801-Lot"
        }, {
          "id" : "BT-802-Lot",
          "contentType" : "field",
          "displayType" : "TEXTAREA",
          "description" : "Non Disclosure Agreement Description",
          "_label" : "field|name|BT-802-Lot"
        } ]
      }, {
        "id" : "GR-FSR",
        "contentType" : "group",
        "nodeId" : "ND-FSR",
        "displayType" : "GROUP",
        "description" : "Applicability of the Foreign Subsidies Regulation",
        "_label" : "group|name|ND-FSR",
        "content" : [ {
          "id" : "BT-681-Lot",
          "contentType" : "field",
          "displayType" : "COMBOBOX",
          "description" : "Foreign Subsidies Regulation",
          "_label" : "field|name|BT-681-Lot"
        } ]
      }, {
        "id" : "GR-Lot-ElectronicSignatureRequired",
        "contentType" : "group",
        "nodeId" : "ND-LotESignature",
        "displayType" : "GROUP",
        "description" : "Lot eSignature",
        "_label" : "group|name|ND-LotESignature",
        "content" : [ {
          "id" : "BT-744-Lot",
          "contentType" : "field",
          "displayType" : "COMBOBOX",
          "description" : "Submission Electronic Signature",
          "_label" : "field|name|BT-744-Lot"
        } ]
      }, {
        "id" : "GR-Lot-PostAwardProcess",
        "contentType" : "group",
        "displayType" : "GROUP",
        "description" : "Post Award Process",
        "_label" : "group|name|GR-Lot-PostAwardProcess",
        "content" : [ {
          "id" : "BT-92-Lot",
          "contentType" : "field",
          "displayType" : "RADIO",
          "description" : "Electronic Ordering",
          "_label" : "field|name|BT-92-Lot"
        }, {
          "id" : "BT-93-Lot",
          "contentType" : "field",
          "displayType" : "RADIO",
          "description" : "Electronic Payment",
          "_label" : "field|name|BT-93-Lot"
        } ]
      }, {
        "id" : "GR-Lot-FinancialTerms",
        "contentType" : "group",
        "displayType" : "GROUP",
        "description" : "Financial Terms",
        "_label" : "group|name|GR-Lot-FinancialTerms",
        "content" : [ {
          "id" : "BT-77-Lot",
          "contentType" : "field",
          "displayType" : "TEXTAREA",
          "description" : "Terms Financial",
          "_label" : "field|name|BT-77-Lot"
        } ]
      }, {
        "id" : "GR-Lot-TenderReceipt",
        "contentType" : "group",
        "displayType" : "GROUP",
        "description" : "Tender Recipient Organisation",
        "_label" : "group|name|GR-Lot-TenderReceipt",
        "content" : [ {
          "id" : "OPT-301-Lot-TenderReceipt",
          "contentType" : "field",
          "displayType" : "COMBOBOX",
          "description" : "Tender Recipient Technical Identifier Reference",
          "_label" : "field|name|OPT-301-Lot-TenderReceipt",
          "_idSchemes" : [ "ORG", "TPO" ]
        } ]
      }, {
        "id" : "GR-Lot-TenderEval",
        "contentType" : "group",
        "displayType" : "GROUP",
        "description" : "Tender Evaluation Organisation",
        "_label" : "group|name|GR-Lot-TenderEval",
        "content" : [ {
          "id" : "OPT-301-Lot-TenderEval",
          "contentType" : "field",
          "displayType" : "COMBOBOX",
          "description" : "Tender Evaluator Technical Identifier Reference",
          "_label" : "field|name|OPT-301-Lot-TenderEval",
          "_idSchemes" : [ "ORG", "TPO" ]
        } ]
      } ]
    }, {
      "id" : "GR-Lot-SubmissionInfo",
      "contentType" : "group",
      "displayType" : "SECTION",
      "description" : "Submission Info",
      "_label" : "group|name|GR-Lot-SubmissionInfo",
      "content" : [ {
        "id" : "GR-Lot-Procedure",
        "contentType" : "group",
        "displayType" : "GROUP",
        "description" : "Procedure",
        "_label" : "group|name|GR-Lot-Procedure",
        "content" : [ {
          "id" : "BT-634-Lot",
          "contentType" : "field",
          "displayType" : "RADIO",
          "description" : "Procurement Relaunch",
          "_label" : "field|name|BT-634-Lot"
        } ]
      }, {
        "id" : "GR-Lot-Deadlines1",
        "contentType" : "group",
        "displayType" : "GROUP",
        "description" : "Deadlines I",
        "_label" : "group|name|GR-Lot-Deadlines1",
        "content" : [ {
          "id" : "BT-13(d)-Lot",
          "contentType" : "field",
          "displayType" : "TEXTBOX",
          "description" : "Additional Information Deadline",
          "_label" : "field|name|BT-13(d)-Lot"
        }, {
          "id" : "BT-13(t)-Lot",
          "contentType" : "field",
          "displayType" : "TEXTBOX",
          "description" : "Additional Information Deadline",
          "_label" : "field|name|BT-13(t)-Lot"
        } ]
      }, {
        "id" : "GR-Lot-TenderValidity",
        "contentType" : "group",
        "displayType" : "GROUP",
        "description" : "Tender Validity",
        "_label" : "group|name|GR-Lot-TenderValidity",
        "content" : [ {
          "id" : "BT-98-Lot",
          "contentType" : "field",
          "displayType" : "TEXTBOX",
          "description" : "Tender Validity Deadline",
          "_label" : "field|name|BT-98-Lot"
        } ]
      }, {
        "id" : "GR-Lot-Submission Language",
        "contentType" : "group",
        "nodeId" : "ND-LotSubmissionLanguage",
        "displayType" : "GROUP",
        "description" : "Submission language",
        "_label" : "group|name|ND-LotSubmissionLanguage",
        "_repeatable" : true,
        "content" : [ {
          "id" : "BT-97-Lot",
          "contentType" : "field",
          "displayType" : "COMBOBOX",
          "description" : "Submission Language",
          "_label" : "field|name|BT-97-Lot"
        } ]
      }, {
        "id" : "GR-Lot-FinancialGuarantee",
        "contentType" : "group",
        "displayType" : "GROUP",
        "description" : "Financial Guarantee",
        "_label" : "group|name|GR-Lot-FinancialGuarantee",
        "content" : [ {
          "id" : "BT-751-Lot",
          "contentType" : "field",
          "displayType" : "COMBOBOX",
          "description" : "Guarantee Required",
          "_label" : "field|name|BT-751-Lot"
        }, {
          "id" : "BT-75-Lot",
          "contentType" : "field",
          "displayType" : "TEXTAREA",
          "description" : "Guarantee Required Description",
          "_label" : "field|name|BT-75-Lot"
        } ]
      }, {
        "id" : "GR-Lot-SubmissionMethod",
        "contentType" : "group",
        "displayType" : "GROUP",
        "description" : "Submission Method",
        "_label" : "group|name|GR-Lot-SubmissionMethod",
        "content" : [ {
          "id" : "BT-17-Lot",
          "contentType" : "field",
          "displayType" : "COMBOBOX",
          "description" : "SubmissionElectronic",
          "_label" : "field|name|BT-17-Lot"
        }, {
          "id" : "BT-18-Lot",
          "contentType" : "field",
          "displayType" : "TEXTBOX",
          "description" : "Submission URL",
          "_label" : "field|name|BT-18-Lot"
        }, {
          "id" : "BT-19-Lot",
          "contentType" : "field",
          "displayType" : "COMBOBOX",
          "description" : "Submission Nonelectronic Justification",
          "_label" : "field|name|BT-19-Lot"
        }, {
          "id" : "BT-745-Lot",
          "contentType" : "field",
          "displayType" : "TEXTAREA",
          "description" : "Submission Nonelectronic Description",
          "_label" : "field|name|BT-745-Lot"
        } ]
      }, {
        "id" : "GR-Lot-ProcurementDocuments",
        "contentType" : "group",
        "nodeId" : "ND-LotProcurementDocument",
        "displayType" : "GROUP",
        "description" : "Procurement Document information for a Lot, independent from the restricted aspect",
        "_label" : "group|name|ND-LotProcurementDocument",
        "_repeatable" : true,
        "content" : [ {
          "id" : "GR-Lot-DocsAllOfficialLanguages",
          "contentType" : "group",
          "nodeId" : "ND-LotDocAllOfficialLanguages",
          "displayType" : "GROUP",
          "description" : "Lot Procurement Documents All Official Languages",
          "_label" : "group|name|ND-LotDocAllOfficialLanguages",
          "content" : [ {
            "id" : "GR-Lot-DocsOfficialLanguage",
            "contentType" : "group",
            "nodeId" : "ND-LotDocOfficialLanguage",
            "displayType" : "GROUP",
            "description" : "Lot Procurement Documents Official Language",
            "_label" : "group|name|ND-LotDocOfficialLanguage",
            "_repeatable" : true,
            "content" : [ {
              "id" : "BT-708-Lot",
              "contentType" : "field",
              "displayType" : "COMBOBOX",
              "description" : "Documents Official Language",
              "_label" : "field|name|BT-708-Lot"
            } ]
          } ]
        }, {
          "id" : "GR-Lot-DocsAllNonOfficialLanguages",
          "contentType" : "group",
          "nodeId" : "ND-LotDocAllNonOfficialLanguages",
          "displayType" : "GROUP",
          "description" : "Lot Procurement Documents all non Official Languages",
          "_label" : "group|name|ND-LotDocAllNonOfficialLanguages",
          "content" : [ {
            "id" : "GR-Lot-DocsNonOfficialLanguage",
            "contentType" : "group",
            "nodeId" : "ND-LotDocNonOfficialLanguage",
            "displayType" : "GROUP",
            "description" : "Lot Procurement Documents non Official Language",
            "_label" : "group|name|ND-LotDocNonOfficialLanguage",
            "_repeatable" : true,
            "content" : [ {
              "id" : "BT-737-Lot",
              "contentType" : "field",
              "displayType" : "COMBOBOX",
              "description" : "Documents Unofficial Language",
              "_label" : "field|name|BT-737-Lot"
            } ]
          } ]
        }, {
          "id" : "BT-14-Lot",
          "contentType" : "field",
          "displayType" : "COMBOBOX",
          "description" : "Documents Restricted",
          "_label" : "field|name|BT-14-Lot"
        }, {
          "id" : "BT-707-Lot",
          "contentType" : "field",
          "displayType" : "COMBOBOX",
          "description" : "Documents Restricted Justification",
          "_label" : "field|name|BT-707-Lot"
        }, {
          "id" : "BT-15-Lot",
          "contentType" : "field",
          "displayType" : "TEXTBOX",
          "description" : "Documents URL",
          "_label" : "field|name|BT-15-Lot"
        }, {
          "id" : "BT-615-Lot",
          "contentType" : "field",
          "displayType" : "TEXTBOX",
          "description" : "Documents Restricted URL",
          "_label" : "field|name|BT-615-Lot"
        }, {
          "id" : "OPT-140-Lot",
          "contentType" : "field",
          "displayType" : "TEXTBOX",
          "description" : "Procurement Documents ID",
          "_label" : "field|name|OPT-140-Lot"
        } ]
      }, {
        "id" : "GR-Lot-SubmissionTool",
        "contentType" : "group",
        "displayType" : "GROUP",
        "description" : "Submission Tool",
        "_label" : "group|name|GR-Lot-SubmissionTool",
        "content" : [ {
          "id" : "BT-632-Lot",
          "contentType" : "field",
          "displayType" : "TEXTAREA",
          "description" : "Tool Name",
          "_label" : "field|name|BT-632-Lot"
        }, {
          "id" : "BT-124-Lot",
          "contentType" : "field",
          "displayType" : "TEXTBOX",
          "description" : "Tool Atypical URL",
          "_label" : "field|name|BT-124-Lot"
        } ]
      }, {
        "id" : "GR-Lot-AddInfo",
        "contentType" : "group",
        "displayType" : "GROUP",
        "description" : "Additional Information Providing Organisation",
        "_label" : "group|name|GR-Lot-AddInfo",
        "content" : [ {
          "id" : "OPT-301-Lot-AddInfo",
          "contentType" : "field",
          "displayType" : "COMBOBOX",
          "description" : "Additional Info Provider Technical Identifier Reference",
          "_label" : "field|name|OPT-301-Lot-AddInfo",
          "_idSchemes" : [ "ORG", "TPO" ]
        } ]
      }, {
        "id" : "GR-Lot-DocProvider",
        "contentType" : "group",
        "displayType" : "GROUP",
        "description" : "Documents Providing Organisation",
        "_label" : "group|name|GR-Lot-DocProvider",
        "content" : [ {
          "id" : "OPT-301-Lot-DocProvider",
          "contentType" : "field",
          "displayType" : "COMBOBOX",
          "description" : "Document Provider Technical Identifier Reference",
          "_label" : "field|name|OPT-301-Lot-DocProvider",
          "_idSchemes" : [ "ORG", "TPO" ]
        } ]
      } ]
    }, {
      "id" : "GR-Lot-Review",
      "contentType" : "group",
      "displayType" : "SECTION",
      "description" : "Review",
      "_label" : "group|name|GR-Lot-Review",
      "content" : [ {
        "id" : "GR-Lot-Deadline",
        "contentType" : "group",
        "displayType" : "GROUP",
        "description" : "Review Deadlines",
        "_label" : "group|name|GR-Lot-Deadline",
        "content" : [ {
          "id" : "BT-99-Lot",
          "contentType" : "field",
          "displayType" : "TEXTAREA",
          "description" : "Review Deadline Description",
          "_label" : "field|name|BT-99-Lot"
        } ]
      }, {
        "id" : "GR-Lot-ReviewOrg",
        "contentType" : "group",
        "displayType" : "GROUP",
        "description" : "Review Organisation",
        "_label" : "group|name|GR-Lot-ReviewOrg",
        "content" : [ {
          "id" : "OPT-301-Lot-ReviewOrg",
          "contentType" : "field",
          "displayType" : "COMBOBOX",
          "description" : "Review Organization Technical Identifier Reference",
          "_label" : "field|name|OPT-301-Lot-ReviewOrg",
          "_idSchemes" : [ "ORG", "TPO" ]
        } ]
      }, {
        "id" : "GR-Lot-ReviewInfo",
        "contentType" : "group",
        "displayType" : "GROUP",
        "description" : "Review Information Providing Organisation",
        "_label" : "group|name|GR-Lot-ReviewInfo",
        "content" : [ {
          "id" : "OPT-301-Lot-ReviewInfo",
          "contentType" : "field",
          "displayType" : "COMBOBOX",
          "description" : "Review Info Provider Technical Identifier Reference",
          "_label" : "field|name|OPT-301-Lot-ReviewInfo",
          "_idSchemes" : [ "ORG", "TPO" ]
        } ]
      }, {
        "id" : "GR-Lot-Mediator",
        "contentType" : "group",
        "displayType" : "GROUP",
        "description" : "Mediation Organisation",
        "_label" : "group|name|GR-Lot-Mediator",
        "content" : [ {
          "id" : "OPT-301-Lot-Mediator",
          "contentType" : "field",
          "displayType" : "COMBOBOX",
          "description" : "Mediator Technical Identifier Reference",
          "_label" : "field|name|OPT-301-Lot-Mediator",
          "_idSchemes" : [ "ORG", "TPO" ]
        } ]
      } ]
    } ]
  }, {
    "id" : "GR-Change",
    "contentType" : "group",
    "displayType" : "SECTION",
    "description" : "Change",
    "_label" : "group|name|GR-Change",
    "content" : [ {
      "id" : "BT-140-notice",
      "contentType" : "field",
      "displayType" : "COMBOBOX",
      "description" : "Change Reason Code",
      "_label" : "field|name|BT-140-notice",
      "readOnly" : true
    }, {
      "id" : "BT-762-notice",
      "contentType" : "field",
      "displayType" : "TEXTAREA",
      "description" : "Change Reason Description",
      "_label" : "field|name|BT-762-notice"
    }, {
      "id" : "BT-758-notice",
      "contentType" : "field",
      "displayType" : "TEXTBOX",
      "description" : "Change Notice Version Identifier",
      "_label" : "field|name|BT-758-notice",
      "readOnly" : true
    }, {
      "id" : "GR-ChangeSections",
      "contentType" : "group",
      "nodeId" : "ND-Change",
      "displayType" : "GROUP",
      "description" : "Information associated to a single Change (Section, Description & Procurement Documents)",
      "_label" : "group|name|ND-Change",
      "_repeatable" : true,
      "content" : [ {
        "id" : "GR-ChangedSectionIdentifiers",
        "contentType" : "group",
        "nodeId" : "ND-ChangedSection",
        "displayType" : "GROUP",
        "description" : "Section subject to change",
        "_label" : "group|name|ND-ChangedSection",
        "_repeatable" : true,
        "content" : [ {
          "id" : "BT-13716-notice",
          "contentType" : "field",
          "displayType" : "TEXTBOX",
          "description" : "Change Previous Section Identifier",
          "_label" : "field|name|BT-13716-notice",
          "_idSchemes" : [ "CON", "GLO", "LOT", "ORG", "PAR", "RES", "TEN", "TPA", "TPO", "UBO" ]
        } ]
      }, {
        "id" : "BT-141(a)-notice",
        "contentType" : "field",
        "displayType" : "TEXTAREA",
        "description" : "Change Description",
        "_label" : "field|name|BT-141(a)-notice"
      }, {
        "id" : "BT-718-notice",
        "contentType" : "field",
        "displayType" : "RADIO",
        "description" : "Change Procurement Documents",
        "_label" : "field|name|BT-718-notice"
      }, {
        "id" : "BT-719-notice",
        "contentType" : "field",
        "displayType" : "TEXTBOX",
        "description" : "Change Procurement Documents Date",
        "_label" : "field|name|BT-719-notice"
      } ]
    } ]
  }, {
    "id" : "GR-Organisations-Section",
    "contentType" : "group",
    "displayType" : "SECTION",
    "description" : "Organisations",
    "_label" : "group|name|GR-Organisations-Section",
    "content" : [ {
      "id" : "GR-Organisations",
      "contentType" : "group",
      "nodeId" : "ND-Organization",
      "displayType" : "GROUP",
      "description" : "A Party involved in the Competition from either side (Buyer or Tenderer) with a Legal Entity (Company) and possibly additional Contact Points (touchpoints)",
      "_label" : "group|name|ND-Organization",
      "_idScheme" : "ORG",
      "_schemeName" : "organization",
      "businessEntityId" : "organization",
      "_identifierFieldId" : "OPT-200-Organization-Company",
      "_captionFieldId" : "BT-500-Organization-Company",
      "_repeatable" : true,
      "content" : [ {
        "id" : "OPT-200-Organization-Company",
        "contentType" : "field",
        "displayType" : "TEXTBOX",
        "description" : "Organisation Technical Identifier",
        "_label" : "field|name|OPT-200-Organization-Company",
        "_idScheme" : "ORG",
        "_schemeName" : "organization",
        "hidden" : true
      }, {
        "id" : "GR-Company",
        "contentType" : "group",
        "displayType" : "GROUP",
        "description" : "Organisation",
        "_label" : "group|name|GR-Company",
        "content" : [ {
          "id" : "BT-500-Organization-Company",
          "contentType" : "field",
          "displayType" : "TEXTAREA",
          "description" : "Organisation Name",
          "_label" : "field|name|BT-500-Organization-Company"
        }, {
          "id" : "GR-Organisation-Identifier",
          "contentType" : "group",
          "nodeId" : "ND-CompanyLegalEntity",
          "displayType" : "GROUP",
          "description" : "Company legal identifier",
          "_label" : "group|name|ND-CompanyLegalEntity",
          "_repeatable" : true,
          "content" : [ {
            "id" : "BT-501-Organization-Company",
            "contentType" : "field",
            "displayType" : "TEXTBOX",
            "description" : "Organisation Identifier",
            "_label" : "field|name|BT-501-Organization-Company"
          } ]
        }, {
          "id" : "BT-16-Organization-Company",
          "contentType" : "field",
          "displayType" : "TEXTAREA",
          "description" : "Organisation Part Name",
          "_label" : "field|name|BT-16-Organization-Company"
        }, {
          "id" : "BT-505-Organization-Company",
          "contentType" : "field",
          "displayType" : "TEXTBOX",
          "description" : "Organisation Internet Address",
          "_label" : "field|name|BT-505-Organization-Company"
        }, {
          "id" : "BT-509-Organization-Company",
          "contentType" : "field",
          "displayType" : "TEXTBOX",
          "description" : "Organisation eDelivery Gateway",
          "_label" : "field|name|BT-509-Organization-Company"
        } ]
      }, {
        "id" : "GR-Company-Address",
        "contentType" : "group",
        "displayType" : "GROUP",
        "description" : "Organisation Address",
        "_label" : "group|name|GR-Company-Address",
        "content" : [ {
          "id" : "BT-510(a)-Organization-Company",
          "contentType" : "field",
          "displayType" : "TEXTAREA",
          "description" : "Street",
          "_label" : "field|name|BT-510(a)-Organization-Company"
        }, {
          "id" : "BT-510(b)-Organization-Company",
          "contentType" : "field",
          "displayType" : "TEXTAREA",
          "description" : "Streetline 1",
          "_label" : "field|name|BT-510(b)-Organization-Company"
        }, {
          "id" : "BT-510(c)-Organization-Company",
          "contentType" : "field",
          "displayType" : "TEXTAREA",
          "description" : "Streetline 2",
          "_label" : "field|name|BT-510(c)-Organization-Company"
        }, {
          "id" : "BT-513-Organization-Company",
          "contentType" : "field",
          "displayType" : "TEXTAREA",
          "description" : "Organisation City",
          "_label" : "field|name|BT-513-Organization-Company"
        }, {
          "id" : "BT-512-Organization-Company",
          "contentType" : "field",
          "displayType" : "TEXTAREA",
          "description" : "Organisation Post Code",
          "_label" : "field|name|BT-512-Organization-Company"
        }, {
          "id" : "BT-507-Organization-Company",
          "contentType" : "field",
          "displayType" : "COMBOBOX",
          "description" : "Organisation Country Subdivision",
          "_label" : "field|name|BT-507-Organization-Company"
        }, {
          "id" : "BT-514-Organization-Company",
          "contentType" : "field",
          "displayType" : "COMBOBOX",
          "description" : "Organisation Country Code",
          "_label" : "field|name|BT-514-Organization-Company"
        } ]
      }, {
        "id" : "GR-Company-Contact",
        "contentType" : "group",
        "displayType" : "GROUP",
        "description" : "Organisation Contact",
        "_label" : "group|name|GR-Company-Contact",
        "content" : [ {
          "id" : "BT-502-Organization-Company",
          "contentType" : "field",
          "displayType" : "TEXTAREA",
          "description" : "Organisation Contact Point",
          "_label" : "field|name|BT-502-Organization-Company"
        }, {
          "id" : "BT-506-Organization-Company",
          "contentType" : "field",
          "displayType" : "TEXTBOX",
          "description" : "Organisation Contact Email Address",
          "_label" : "field|name|BT-506-Organization-Company"
        }, {
          "id" : "BT-503-Organization-Company",
          "contentType" : "field",
          "displayType" : "TEXTBOX",
          "description" : "Organisation Contact Telephone Number",
          "_label" : "field|name|BT-503-Organization-Company"
        }, {
          "id" : "BT-739-Organization-Company",
          "contentType" : "field",
          "displayType" : "TEXTBOX",
          "description" : "Organisation Contact Fax",
          "_label" : "field|name|BT-739-Organization-Company"
        } ]
      }, {
        "id" : "GR-Company-BuyerExclusive",
        "contentType" : "group",
        "displayType" : "GROUP",
        "description" : "Buyer Exclusive",
        "_label" : "group|name|GR-Company-BuyerExclusive",
        "content" : [ {
          "id" : "OPP-050-Organization",
          "contentType" : "field",
          "displayType" : "RADIO",
          "description" : "Buyers Group Lead Indicator",
          "_label" : "field|name|OPP-050-Organization"
        }, {
          "id" : "OPP-051-Organization",
          "contentType" : "field",
          "displayType" : "RADIO",
          "description" : "Awarding CPB Buyer Indicator",
          "_label" : "field|name|OPP-051-Organization"
        }, {
          "id" : "OPP-052-Organization",
          "contentType" : "field",
          "displayType" : "RADIO",
          "description" : "Acquiring CPB Buyer Indicator",
          "_label" : "field|name|OPP-052-Organization"
        } ]
      }, {
        "id" : "GR-Touch-Point",
        "contentType" : "group",
        "nodeId" : "ND-Touchpoint",
        "displayType" : "GROUP",
        "description" : "Contact details associated to a given role",
        "_label" : "group|name|ND-Touchpoint",
        "_idScheme" : "TPO",
        "_schemeName" : "touchpoint",
        "businessEntityId" : "touchpoint",
        "_identifierFieldId" : "OPT-201-Organization-TouchPoint",
        "_captionFieldId" : "BT-500-Organization-TouchPoint",
        "_repeatable" : true,
        "collapsed" : true,
        "content" : [ {
          "id" : "OPT-201-Organization-TouchPoint",
          "contentType" : "field",
          "displayType" : "TEXTBOX",
          "description" : "TouchPoint Technical Identifier",
          "_label" : "field|name|OPT-201-Organization-TouchPoint",
          "_idScheme" : "TPO",
          "_schemeName" : "touchpoint",
          "hidden" : true
        }, {
          "id" : "BT-500-Organization-TouchPoint",
          "contentType" : "field",
          "displayType" : "TEXTAREA",
          "description" : "Name",
          "_label" : "field|name|BT-500-Organization-TouchPoint"
        }, {
          "id" : "BT-16-Organization-TouchPoint",
          "contentType" : "field",
          "displayType" : "TEXTAREA",
          "description" : "Part Name",
          "_label" : "field|name|BT-16-Organization-TouchPoint"
        }, {
          "id" : "BT-505-Organization-TouchPoint",
          "contentType" : "field",
          "displayType" : "TEXTBOX",
          "description" : "Internet Address",
          "_label" : "field|name|BT-505-Organization-TouchPoint"
        }, {
          "id" : "BT-509-Organization-TouchPoint",
          "contentType" : "field",
          "displayType" : "TEXTBOX",
          "description" : "eDelivery Gateway",
          "_label" : "field|name|BT-509-Organization-TouchPoint"
        }, {
          "id" : "GR-TouchPoint-Address",
          "contentType" : "group",
          "displayType" : "GROUP",
          "description" : "TouchPoint Address",
          "_label" : "group|name|GR-TouchPoint-Address",
          "content" : [ {
            "id" : "BT-510(a)-Organization-TouchPoint",
            "contentType" : "field",
            "displayType" : "TEXTAREA",
            "description" : "Street",
            "_label" : "field|name|BT-510(a)-Organization-TouchPoint"
          }, {
            "id" : "BT-510(b)-Organization-TouchPoint",
            "contentType" : "field",
            "displayType" : "TEXTAREA",
            "description" : "Streetline 1",
            "_label" : "field|name|BT-510(b)-Organization-TouchPoint"
          }, {
            "id" : "BT-510(c)-Organization-TouchPoint",
            "contentType" : "field",
            "displayType" : "TEXTAREA",
            "description" : "Streetline 2",
            "_label" : "field|name|BT-510(c)-Organization-TouchPoint"
          }, {
            "id" : "BT-513-Organization-TouchPoint",
            "contentType" : "field",
            "displayType" : "TEXTAREA",
            "description" : "City",
            "_label" : "field|name|BT-513-Organization-TouchPoint"
          }, {
            "id" : "BT-512-Organization-TouchPoint",
            "contentType" : "field",
            "displayType" : "TEXTAREA",
            "description" : "Post Code",
            "_label" : "field|name|BT-512-Organization-TouchPoint"
          }, {
            "id" : "BT-507-Organization-TouchPoint",
            "contentType" : "field",
            "displayType" : "COMBOBOX",
            "description" : "Country Subdivision",
            "_label" : "field|name|BT-507-Organization-TouchPoint"
          }, {
            "id" : "BT-514-Organization-TouchPoint",
            "contentType" : "field",
            "displayType" : "COMBOBOX",
            "description" : "Country Code",
            "_label" : "field|name|BT-514-Organization-TouchPoint"
          } ]
        }, {
          "id" : "GR-TouchPoint-Contact",
          "contentType" : "group",
          "displayType" : "GROUP",
          "description" : "TouchPoint Contact",
          "_label" : "group|name|GR-TouchPoint-Contact",
          "content" : [ {
            "id" : "BT-502-Organization-TouchPoint",
            "contentType" : "field",
            "displayType" : "TEXTAREA",
            "description" : "Contact Point",
            "_label" : "field|name|BT-502-Organization-TouchPoint"
          }, {
            "id" : "BT-506-Organization-TouchPoint",
            "contentType" : "field",
            "displayType" : "TEXTBOX",
            "description" : "Contact Email Address",
            "_label" : "field|name|BT-506-Organization-TouchPoint"
          }, {
            "id" : "BT-503-Organization-TouchPoint",
            "contentType" : "field",
            "displayType" : "TEXTBOX",
            "description" : "Contact Telephone Number",
            "_label" : "field|name|BT-503-Organization-TouchPoint"
          }, {
            "id" : "BT-739-Organization-TouchPoint",
            "contentType" : "field",
            "displayType" : "TEXTBOX",
            "description" : "Contact Fax",
            "_label" : "field|name|BT-739-Organization-TouchPoint"
          } ]
        } ]
      } ]
    } ]
  } ]
}