<?xml version="1.0" encoding="UTF-8"?>
<?xml-stylesheet type="text/xsl" href="irsaliye.xslt"?>
<DespatchAdvice xmlns="urn:oasis:names:specification:ubl:schema:xsd:DespatchAdvice-2"
	xmlns:cac="urn:oasis:names:specification:ubl:schema:xsd:CommonAggregateComponents-2"
	xmlns:cbc="urn:oasis:names:specification:ubl:schema:xsd:CommonBasicComponents-2"
	xmlns:xsi="http://www.w3.org/2001/XMLSchema-instance"
	xmlns:ext="urn:oasis:names:specification:ubl:schema:xsd:CommonExtensionComponents-2"
	xsi:schemaLocation="urn:oasis:names:specification:ubl:schema:xsd:DespatchAdvice-2 ../xsdrt/maindoc/UBL-DespatchAdvice-2.1.xsd"
	xmlns:n4="http://www.altova.com/samplexml/other-namespace">
	<ext:UBLExtensions>
		<ext:UBLExtension>
			<ext:ExtensionContent>
				<n4:auto-generated_for_wildcard/>
			</ext:ExtensionContent>
		</ext:UBLExtension>
	</ext:UBLExtensions>
	<cbc:UBLVersionID>2.1</cbc:UBLVersionID>
	<cbc:CustomizationID>TR1.2.1</cbc:CustomizationID>
	<cbc:ProfileID>TEMELIRSALIYE</cbc:ProfileID>
	<cbc:ID>GIB2016000000012</cbc:ID>
	<cbc:CopyIndicator>false</cbc:CopyIndicator>
	<cbc:UUID>F47AC10B-58CC-4372-A567-0E02B2C3D479</cbc:UUID>
	<cbc:IssueDate>2016-08-14</cbc:IssueDate>
	<cbc:IssueTime>09:00:00</cbc:IssueTime>
	<cbc:DespatchAdviceTypeCode>SEVK</cbc:DespatchAdviceTypeCode>
	<cac:OrderReference>
		<cbc:ID>GIB2016000000033</cbc:ID>
		<cbc:IssueDate>2016-08-14</cbc:IssueDate>
	</cac:OrderReference>
	<cac:Signature>
		<cbc:ID schemeID="VKN_TCKN">1288331521</cbc:ID>
		<cac:SignatoryParty>
			<cac:PartyIdentification>
				<cbc:ID schemeID="VKN">1288331521</cbc:ID>
			</cac:PartyIdentification>
			<cac:PostalAddress>
				<cbc:StreetName>Papatya Caddesi Yasemin Sokak</cbc:StreetName>
				<cbc:BuildingNumber>21</cbc:BuildingNumber>
				<cbc:CitySubdivisionName>Beşiktaş</cbc:CitySubdivisionName>
				<cbc:CityName>İstanbul</cbc:CityName>
				<cbc:PostalZone>34100</cbc:PostalZone>
				<cac:Country>
					<cbc:Name>Türkiye</cbc:Name>
				</cac:Country>
			</cac:PostalAddress>
		</cac:SignatoryParty>
		<cac:DigitalSignatureAttachment>
			<cac:ExternalReference>
				<cbc:URI>#Signature</cbc:URI>
			</cac:ExternalReference>
		</cac:DigitalSignatureAttachment>
	</cac:Signature>
	<cac:DespatchSupplierParty>
		<cac:Party>
			<cbc:WebsiteURI>http://www.aaa.com.tr/</cbc:WebsiteURI>
			<cac:PartyIdentification>
				<cbc:ID schemeID="VKN">1288331521</cbc:ID>
			</cac:PartyIdentification>
			<cac:PartyName>
				<cbc:Name>AAA Anonim Şirketi</cbc:Name>
			</cac:PartyName>
			<cac:PostalAddress>
				<cbc:ID>1234567890</cbc:ID>
				<cbc:StreetName>Papatya Caddesi Yasemin Sokak</cbc:StreetName>
				<cbc:BuildingNumber>21</cbc:BuildingNumber>
				<cbc:CitySubdivisionName>Beşiktaş</cbc:CitySubdivisionName>
				<cbc:CityName>İstanbul</cbc:CityName>
				<cbc:PostalZone>34100</cbc:PostalZone>
				<cac:Country>
					<cbc:Name>Türkiye</cbc:Name>
				</cac:Country>
			</cac:PostalAddress>
			<cac:PhysicalLocation>
				<cbc:ID>Depo Şube</cbc:ID>
				<cac:Address>
					<cbc:ID>1234567895</cbc:ID>
					<cbc:StreetName>Ihlamur Mahallesi Selvi Caddesi Sedir Sokak</cbc:StreetName>
					<cbc:BuildingNumber>79/A</cbc:BuildingNumber>
					<cbc:CitySubdivisionName>Balgat</cbc:CitySubdivisionName>
					<cbc:CityName>Ankara</cbc:CityName>
					<cbc:PostalZone>06800</cbc:PostalZone>
					<cac:Country>
						<cbc:Name>Türkiye</cbc:Name>
					</cac:Country>
				</cac:Address>
			</cac:PhysicalLocation>
			<cac:PartyTaxScheme>
				<cac:TaxScheme>
					<cbc:Name>Büyük Mükellefler</cbc:Name>
				</cac:TaxScheme>
			</cac:PartyTaxScheme>
			<cac:Contact>
				<cbc:Telephone>(212) 925 51515</cbc:Telephone>
				<cbc:Telefax>(212) 925505015</cbc:Telefax>
				<cbc:ElectronicMail>aa@aaa.com.tr</cbc:ElectronicMail>
			</cac:Contact>
		</cac:Party>
		<cac:DespatchContact>
			<cbc:Name>Cemal Temiz</cbc:Name>
		</cac:DespatchContact>			
	</cac:DespatchSupplierParty>
	<cac:DeliveryCustomerParty>
		<cac:Party>
			<cbc:WebsiteURI>http://www.bbb.com.tr/</cbc:WebsiteURI>
			<cac:PartyIdentification>
				<cbc:ID schemeID="VKN">9205121120</cbc:ID>
			</cac:PartyIdentification>
			<cac:PartyIdentification>
				<cbc:ID schemeID="MUSTERINO">120010751</cbc:ID>
			</cac:PartyIdentification>
			<cac:PartyName>
				<cbc:Name>BBB Limited Şirketi</cbc:Name>
			</cac:PartyName>
			<cac:PostalAddress>
				<cbc:ID>1234567890</cbc:ID>
				<cbc:StreetName>Ihlamur Mahallesi Selvi Caddesi Sedir Sokak</cbc:StreetName>
				<cbc:BuildingNumber>75/A</cbc:BuildingNumber>
				<cbc:CitySubdivisionName>Kızılay</cbc:CitySubdivisionName>
				<cbc:CityName>Ankara</cbc:CityName>
				<cbc:PostalZone>06100</cbc:PostalZone>
				<cac:Country>
					<cbc:Name>Türkiye</cbc:Name>
				</cac:Country>
			</cac:PostalAddress>
			<cac:PartyTaxScheme>
				<cac:TaxScheme>
					<cbc:Name>Çankaya</cbc:Name>
				</cac:TaxScheme>
			</cac:PartyTaxScheme>
			<cac:Contact>
				<cbc:Telephone>(312) 621 1112</cbc:Telephone>
				<cbc:Telefax>(312) 621 1011</cbc:Telefax>
				<cbc:ElectronicMail>bb@bbb.com.tr</cbc:ElectronicMail>
			</cac:Contact>
		</cac:Party>
	</cac:DeliveryCustomerParty>
	<cac:Shipment>
		<cbc:ID/>
		<cac:ShipmentStage>
			<cac:TransportMeans>
				<cac:RoadTransport>
					<cbc:LicensePlateID schemeID="PLAKA">06DR4077</cbc:LicensePlateID>
				</cac:RoadTransport>
			</cac:TransportMeans>
			<cac:DriverPerson>
				<cbc:FirstName>Mehmet</cbc:FirstName>
				<cbc:FamilyName>Öztürk</cbc:FamilyName>
				<cbc:Title>Şoför</cbc:Title>
				<cbc:NationalityID>14922266699</cbc:NationalityID>
			</cac:DriverPerson>
			<cac:DriverPerson>
				<cbc:FirstName>Mustafa</cbc:FirstName>
				<cbc:FamilyName>Öztürk</cbc:FamilyName>
				<cbc:Title>Şoför</cbc:Title>
				<cbc:NationalityID>14922266600</cbc:NationalityID>
			</cac:DriverPerson>
		</cac:ShipmentStage>
		<cac:Delivery>
			<cac:CarrierParty>
				<cac:PartyIdentification>
					<cbc:ID schemeID="VKN">1288331523</cbc:ID>
				</cac:PartyIdentification>
				<cac:PartyName>
					<cbc:Name>CCC Lojistik Anonim Şirketi</cbc:Name>
				</cac:PartyName>
				<cac:PostalAddress>
					<cbc:CitySubdivisionName>Osmancık</cbc:CitySubdivisionName>
					<cbc:CityName>Çorum</cbc:CityName>
					<cac:Country>
						<cbc:Name>Türkiye</cbc:Name>
					</cac:Country>
				</cac:PostalAddress>
			</cac:CarrierParty>
			<cac:Despatch>
				<cbc:ActualDespatchDate>2016-08-14</cbc:ActualDespatchDate>
				<cbc:ActualDespatchTime>09:00:00</cbc:ActualDespatchTime>
			</cac:Despatch>
		</cac:Delivery>
		<cac:TransportHandlingUnit>
			<cac:TransportEquipment>
				<cbc:ID schemeID="DORSEPLAKA">06DR4088</cbc:ID>
			</cac:TransportEquipment>
			<cac:TransportEquipment>
				<cbc:ID schemeID="DORSEPLAKA">06DR4099</cbc:ID>
			</cac:TransportEquipment>
		</cac:TransportHandlingUnit>
	</cac:Shipment>
	<cac:DespatchLine>
		<cbc:ID>1</cbc:ID>
		<cbc:DeliveredQuantity unitCode="C62">10</cbc:DeliveredQuantity>
		<cbc:OutstandingQuantity unitCode="C62">10</cbc:OutstandingQuantity>
		<cbc:OutstandingReason>Ürünlerin 10 tanesi daha sonra
			gönderilecektir.</cbc:OutstandingReason>
		<cac:OrderLineReference>
			<cbc:LineID>1</cbc:LineID>
		</cac:OrderLineReference>
		<cac:Item>
			<cbc:Name>Masa Üstü Bilgisayar</cbc:Name>
			<cac:SellersItemIdentification>
				<cbc:ID>PNC1234</cbc:ID>
			</cac:SellersItemIdentification>
		</cac:Item>
	</cac:DespatchLine>
	<cac:DespatchLine>
		<cbc:ID>2</cbc:ID>
		<cbc:DeliveredQuantity unitCode="C62">10</cbc:DeliveredQuantity>
		<cbc:OutstandingQuantity unitCode="C62">2</cbc:OutstandingQuantity>
		<cbc:OutstandingReason>Ürünlerin 2 tanesi daha sonra
			gönderilecektir.</cbc:OutstandingReason>
		<cac:OrderLineReference>
			<cbc:LineID>2</cbc:LineID>
		</cac:OrderLineReference>
		<cac:Item>
			<cbc:Name>Notebook Bilgisayar</cbc:Name>
			<cac:SellersItemIdentification>
				<cbc:ID>PNC1235</cbc:ID>
			</cac:SellersItemIdentification>
		</cac:Item>
	</cac:DespatchLine>
	<cac:DespatchLine>
		<cbc:ID>3</cbc:ID>
		<cbc:DeliveredQuantity unitCode="C62">12</cbc:DeliveredQuantity>
		<cac:OrderLineReference>
			<cbc:LineID>3</cbc:LineID>
		</cac:OrderLineReference>
		<cac:Item>
			<cbc:Name>Notebook Çantası</cbc:Name>
			<cac:SellersItemIdentification>
				<cbc:ID>PNC1236</cbc:ID>
			</cac:SellersItemIdentification>
		</cac:Item>
	</cac:DespatchLine>
	<cac:DespatchLine>
		<cbc:ID>4</cbc:ID>
		<cbc:DeliveredQuantity unitCode="C62">2</cbc:DeliveredQuantity>
		<cac:OrderLineReference>
			<cbc:LineID>4</cbc:LineID>
		</cac:OrderLineReference>
		<cac:Item>
			<cbc:Name>Yazıcı</cbc:Name>
			<cac:SellersItemIdentification>
				<cbc:ID>PNC1237</cbc:ID>
			</cac:SellersItemIdentification>
		</cac:Item>
	</cac:DespatchLine>
</DespatchAdvice>
