<?xml version="1.0" encoding="UTF-8"?>
<?xml-stylesheet type="text/xsl" href="general.xslt"?>
<Invoice xsi:schemaLocation="urn:oasis:names:specification:ubl:schema:xsd:Invoice-2 ../xsdrt/maindoc/UBL-Invoice-2.1.xsd" xmlns="urn:oasis:names:specification:ubl:schema:xsd:Invoice-2" xmlns:n4="http://www.altova.com/samplexml/other-namespace" xmlns:xsi="http://www.w3.org/2001/XMLSchema-instance" xmlns:cac="urn:oasis:names:specification:ubl:schema:xsd:CommonAggregateComponents-2" xmlns:cbc="urn:oasis:names:specification:ubl:schema:xsd:CommonBasicComponents-2" xmlns:ext="urn:oasis:names:specification:ubl:schema:xsd:CommonExtensionComponents-2">
	<ext:UBLExtensions>
		<ext:UBLExtension>
			<ext:ExtensionContent>
				<n4:auto-generated_for_wildcard/>
			</ext:ExtensionContent>
		</ext:UBLExtension>
	</ext:UBLExtensions>
	<cbc:UBLVersionID>2.1</cbc:UBLVersionID>
	<cbc:CustomizationID>TR1.2</cbc:CustomizationID>
	<cbc:ProfileID>TICARIFATURA</cbc:ProfileID>
	<cbc:ID>SRM2012000045142</cbc:ID>
	<cbc:CopyIndicator>false</cbc:CopyIndicator>
	<cbc:UUID>F47AC10B-58CC-4372-A567-0E02B2C3D479</cbc:UUID>
	<cbc:IssueDate>2012-08-29</cbc:IssueDate>
	<cbc:InvoiceTypeCode>SATIS</cbc:InvoiceTypeCode>
	<cbc:DocumentCurrencyCode>TRY</cbc:DocumentCurrencyCode>
	<cbc:LineCountNumeric>1</cbc:LineCountNumeric>
	<cac:DespatchDocumentReference>
		<cbc:ID>116669</cbc:ID>
		<cbc:IssueDate>2012-08-29</cbc:IssueDate>
	</cac:DespatchDocumentReference>
	<cac:Signature>
		<cbc:ID schemeID="VKN_TCKN">1288331521</cbc:ID>
		<cac:SignatoryParty>
			<cac:PartyIdentification>
				<cbc:ID schemeID="VKN">1288331521</cbc:ID>
			</cac:PartyIdentification>
			<cac:PostalAddress>
				<cbc:StreetName>Papatya Caddesi Yasemin Sokak</cbc:StreetName>
				<cbc:BuildingNumber>21</cbc:BuildingNumber>
				<cbc:CitySubdivisionName>Beşiktaş</cbc:CitySubdivisionName>
				<cbc:CityName>İstanbul</cbc:CityName>
				<cbc:PostalZone>34100</cbc:PostalZone>
				<cac:Country>
					<cbc:Name>Türkiye</cbc:Name>
				</cac:Country>
			</cac:PostalAddress>
		</cac:SignatoryParty>
		<cac:DigitalSignatureAttachment>
			<cac:ExternalReference>
				<cbc:URI>#Signature</cbc:URI>
			</cac:ExternalReference>
		</cac:DigitalSignatureAttachment>
	</cac:Signature>
	<cac:AccountingSupplierParty>
		<cac:Party>
			<cac:PartyIdentification>
				<cbc:ID schemeID="VKN">7620006073</cbc:ID>
			</cac:PartyIdentification>
			<cac:PartyName>
				<cbc:Name>SEREM Petrol ve Kimya San. Tic. Ltd. Sti.</cbc:Name>
			</cac:PartyName>
			<cac:PostalAddress>
				<cbc:ID>2806632739</cbc:ID>
				<cbc:StreetName>Bestekar Şevki Bey Sok.</cbc:StreetName>
				<cbc:BuildingNumber>30</cbc:BuildingNumber>
				<cbc:CitySubdivisionName>Beşiktaş</cbc:CitySubdivisionName>
				<cbc:CityName>İstanbul</cbc:CityName>
				<cbc:PostalZone>34349</cbc:PostalZone>
				<cac:Country>
					<cbc:Name>Türkiye</cbc:Name>
				</cac:Country>
			</cac:PostalAddress>
			<cac:PartyTaxScheme>
				<cac:TaxScheme>
					<cbc:Name>Boğaziçi</cbc:Name>
				</cac:TaxScheme>
			</cac:PartyTaxScheme>
			<cac:Contact>
				<cbc:Telephone>(212) 2725790</cbc:Telephone>
				<cbc:Telefax>(212) 2742282</cbc:Telefax>
				<cbc:ElectronicMail>aa@aaa.com.tr</cbc:ElectronicMail>
			</cac:Contact>
		</cac:Party>
	</cac:AccountingSupplierParty>
	<cac:AccountingCustomerParty>
		<cac:Party>
			<cac:PartyIdentification>
				<cbc:ID schemeID="VKN">333063526</cbc:ID>
			</cac:PartyIdentification>
			<cac:PartyName>
				<cbc:Name>EMEK PETROL ÜRÜRNLERİ TİC.SAN.LTD.ŞTİ.</cbc:Name>
			</cac:PartyName>
			<cac:PostalAddress>
				<cbc:ID>2806632739</cbc:ID>
				<cbc:StreetName>DÖRTYOL SANAYİ ÇARŞISI MERKEZ SAN. 22.SK.</cbc:StreetName>
				<cbc:CitySubdivisionName>Bilanohan</cbc:CitySubdivisionName>
				<cbc:CityName>Adapazarı</cbc:CityName>
				<cac:Country>
					<cbc:Name>Türkiye</cbc:Name>
				</cac:Country>
			</cac:PostalAddress>
			<cac:PartyTaxScheme>
				<cac:TaxScheme>
					<cbc:Name>A.F.Cebesoy</cbc:Name>
				</cac:TaxScheme>
			</cac:PartyTaxScheme>
		</cac:Party>
	</cac:AccountingCustomerParty>
	<cac:PaymentMeans>
		<cbc:PaymentMeansCode>1</cbc:PaymentMeansCode>
		<cac:PayeeFinancialAccount>
			<cbc:ID>TR860004600032008000022176</cbc:ID>
			<cbc:CurrencyCode>TRY</cbc:CurrencyCode>
			<cac:FinancialInstitutionBranch>
				<cbc:Name>ESENTEPE</cbc:Name>
				<cac:FinancialInstitution>
					<cbc:Name>AKBANK</cbc:Name>
				</cac:FinancialInstitution>
			</cac:FinancialInstitutionBranch>
		</cac:PayeeFinancialAccount>
	</cac:PaymentMeans>
		<cac:PaymentMeans>
		<cbc:PaymentMeansCode>1</cbc:PaymentMeansCode>
		<cac:PayeeFinancialAccount>
			<cbc:ID>TR860004600032008000022177</cbc:ID>
			<cbc:CurrencyCode>EUR</cbc:CurrencyCode>
			<cac:FinancialInstitutionBranch>
				<cbc:Name>ESENTEPE</cbc:Name>
				<cac:FinancialInstitution>
					<cbc:Name>AKBANK</cbc:Name>
				</cac:FinancialInstitution>
			</cac:FinancialInstitutionBranch>
		</cac:PayeeFinancialAccount>
	</cac:PaymentMeans>
	<cac:PaymentTerms>
		<cbc:PaymentDueDate>2012-10-28</cbc:PaymentDueDate>
	</cac:PaymentTerms>
    <cac:PaymentAlternativeExchangeRate>
            <cbc:SourceCurrencyCode>EUR</cbc:SourceCurrencyCode>
            <cbc:TargetCurrencyCode>TRY</cbc:TargetCurrencyCode>
            <cbc:CalculationRate>2.2581</cbc:CalculationRate>
    </cac:PaymentAlternativeExchangeRate>

	<cac:TaxTotal>
		<cbc:TaxAmount currencyID="TRY">3324.79</cbc:TaxAmount>
		<cac:TaxSubtotal>
			<cbc:TaxAmount currencyID="TRY">1842.62</cbc:TaxAmount>
			<cbc:PerUnitAmount currencyID="TRY">1.9985</cbc:PerUnitAmount>
			<cac:TaxCategory>
				<cac:TaxScheme>
					<cbc:Name>ÖTV 1. liste</cbc:Name>
					<cbc:TaxTypeCode>0071</cbc:TaxTypeCode>
				</cac:TaxScheme>
			</cac:TaxCategory>
		</cac:TaxSubtotal>
		<cac:TaxSubtotal>
			<cbc:TaxableAmount currencyID="TRY">8234.29</cbc:TaxableAmount>
			<cbc:TaxAmount currencyID="TRY">1482.17</cbc:TaxAmount>
			<cbc:Percent>18</cbc:Percent>
			<cac:TaxCategory>
				<cac:TaxScheme>
					<cbc:Name>KDV</cbc:Name>
					<cbc:TaxTypeCode>0015</cbc:TaxTypeCode>
				</cac:TaxScheme>
			</cac:TaxCategory>
		</cac:TaxSubtotal>
	</cac:TaxTotal>
	<cac:LegalMonetaryTotal>
		<cbc:LineExtensionAmount currencyID="TRY">6391.67</cbc:LineExtensionAmount>
		<cbc:TaxExclusiveAmount currencyID="TRY">6391.67</cbc:TaxExclusiveAmount>
		<cbc:TaxInclusiveAmount currencyID="TRY">9718.48</cbc:TaxInclusiveAmount>
		<cbc:PayableAmount currencyID="TRY">9718.48</cbc:PayableAmount>
	</cac:LegalMonetaryTotal>
	<cac:InvoiceLine>
		<cbc:ID>1</cbc:ID>
		<cbc:InvoicedQuantity unitCode="KGM">922</cbc:InvoicedQuantity>
		<cbc:LineExtensionAmount currencyID="TRY">6391.67</cbc:LineExtensionAmount>
		<cac:Item>
			<cbc:Name>LZ 4880A</cbc:Name>
		</cac:Item>
		<cac:Price>
			<cbc:PriceAmount currencyID="TRY">6.9324</cbc:PriceAmount>
		</cac:Price>
	</cac:InvoiceLine>
</Invoice>
