<Invoice xmlns="urn:oasis:names:specification:ubl:schema:xsd:Invoice-2" xmlns:cac="urn:oasis:names:specification:ubl:schema:xsd:CommonAggregateComponents-2" xmlns:cbc="urn:oasis:names:specification:ubl:schema:xsd:CommonBasicComponents-2" xmlns:ds="http://www.w3.org/2000/09/xmldsig#" xmlns:ext="urn:oasis:names:specification:ubl:schema:xsd:CommonExtensionComponents-2" xmlns:ns10="urn:oasis:names:specification:ubl:schema:xsd:DespatchAdvice-2" xmlns:ns11="urn:oasis:names:specification:ubl:schema:xsd:ReceiptAdvice-2" xmlns:ns8="urn:oasis:names:specification:ubl:schema:xsd:ApplicationResponse-2" xmlns:ns9="urn:oasis:names:specification:ubl:schema:xsd:CreditNote-2" xmlns:xades="http://uri.etsi.org/01903/v1.3.2#" xmlns:xsi="http://www.w3.org/2001/XMLSchema-instance" xsi:schemaLocation="urn:oasis:names:specification:ubl:schema:xsd:Invoice-2 UBL-Invoice-2.1.xsd">
	<ext:UBLExtensions>
		<ext:UBLExtension>
			<ext:ExtensionContent>
				<auto-generated_for_wildcard/>
			</ext:ExtensionContent>
		</ext:UBLExtension>
	</ext:UBLExtensions>
	<cbc:UBLVersionID>2.1</cbc:UBLVersionID>
	<cbc:CustomizationID>TR1.2</cbc:CustomizationID>
	<cbc:ProfileID>ENERJI</cbc:ProfileID>
	<cbc:ID>GIB2023000000001</cbc:ID>
	<cbc:CopyIndicator>false</cbc:CopyIndicator>
	<cbc:UUID>1A4E51B9-2DE5-4FBB-8EEC-D99FA029621B</cbc:UUID> 
	<cbc:IssueDate>2023-11-28</cbc:IssueDate>
	<cbc:InvoiceTypeCode>SARJ</cbc:InvoiceTypeCode>
	<cbc:Note>Sicil No: 0606 İşletme Merkezi: ankr</cbc:Note>
	<cbc:DocumentCurrencyCode>TRY</cbc:DocumentCurrencyCode>
	<cbc:LineCountNumeric>1</cbc:LineCountNumeric>
	<cac:InvoicePeriod>
	    <cbc:StartDate>2023-11-21</cbc:StartDate>
		<cbc:StartTime>00:00:00</cbc:StartTime>
		<cbc:EndDate>2023-11-27</cbc:EndDate>
		<cbc:EndTime>23:59:59</cbc:EndTime>
	</cac:InvoicePeriod>
	<cac:AdditionalDocumentReference>
		<cbc:ID schemeID="ESURaporID">B0E502A8-122C-4061-BE02-8133A5788177</cbc:ID>
		<cbc:IssueDate>2023-11-21</cbc:IssueDate>
	</cac:AdditionalDocumentReference>
	<cac:Signature>
		<cbc:ID schemeID="VKN_TCKN">3333333888</cbc:ID>
		<cac:SignatoryParty>
			<cac:PartyIdentification>
				<cbc:ID schemeID="VKN">3333333888</cbc:ID>
			</cac:PartyIdentification>
			<cac:PostalAddress>
				<cbc:Room>12</cbc:Room>
				<cbc:StreetName>Etlik Caddesi</cbc:StreetName>
				<cbc:BuildingNumber>12</cbc:BuildingNumber>
				<cbc:CitySubdivisionName>Altındağ</cbc:CitySubdivisionName>
				<cbc:CityName>Ankara</cbc:CityName>
				<cbc:PostalZone>06110</cbc:PostalZone>
				<cbc:Region>asa</cbc:Region>
				<cac:Country>
					<cbc:Name>Türkiye</cbc:Name>
				</cac:Country>
			</cac:PostalAddress>
		</cac:SignatoryParty>
		<cac:DigitalSignatureAttachment>
			<cac:ExternalReference>
				<cbc:URI>#Signature_GIB2023000001968</cbc:URI>
			</cac:ExternalReference>
		</cac:DigitalSignatureAttachment>
	</cac:Signature>
	<cac:AccountingSupplierParty>
		<cac:Party>
			<cbc:WebsiteURI/>
			<cac:PartyIdentification>
				<cbc:ID schemeID="VKN">3333333888</cbc:ID>
			</cac:PartyIdentification>
			<cac:PartyName>
				<cbc:Name>AAA Anonim A.Ş.</cbc:Name>
			</cac:PartyName>
			<cac:PostalAddress>
				<cbc:Room>12</cbc:Room>
				<cbc:StreetName>Etlik Caddesi</cbc:StreetName>
				<cbc:BuildingNumber>12</cbc:BuildingNumber>
				<cbc:CitySubdivisionName>Altındağ</cbc:CitySubdivisionName>
				<cbc:CityName>Ankara</cbc:CityName>
				<cbc:PostalZone>06110</cbc:PostalZone>
				<cbc:Region>asa</cbc:Region>
				<cac:Country>
					<cbc:Name>Türkiye</cbc:Name>
				</cac:Country>
			</cac:PostalAddress>
			<cac:PartyTaxScheme>
				<cac:TaxScheme>
					<cbc:Name>Altındağ</cbc:Name>
				</cac:TaxScheme>
			</cac:PartyTaxScheme>
			<cac:Contact>
				<cbc:Telephone/>
				<cbc:Telefax/>
				<cbc:ElectronicMail/>
			</cac:Contact>
		</cac:Party>
	</cac:AccountingSupplierParty>
	<cac:AccountingCustomerParty>
		<cac:Party>
			<cbc:WebsiteURI/>
			<cac:PartyIdentification>
				<cbc:ID schemeID="VKN">3333333888</cbc:ID>
			</cac:PartyIdentification>
			<cac:PartyIdentification>
				<cbc:ID schemeID="PLAKA">06GIB06</cbc:ID>
			</cac:PartyIdentification>
			<cac:PartyIdentification>
				<cbc:ID schemeID="ARACKIMLIKNO">452325</cbc:ID>
			</cac:PartyIdentification>
			<cac:PartyName>
				<cbc:Name>AAA Anonim A.Ş.</cbc:Name>
			</cac:PartyName>
			<cac:PostalAddress>
				<cbc:Room>12</cbc:Room>
				<cbc:StreetName>Etlik Caddesi</cbc:StreetName>
				<cbc:BuildingNumber>12</cbc:BuildingNumber>
				<cbc:CitySubdivisionName>Altındağ</cbc:CitySubdivisionName>
				<cbc:CityName>Ankara</cbc:CityName>
				<cbc:PostalZone>06110</cbc:PostalZone>
				<cbc:Region>asa</cbc:Region>
				<cac:Country>
					<cbc:Name>Türkiye</cbc:Name>
				</cac:Country>
			</cac:PostalAddress>
			<cac:PartyTaxScheme>
				<cac:TaxScheme>
					<cbc:Name>Altındağ</cbc:Name>
				</cac:TaxScheme>
			</cac:PartyTaxScheme>
			<cac:Contact>
				<cbc:Telephone/>
				<cbc:Telefax/>
				<cbc:ElectronicMail/>
			</cac:Contact>
		</cac:Party>
	</cac:AccountingCustomerParty>
	<cac:AllowanceCharge>
		<cbc:ChargeIndicator>false</cbc:ChargeIndicator>
		<cbc:Amount currencyID="TRY">0.00</cbc:Amount>
	</cac:AllowanceCharge>
	<cac:TaxTotal>
		<cbc:TaxAmount currencyID="TRY">300.00</cbc:TaxAmount>
		<cac:TaxSubtotal>
			<cbc:TaxableAmount currencyID="TRY">1500.00</cbc:TaxableAmount>
			<cbc:TaxAmount currencyID="TRY">300.00</cbc:TaxAmount>
			<cbc:CalculationSequenceNumeric>1</cbc:CalculationSequenceNumeric>
			<cbc:Percent>20</cbc:Percent>
			<cac:TaxCategory>
				<cac:TaxScheme>
					<cbc:Name>KDV</cbc:Name>
					<cbc:TaxTypeCode>0015</cbc:TaxTypeCode>
				</cac:TaxScheme>
			</cac:TaxCategory>
		</cac:TaxSubtotal>
	</cac:TaxTotal>
	<cac:LegalMonetaryTotal>
		<cbc:LineExtensionAmount currencyID="TRY">1500.00</cbc:LineExtensionAmount>
		<cbc:TaxExclusiveAmount currencyID="TRY">1500.00</cbc:TaxExclusiveAmount>
		<cbc:TaxInclusiveAmount currencyID="TRY">1800.00</cbc:TaxInclusiveAmount>
		<cbc:AllowanceTotalAmount currencyID="TRY">0.00</cbc:AllowanceTotalAmount>
		<cbc:PayableAmount currencyID="TRY">1800.00</cbc:PayableAmount>
	</cac:LegalMonetaryTotal>
	<cac:InvoiceLine>
		<cbc:ID>1</cbc:ID>
		<cbc:InvoicedQuantity unitCode="KWH">150</cbc:InvoicedQuantity>
		<cbc:LineExtensionAmount currencyID="TRY">1500</cbc:LineExtensionAmount>
		<cac:AllowanceCharge>
			<cbc:ChargeIndicator>false</cbc:ChargeIndicator>
			<cbc:AllowanceChargeReason/>
			<cbc:MultiplierFactorNumeric>0</cbc:MultiplierFactorNumeric>
			<cbc:Amount currencyID="TRY">0</cbc:Amount>
			<cbc:BaseAmount currencyID="TRY">1500</cbc:BaseAmount>
		</cac:AllowanceCharge>
		<cac:TaxTotal>
			<cbc:TaxAmount currencyID="TRY">300.00</cbc:TaxAmount>
			<cac:TaxSubtotal>
				<cbc:TaxableAmount currencyID="TRY">1500.00</cbc:TaxableAmount>
				<cbc:TaxAmount currencyID="TRY">300</cbc:TaxAmount>
				<cbc:CalculationSequenceNumeric>1</cbc:CalculationSequenceNumeric>
				<cbc:Percent>20</cbc:Percent>
				<cac:TaxCategory>
					<cac:TaxScheme>
						<cbc:Name>KDV</cbc:Name>
						<cbc:TaxTypeCode>0015</cbc:TaxTypeCode>
					</cac:TaxScheme>
				</cac:TaxCategory>
			</cac:TaxSubtotal>
		</cac:TaxTotal>
		<cac:Item>
			<cbc:Name>AC</cbc:Name>
		</cac:Item>
		<cac:Price>
			<cbc:PriceAmount currencyID="TRY">10</cbc:PriceAmount>
		</cac:Price>
	</cac:InvoiceLine>
</Invoice>