{
  "ublVersion" : "2.3",
  "sdkVersion" : "1.12.0",
  "metadataDatabase" : {
    "version" : "1.12.0",
    "createdOn" : "2024-06-11T11:53:25"
  },
  "viewTemplates" : [ {
    "id" : "1",
    "filename" : "1.efx",
    "description" : "Default",
    "_noticeSubtypeIds" : [ "1" ],
    "_label" : "view|name|1"
  }, {
    "id" : "2",
    "filename" : "2.efx",
    "description" : "Default",
    "_noticeSubtypeIds" : [ "2" ],
    "_label" : "view|name|2"
  }, {
    "id" : "3",
    "filename" : "3.efx",
    "description" : "Default",
    "_noticeSubtypeIds" : [ "3" ],
    "_label" : "view|name|3"
  }, {
    "id" : "4",
    "filename" : "4.efx",
    "description" : "Default",
    "_noticeSubtypeIds" : [ "4" ],
    "_label" : "view|name|4"
  }, {
    "id" : "5",
    "filename" : "5.efx",
    "description" : "Default",
    "_noticeSubtypeIds" : [ "5" ],
    "_label" : "view|name|5"
  }, {
    "id" : "6",
    "filename" : "6.efx",
    "description" : "Default",
    "_noticeSubtypeIds" : [ "6" ],
    "_label" : "view|name|6"
  }, {
    "id" : "7",
    "filename" : "7.efx",
    "description" : "Default",
    "_noticeSubtypeIds" : [ "7" ],
    "_label" : "view|name|7"
  }, {
    "id" : "8",
    "filename" : "8.efx",
    "description" : "Default",
    "_noticeSubtypeIds" : [ "8" ],
    "_label" : "view|name|8"
  }, {
    "id" : "9",
    "filename" : "9.efx",
    "description" : "Default",
    "_noticeSubtypeIds" : [ "9" ],
    "_label" : "view|name|9"
  }, {
    "id" : "10",
    "filename" : "10.efx",
    "description" : "Default",
    "_noticeSubtypeIds" : [ "10" ],
    "_label" : "view|name|10"
  }, {
    "id" : "11",
    "filename" : "11.efx",
    "description" : "Default",
    "_noticeSubtypeIds" : [ "11" ],
    "_label" : "view|name|11"
  }, {
    "id" : "12",
    "filename" : "12.efx",
    "description" : "Default",
    "_noticeSubtypeIds" : [ "12" ],
    "_label" : "view|name|12"
  }, {
    "id" : "13",
    "filename" : "13.efx",
    "description" : "Default",
    "_noticeSubtypeIds" : [ "13" ],
    "_label" : "view|name|13"
  }, {
    "id" : "14",
    "filename" : "14.efx",
    "description" : "Default",
    "_noticeSubtypeIds" : [ "14" ],
    "_label" : "view|name|14"
  }, {
    "id" : "15",
    "filename" : "15.efx",
    "description" : "Default",
    "_noticeSubtypeIds" : [ "15" ],
    "_label" : "view|name|15"
  }, {
    "id" : "16",
    "filename" : "16.efx",
    "description" : "Default",
    "_noticeSubtypeIds" : [ "16" ],
    "_label" : "view|name|16"
  }, {
    "id" : "17",
    "filename" : "17.efx",
    "description" : "Default",
    "_noticeSubtypeIds" : [ "17" ],
    "_label" : "view|name|17"
  }, {
    "id" : "18",
    "filename" : "18.efx",
    "description" : "Default",
    "_noticeSubtypeIds" : [ "18" ],
    "_label" : "view|name|18"
  }, {
    "id" : "19",
    "filename" : "19.efx",
    "description" : "Default",
    "_noticeSubtypeIds" : [ "19" ],
    "_label" : "view|name|19"
  }, {
    "id" : "20",
    "filename" : "20.efx",
    "description" : "Default",
    "_noticeSubtypeIds" : [ "20" ],
    "_label" : "view|name|20"
  }, {
    "id" : "21",
    "filename" : "21.efx",
    "description" : "Default",
    "_noticeSubtypeIds" : [ "21" ],
    "_label" : "view|name|21"
  }, {
    "id" : "22",
    "filename" : "22.efx",
    "description" : "Default",
    "_noticeSubtypeIds" : [ "22" ],
    "_label" : "view|name|22"
  }, {
    "id" : "23",
    "filename" : "23.efx",
    "description" : "Default",
    "_noticeSubtypeIds" : [ "23" ],
    "_label" : "view|name|23"
  }, {
    "id" : "24",
    "filename" : "24.efx",
    "description" : "Default",
    "_noticeSubtypeIds" : [ "24" ],
    "_label" : "view|name|24"
  }, {
    "id" : "25",
    "filename" : "25.efx",
    "description" : "Default",
    "_noticeSubtypeIds" : [ "25" ],
    "_label" : "view|name|25"
  }, {
    "id" : "26",
    "filename" : "26.efx",
    "description" : "Default",
    "_noticeSubtypeIds" : [ "26" ],
    "_label" : "view|name|26"
  }, {
    "id" : "27",
    "filename" : "27.efx",
    "description" : "Default",
    "_noticeSubtypeIds" : [ "27" ],
    "_label" : "view|name|27"
  }, {
    "id" : "28",
    "filename" : "28.efx",
    "description" : "Default",
    "_noticeSubtypeIds" : [ "28" ],
    "_label" : "view|name|28"
  }, {
    "id" : "29",
    "filename" : "29.efx",
    "description" : "Default",
    "_noticeSubtypeIds" : [ "29" ],
    "_label" : "view|name|29"
  }, {
    "id" : "30",
    "filename" : "30.efx",
    "description" : "Default",
    "_noticeSubtypeIds" : [ "30" ],
    "_label" : "view|name|30"
  }, {
    "id" : "31",
    "filename" : "31.efx",
    "description" : "Default",
    "_noticeSubtypeIds" : [ "31" ],
    "_label" : "view|name|31"
  }, {
    "id" : "32",
    "filename" : "32.efx",
    "description" : "Default",
    "_noticeSubtypeIds" : [ "32" ],
    "_label" : "view|name|32"
  }, {
    "id" : "33",
    "filename" : "33.efx",
    "description" : "Default",
    "_noticeSubtypeIds" : [ "33" ],
    "_label" : "view|name|33"
  }, {
    "id" : "34",
    "filename" : "34.efx",
    "description" : "Default",
    "_noticeSubtypeIds" : [ "34" ],
    "_label" : "view|name|34"
  }, {
    "id" : "35",
    "filename" : "35.efx",
    "description" : "Default",
    "_noticeSubtypeIds" : [ "35" ],
    "_label" : "view|name|35"
  }, {
    "id" : "36",
    "filename" : "36.efx",
    "description" : "Default",
    "_noticeSubtypeIds" : [ "36" ],
    "_label" : "view|name|36"
  }, {
    "id" : "37",
    "filename" : "37.efx",
    "description" : "Default",
    "_noticeSubtypeIds" : [ "37" ],
    "_label" : "view|name|37"
  }, {
    "id" : "38",
    "filename" : "38.efx",
    "description" : "Default",
    "_noticeSubtypeIds" : [ "38" ],
    "_label" : "view|name|38"
  }, {
    "id" : "39",
    "filename" : "39.efx",
    "description" : "Default",
    "_noticeSubtypeIds" : [ "39" ],
    "_label" : "view|name|39"
  }, {
    "id" : "40",
    "filename" : "40.efx",
    "description" : "Default",
    "_noticeSubtypeIds" : [ "40" ],
    "_label" : "view|name|40"
  }, {
    "id" : "CEI",
    "filename" : "CEI.efx",
    "description" : "Default",
    "_noticeSubtypeIds" : [ "CEI" ],
    "_label" : "view|name|CEI"
  }, {
    "id" : "summary",
    "filename" : "summary.efx",
    "description" : "The summary view works for all notices",
    "_noticeSubtypeIds" : [ "1", "2", "3", "4", "5", "6", "7", "8", "9", "10", "11", "12", "13", "14", "15", "16", "17", "18", "19", "20", "21", "22", "23", "24", "25", "26", "27", "28", "29", "30", "31", "32", "33", "34", "35", "36", "37", "38", "39", "40", "CEI", "T01", "T02", "X01", "X02" ],
    "_label" : "view|name|summary"
  }, {
    "id" : "T01",
    "filename" : "T01.efx",
    "description" : "Default",
    "_noticeSubtypeIds" : [ "T01" ],
    "_label" : "view|name|T01"
  }, {
    "id" : "T02",
    "filename" : "T02.efx",
    "description" : "Default",
    "_noticeSubtypeIds" : [ "T02" ],
    "_label" : "view|name|T02"
  }, {
    "id" : "X01",
    "filename" : "X01.efx",
    "description" : "Default",
    "_noticeSubtypeIds" : [ "X01" ],
    "_label" : "view|name|X01"
  }, {
    "id" : "X02",
    "filename" : "X02.efx",
    "description" : "Default",
    "_noticeSubtypeIds" : [ "X02" ],
    "_label" : "view|name|X02"
  } ]
}