<?xml version="1.0" ?>
<!-- Based on https://ted.europa.eu/udl?uri=TED:NOTICE:107628-2020:TEXT:EN:HTML
-->
<ContractNotice xmlns="urn:oasis:names:specification:ubl:schema:xsd:ContractNotice-2" xmlns:ext="urn:oasis:names:specification:ubl:schema:xsd:CommonExtensionComponents-2" xmlns:cbc="urn:oasis:names:specification:ubl:schema:xsd:CommonBasicComponents-2" xmlns:efext="http://data.europa.eu/p27/eforms-ubl-extensions/1" xmlns:efbc="http://data.europa.eu/p27/eforms-ubl-extension-basic-components/1" xmlns:efac="http://data.europa.eu/p27/eforms-ubl-extension-aggregate-components/1" xmlns:cac="urn:oasis:names:specification:ubl:schema:xsd:CommonAggregateComponents-2" xmlns:xsi="http://www.w3.org/2001/XMLSchema-instance">
	<ext:UBLExtensions>
		<ext:UBLExtension>
			<ext:ExtensionContent>
				<efext:EformsExtension>
					<efac:NoticeSubType>
						<cbc:SubTypeCode listName="notice-subtype">16</cbc:SubTypeCode>
					</efac:NoticeSubType>
					<efac:Organizations>
						<efac:Organization>
							<efac:Company>
								<cbc:WebsiteURI>http://www.renfrewshire.gov.uk</cbc:WebsiteURI>
								<cac:PartyIdentification>
									<cbc:ID schemeName="organization">ORG-0001</cbc:ID>
								</cac:PartyIdentification>
								<cac:PartyName>
									<cbc:Name languageID="ENG">Renfrewshire Council</cbc:Name>
								</cac:PartyName>
								<cac:PostalAddress>
									<cbc:StreetName>Renfrewshire House, Cotton Street</cbc:StreetName>
									<cbc:CityName>Paisley</cbc:CityName>
									<cbc:PostalZone>PA1 1JB</cbc:PostalZone>
									<cbc:CountrySubentityCode listName="nuts">UKM83</cbc:CountrySubentityCode>
									<cac:Country>
										<cbc:IdentificationCode listName="country">GBR</cbc:IdentificationCode>
									</cac:Country>
								</cac:PostalAddress>
								<cac:PartyLegalEntity>
									<cbc:CompanyID>not available</cbc:CompanyID>
								</cac:PartyLegalEntity>
								<cac:Contact>
									<cbc:Telephone>(+12)34567890</cbc:Telephone>
									<cbc:Telefax>(+12)345678909</cbc:Telefax>
									<cbc:ElectronicMail>douglas.mcewan@renfrewshire.gov.uk</cbc:ElectronicMail>
								</cac:Contact>
							</efac:Company>
						</efac:Organization>
						<efac:Organization>
							<efac:Company>
								<cbc:WebsiteURI>https://sheriff.gov.uk</cbc:WebsiteURI>
								<cac:PartyIdentification>
									<cbc:ID schemeName="organization">ORG-0002</cbc:ID>
								</cac:PartyIdentification>
								<cac:PartyName>
									<cbc:Name languageID="ENG">Sheriff Court</cbc:Name>
								</cac:PartyName>
								<cac:PostalAddress>
									<cbc:CityName>Sheriff Street</cbc:CityName>
									<cbc:PostalZone>ABC123</cbc:PostalZone>
									<cbc:CountrySubentityCode listName="nuts">UKI42</cbc:CountrySubentityCode>
									<cac:Country>
										<cbc:IdentificationCode listName="country">GBR</cbc:IdentificationCode>
									</cac:Country>
								</cac:PostalAddress>
								<cac:PartyLegalEntity>
									<cbc:CompanyID>123 456 789</cbc:CompanyID>
								</cac:PartyLegalEntity>
								<cac:Contact>
									<cbc:Telephone>(+12)34567890</cbc:Telephone>
									<cbc:Telefax>(+12)345678909</cbc:Telefax>
									<cbc:ElectronicMail>contact@example.com</cbc:ElectronicMail>
								</cac:Contact>
							</efac:Company>
						</efac:Organization>
						<efac:Organization>
							<efac:Company>
								<cbc:WebsiteURI>https://example-mediator.eu</cbc:WebsiteURI>
								<cac:PartyIdentification>
									<cbc:ID schemeName="organization">ORG-0003</cbc:ID>
								</cac:PartyIdentification>
								<cac:PartyName>
									<cbc:Name languageID="ENG">Example Mediator</cbc:Name>
								</cac:PartyName>
								<cac:PostalAddress>
									<cbc:StreetName>Some Street</cbc:StreetName>
									<cbc:CityName>Example City</cbc:CityName>
									<cbc:PostalZone>ABC123</cbc:PostalZone>
									<cbc:CountrySubentityCode listName="nuts">UKI42</cbc:CountrySubentityCode>
									<cac:Country>
										<cbc:IdentificationCode listName="country">GBR</cbc:IdentificationCode>
									</cac:Country>
								</cac:PostalAddress>
								<cac:PartyLegalEntity>
									<cbc:CompanyID schemeName="abc">111 111 111</cbc:CompanyID>
								</cac:PartyLegalEntity>
								<cac:Contact>
									<cbc:Telephone>+123 456 789</cbc:Telephone>
									<cbc:Telefax>+123 456 7899</cbc:Telefax>
									<cbc:ElectronicMail>contact@example-mediator.com</cbc:ElectronicMail>
								</cac:Contact>
							</efac:Company>
						</efac:Organization>
						<efac:Organization>
							<efac:Company>
								<cbc:WebsiteURI>https://esendercorp.eu</cbc:WebsiteURI>
								<cac:PartyIdentification>
									<cbc:ID schemeName="organization">ORG-0004</cbc:ID>
								</cac:PartyIdentification>
								<cac:PartyName>
									<cbc:Name languageID="ENG">eSendCorp</cbc:Name>
								</cac:PartyName>
								<cac:PostalAddress>
									<cbc:CityName>Luxembourg</cbc:CityName>
									<cbc:PostalZone>2985</cbc:PostalZone>
									<cbc:CountrySubentityCode listName="nuts">LU000</cbc:CountrySubentityCode>
									<cac:Country>
										<cbc:IdentificationCode listName="country">LUX</cbc:IdentificationCode>
									</cac:Country>
								</cac:PostalAddress>
								<cac:PartyLegalEntity>
									<cbc:CompanyID>111 222 333</cbc:CompanyID>
								</cac:PartyLegalEntity>
								<cac:Contact>
									<cbc:Telephone>+352 123456789</cbc:Telephone>
									<cbc:Telefax>+352 1234567899</cbc:Telefax>
									<cbc:ElectronicMail>esender@example.com</cbc:ElectronicMail>
								</cac:Contact>
							</efac:Company>
						</efac:Organization>
					</efac:Organizations>
				</efext:EformsExtension>
			</ext:ExtensionContent>
		</ext:UBLExtension>
	</ext:UBLExtensions>
	<cbc:UBLVersionID>2.3</cbc:UBLVersionID>
	<cbc:CustomizationID>eforms-sdk-1.10</cbc:CustomizationID>
	<cbc:ID schemeName="notice-id">c4c415ee-ac08-4465-8fa6-57568cf69462</cbc:ID>
	<cbc:ContractFolderID>31f258b6-5eb2-4875-8997-affa3cdce27c</cbc:ContractFolderID>
	<cbc:IssueDate>2020-02-28+01:00</cbc:IssueDate>
	<cbc:IssueTime>12:32:13+01:00</cbc:IssueTime>
	<cbc:VersionID>01</cbc:VersionID>
	<cbc:RegulatoryDomain>32014L0024</cbc:RegulatoryDomain>
	<cbc:NoticeTypeCode listName="competition">cn-standard</cbc:NoticeTypeCode>
	<cbc:NoticeLanguageCode>ENG</cbc:NoticeLanguageCode>
	<cac:ContractingParty>
		<cbc:BuyerProfileURI>https://www.publiccontractsscotland.gov.uk/search/Search_AuthProfile.aspx?ID=AA00400</cbc:BuyerProfileURI>
		<cac:ContractingPartyType>
			<cbc:PartyTypeCode listName="buyer-legal-type">la</cbc:PartyTypeCode>
		</cac:ContractingPartyType>
		<cac:ContractingActivity>
			<cbc:ActivityTypeCode listName="authority-activity">gen-pub</cbc:ActivityTypeCode>
		</cac:ContractingActivity>
		<cac:Party>
			<cac:PartyIdentification>
				<cbc:ID schemeName="organization">ORG-0001</cbc:ID>
			</cac:PartyIdentification>
			<cac:ServiceProviderParty>
				<cbc:ServiceTypeCode listName="organisation-role">ted-esen</cbc:ServiceTypeCode>
				<cac:Party>
					<cac:PartyIdentification>
						<cbc:ID schemeName="organization">ORG-0004</cbc:ID>
					</cac:PartyIdentification>
				</cac:Party>
			</cac:ServiceProviderParty>
		</cac:Party>
	</cac:ContractingParty>
	<cac:TenderingTerms>
		<cac:TendererQualificationRequest>
			<cac:SpecificTendererRequirement>
				<cbc:TendererRequirementTypeCode listName="exclusion-ground">crime-org</cbc:TendererRequirementTypeCode>
				<cbc:Description languageID="ENG">NOT AVAILABLE</cbc:Description>
			</cac:SpecificTendererRequirement>
			<cac:SpecificTendererRequirement>
				<cbc:TendererRequirementTypeCode listName="exclusion-ground">corruption</cbc:TendererRequirementTypeCode>
				<cbc:Description languageID="ENG">NOT AVAILABLE</cbc:Description>
			</cac:SpecificTendererRequirement>
			<cac:SpecificTendererRequirement>
				<cbc:TendererRequirementTypeCode listName="exclusion-ground">fraud</cbc:TendererRequirementTypeCode>
				<cbc:Description languageID="ENG">NOT AVAILABLE</cbc:Description>
			</cac:SpecificTendererRequirement>
			<cac:SpecificTendererRequirement>
				<cbc:TendererRequirementTypeCode listName="exclusion-ground">terr-offence</cbc:TendererRequirementTypeCode>
				<cbc:Description languageID="ENG">NOT AVAILABLE</cbc:Description>
			</cac:SpecificTendererRequirement>
			<cac:SpecificTendererRequirement>
				<cbc:TendererRequirementTypeCode listName="exclusion-ground">finan-laund</cbc:TendererRequirementTypeCode>
				<cbc:Description languageID="ENG">NOT AVAILABLE</cbc:Description>
			</cac:SpecificTendererRequirement>
			<cac:SpecificTendererRequirement>
				<cbc:TendererRequirementTypeCode listName="exclusion-ground">human-traffic</cbc:TendererRequirementTypeCode>
				<cbc:Description languageID="ENG">NOT AVAILABLE</cbc:Description>
			</cac:SpecificTendererRequirement>
			<cac:SpecificTendererRequirement>
				<cbc:TendererRequirementTypeCode listName="exclusion-ground">tax-pay</cbc:TendererRequirementTypeCode>
				<cbc:Description languageID="ENG">NOT AVAILABLE</cbc:Description>
			</cac:SpecificTendererRequirement>
			<cac:SpecificTendererRequirement>
				<cbc:TendererRequirementTypeCode listName="exclusion-ground">socsec-pay</cbc:TendererRequirementTypeCode>
				<cbc:Description languageID="ENG">NOT AVAILABLE</cbc:Description>
			</cac:SpecificTendererRequirement>
			<cac:SpecificTendererRequirement>
				<cbc:TendererRequirementTypeCode listName="exclusion-ground">envir-law</cbc:TendererRequirementTypeCode>
				<cbc:Description languageID="ENG">NOT AVAILABLE</cbc:Description>
			</cac:SpecificTendererRequirement>
			<cac:SpecificTendererRequirement>
				<cbc:TendererRequirementTypeCode listName="exclusion-ground">socsec-law</cbc:TendererRequirementTypeCode>
				<cbc:Description languageID="ENG">NOT AVAILABLE</cbc:Description>
			</cac:SpecificTendererRequirement>
			<cac:SpecificTendererRequirement>
				<cbc:TendererRequirementTypeCode listName="exclusion-ground">labour-law</cbc:TendererRequirementTypeCode>
				<cbc:Description languageID="ENG">NOT AVAILABLE</cbc:Description>
			</cac:SpecificTendererRequirement>
			<cac:SpecificTendererRequirement>
				<cbc:TendererRequirementTypeCode listName="exclusion-ground">insolvency</cbc:TendererRequirementTypeCode>
				<cbc:Description languageID="ENG">Bidders will be required to state if any of the exclusion grounds as detailed within Regulation 58 (1) of The Public Contracts (Scotland) Regulations 2015 apply to them. — If required by the member state, bidders are required to be enrolled in the relevant professional or trade registers within the country in which they are established (in the United Kingdom, the bidder is a company registered with the Registrar of Companies and can provide a certificate stating that he is certified as incorporated or registered or, where he is not so certified, a certificate stating that the person concerned has declared on oath that he is engaged in the profession in a specific place under a given business name). — Bidders will be required to state if it is a requirement in the bidder’s country of establishment to hold a particular authorisation or membership of a particular organisation in order to be able to perform the service in question. Where it is required, within a bidder’s country of establishment they must confirm which authorisation or memberships of the relevant organisation(s) are required in order to perform this service and also must confirm if they hold the particular authorisation or memberships.</cbc:Description>
			</cac:SpecificTendererRequirement>
		</cac:TendererQualificationRequest>
	</cac:TenderingTerms>
	<cac:TenderingProcess>
		<cbc:ProcedureCode listName="procurement-procedure-type">open</cbc:ProcedureCode>
	</cac:TenderingProcess>
	<cac:ProcurementProject>
		<cbc:ID>RC-CPU-19-065</cbc:ID>
		<cbc:Name languageID="ENG">Term Contract for a Planned Programme of In-service Inspection and Testing of Electrical Equipment</cbc:Name>
		<cbc:Description languageID="ENG">The purpose of this contract is to formalise the Councils requirement to employ a contractor to carry out a planned programme of in-service inspection and testing of electrical equipment within the Councils public buildings.</cbc:Description>
		<cbc:ProcurementTypeCode listName="contract-nature">services</cbc:ProcurementTypeCode>
		<cbc:Note languageID="ENG">The anticipated annual value of this contract is estimated to be GBP 90 0000.00 to GBP 100 000.00.</cbc:Note>
		<cac:RequestedTenderTotal>
			<cbc:EstimatedOverallContractAmount currencyID="EUR">500000</cbc:EstimatedOverallContractAmount>
		</cac:RequestedTenderTotal>
		<cac:MainCommodityClassification>
			<cbc:ItemClassificationCode listName="cpv">71630000</cbc:ItemClassificationCode>
		</cac:MainCommodityClassification>
		<cac:AdditionalCommodityClassification>
			<cbc:ItemClassificationCode listName="cpv">71314100</cbc:ItemClassificationCode>
		</cac:AdditionalCommodityClassification>
		<cac:AdditionalCommodityClassification>
			<cbc:ItemClassificationCode listName="cpv">50300000</cbc:ItemClassificationCode>
		</cac:AdditionalCommodityClassification>
		<cac:AdditionalCommodityClassification>
			<cbc:ItemClassificationCode listName="cpv">31600000</cbc:ItemClassificationCode>
		</cac:AdditionalCommodityClassification>
		<cac:RealizedLocation>
			<cbc:Description languageID="ENG">Public buildings within the geographical area of Renfrewshire Council.</cbc:Description>
			<cac:Address>
				<cbc:CountrySubentityCode listName="nuts">UKM83</cbc:CountrySubentityCode>
				<cac:Country>
					<cbc:IdentificationCode listName="country">GBR</cbc:IdentificationCode>
				</cac:Country>
			</cac:Address>
		</cac:RealizedLocation>
		<cac:ContractExtension>
			<cac:Renewal>
				<cac:Period>
					<cbc:Description languageID="ENG">the Council will have the option to extend the contract for additional periods up to a total of 24 months (it is at the Councils sole discretion the period of any extension awarded but the total of all extension periods awarded will not exceed 24 months).</cbc:Description>
				</cac:Period>
			</cac:Renewal>
		</cac:ContractExtension>
	</cac:ProcurementProject>
	<cac:ProcurementProjectLot>
		<cbc:ID schemeName="Lot">LOT-0000</cbc:ID>
		<cac:TenderingTerms>
			<ext:UBLExtensions>
				<ext:UBLExtension>
					<ext:ExtensionContent>
						<efext:EformsExtension>
							<efac:SelectionCriteria>
								<cbc:CriterionTypeCode listName="selection-criterion">sui-act</cbc:CriterionTypeCode>
								<cbc:Description languageID="ENG">Bidders will be required to state if any of the exclusion grounds as detailed within Regulation 58 (1) of The Public Contracts (Scotland) Regulations 2015 apply to them. — If required by the member state, bidders are required to be enrolled in the relevant professional or trade registers within the country in which they are established (in the United Kingdom, the bidder is a company registered with the Registrar of Companies and can provide a certificate stating that he is certified as incorporated or registered or, where he is not so certified, a certificate stating that the person concerned has declared on oath that he is engaged in the profession in a specific place under a given business name). — Bidders will be required to state if it is a requirement in the bidder’s country of establishment to hold a particular authorisation or membership of a particular organisation in order to be able to perform the service in question. Where it is required, within a bidder’s country of establishment they must confirm which authorisation or memberships of the relevant organisation(s) are required in order to perform this service and also must confirm if they hold the particular authorisation or memberships.</cbc:Description>
								<cbc:CalculationExpressionCode listName="usage">used</cbc:CalculationExpressionCode>
							</efac:SelectionCriteria>
							<efac:SelectionCriteria>
								<cbc:CriterionTypeCode listName="selection-criterion">ef-stand</cbc:CriterionTypeCode>
								<cbc:Description languageID="ENG">Bidders will be required to have a minimum ‘general’ yearly turnover of GBP 200 000.00 for the last 3 years. Where turnover information is not available for the time period requested, the bidder will be required to state the date which they were set up/started trading. Where a bidder fails to meet the minimum financial turnover requirements in its own right but is a subsidiary of a group, the bidder must state if they are relying on a parent company guarantee (the parent company must meet the stipulated minimum financial requirements). The parent company guarantee will be in the form provided in the tender documentation (Appendix A1). Where a bidder is applying as part of a consortium the collective annual turnover of all consortium members will be utilised in the overall assessment of annual turnover. Bidders will require to evidence the equivalent of a Dun and Bradstreet Failure Score of 20 or above. If a bidder considers that the D&amp;B failure score does not reflect their current financial status, the bidder should give a detailed explanation and will be required to provide any relevant supporting independent evidence at request for documentation stage. Where the bidder is a subsidiary of a group but is applying as a separate legal entity and fails to meet the minimum D&amp;B Failure Score (or equivalent) as a company, a parent company guarantee will be required. The parent company must meet the minimum financial requirements as assessed by the Council. The parent company guarantee will be in the form provided in the tender documentation (Appendix A1). Where a bidder is under no obligation to publish accounts and therefore does not have a D&amp;B failure score, they will be required to provide their audited financial accounts for the previous 2 years as part of the request for documentation stage in order that the Council may assess these to determine the suitability of the bidder to undertake a contract of this size. Where a consortium bid is received, the D&amp;B failure score of each consortium member shall be assessed. Bidders must hold or can commit to obtain prior to the commence of any subsequently awarded contract, the types and levels of insurance indicated below: Employer’s (compulsory) liability insurance — minimum GBP 10 million each and every claim. Public and product liability insurance — minimum GBP 10 million each and every claim but in the aggregate for products. Statutory third party motor vehicle insurance.  Minimum level(s) of standards possibly required:   Minimum ‘general’ yearly turnover of GBP 200 000.00 for the last 3 years. Minimum Dun and Bradstreet Failure Score of 20 or equivalent credit rating. Employer’s (compulsory) liability insurance with a minimum indemnity limit of GBP 10 million each and every claim. Public and Product Liability Insurance with a minimum indemnity limit of GBP 10 million each and every claim but in the aggregate for products. Statutory third party motor vehicle insurance.</cbc:Description>
								<cbc:CalculationExpressionCode listName="usage">used</cbc:CalculationExpressionCode>
							</efac:SelectionCriteria>
							<efac:SelectionCriteria>
								<cbc:CriterionTypeCode listName="selection-criterion">tp-abil</cbc:CriterionTypeCode>
								<cbc:Description languageID="ENG">Bidders will be required to provide examples that demonstrate that they have the relevant experience to deliver the works/services required under this contract. Bidders will require to confirm that the personnel to be used in the execution of this contract possess the City and Guilds Level 3 Certificate for in-service inspections and testing of electrical equipment or other equivalent qualification relevant to the country where the bidder’s registered office or place of business is based. Bidders will be required to confirm their average annual manpower for the last 3 years and the number of managerial staff for the last 3 years. Bidders will be required to demonstrate that they have (or have access to) the relevant tools, plant or technical equipment to deliver the works/services required under this contract. Bidders will be required to confirm whether they intend to subcontract and, if so, for what proportion of the contract (where the bidder intends to subcontract more than 25 % of any contract value to a single subcontractor, a financial report will be carried out on the subcontractor. The Council reserve the right to request one copy of all subcontractors last 2 years audited accounts and details of significant changes since the last year end. The Council also reserve the right to reject the use of subcontractors in relation to the contract, where they fail to meet the Council's minimum financial criteria). Bidders must have health and safety accreditation to BS OHSAS 18001 (or equivalent) or have a documented policy for health and safety management, endorsed by the Chief Executive Officer or equivalent. Bidders must have quality management accreditation to BS EN ISO 9001 (or equivalent) or have a documented policy for quality management, endorsed by the Chief Executive Officer or equivalent. Bidders must have environmental management accreditation to BS EN ISO 14001 (or equivalent) or have a documented policy for environmental management, endorsed by the Chief Executive Officer or equivalent.  Minimum level(s) of standards possibly required:   Bidders must have previous relevant experience. Bidders personnel must have City and Guilds Level 3 certificate for in-service inspections and testing of electrical equipment or other equivalent qualification. Bidders must have the appropriate number of employees to successfully deliver this contract. Bidders must have the appropriate tools, plant and equipment to successfully deliver this contract. Bidders must state if they intend to subcontract any portion of this contract. Bidders must be accredited to BS OHSAS 18001 (or equivalent) or have a documented policy for health and safety management. Bidders must be accredited to BS EN ISO 9001 (or equivalent) or have a documented policy for quality management. Bidders must be accredited to BS EN ISO 14001 (or equivalent) or have a documented policy for environmental management</cbc:Description>
								<cbc:CalculationExpressionCode listName="usage">used</cbc:CalculationExpressionCode>
							</efac:SelectionCriteria>
						</efext:EformsExtension>
					</ext:ExtensionContent>
				</ext:UBLExtension>
			</ext:UBLExtensions>
			<cbc:VariantConstraintCode listName="permission">not-allowed</cbc:VariantConstraintCode>
			<cbc:FundingProgramCode listName="eu-funded">no-eu-funds</cbc:FundingProgramCode>
			<cac:CallForTendersDocumentReference>
				<cbc:ID>DocID1</cbc:ID>
				<cbc:DocumentType>non-restricted-document</cbc:DocumentType>
				<cac:Attachment>
					<cac:ExternalReference>
						<cbc:URI>https://www.publictendersscotland.publiccontractsscotland.gov.uk</cbc:URI>
					</cac:ExternalReference>
				</cac:Attachment>
			</cac:CallForTendersDocumentReference>
			<cac:TendererQualificationRequest>
				<cac:SpecificTendererRequirement>
					<cbc:TendererRequirementTypeCode listName="reserved-procurement">none</cbc:TendererRequirementTypeCode>
				</cac:SpecificTendererRequirement>
			</cac:TendererQualificationRequest>
			<cac:ContractExecutionRequirement>
				<cbc:ExecutionRequirementCode listName="reserved-execution">no</cbc:ExecutionRequirementCode>
			</cac:ContractExecutionRequirement>
			<cac:ContractExecutionRequirement>
				<cbc:ExecutionRequirementCode listName="einvoicing">required</cbc:ExecutionRequirementCode>
			</cac:ContractExecutionRequirement>
			<cac:ContractExecutionRequirement>
				<cbc:ExecutionRequirementCode listName="ecatalog-submission">not-allowed</cbc:ExecutionRequirementCode>
			</cac:ContractExecutionRequirement>
			<cac:AwardingTerms>
				<cac:AwardingCriterion>
					<cac:SubordinateAwardingCriterion>
						<ext:UBLExtensions>
							<ext:UBLExtension>
								<ext:ExtensionContent>
									<efext:EformsExtension>
										<efac:AwardCriterionParameter>
											<efbc:ParameterCode listName="number-weight">per-exa</efbc:ParameterCode>
											<efbc:ParameterNumeric>15</efbc:ParameterNumeric>
										</efac:AwardCriterionParameter>
									</efext:EformsExtension>
								</ext:ExtensionContent>
							</ext:UBLExtension>
						</ext:UBLExtensions>
						<cbc:AwardingCriterionTypeCode listName="award-criterion-type">quality</cbc:AwardingCriterionTypeCode>
						<cbc:Name languageID="ENG">Methodology and approach</cbc:Name>
						<cbc:Description languageID="ENG">The methodology is evaluated by...</cbc:Description>
					</cac:SubordinateAwardingCriterion>
					<cac:SubordinateAwardingCriterion>
						<ext:UBLExtensions>
							<ext:UBLExtension>
								<ext:ExtensionContent>
									<efext:EformsExtension>
										<efac:AwardCriterionParameter>
											<efbc:ParameterCode listName="number-weight">per-exa</efbc:ParameterCode>
											<efbc:ParameterNumeric>5</efbc:ParameterNumeric>
										</efac:AwardCriterionParameter>
									</efext:EformsExtension>
								</ext:ExtensionContent>
							</ext:UBLExtension>
						</ext:UBLExtensions>
						<cbc:AwardingCriterionTypeCode listName="award-criterion-type">quality</cbc:AwardingCriterionTypeCode>
						<cbc:Name languageID="ENG">Fair working practices</cbc:Name>
						<cbc:Description languageID="ENG">The working practices are evaluated by...</cbc:Description>
					</cac:SubordinateAwardingCriterion>
					<cac:SubordinateAwardingCriterion>
						<ext:UBLExtensions>
							<ext:UBLExtension>
								<ext:ExtensionContent>
									<efext:EformsExtension>
										<efac:AwardCriterionParameter>
											<efbc:ParameterCode listName="number-weight">per-exa</efbc:ParameterCode>
											<efbc:ParameterNumeric>3</efbc:ParameterNumeric>
										</efac:AwardCriterionParameter>
									</efext:EformsExtension>
								</ext:ExtensionContent>
							</ext:UBLExtension>
						</ext:UBLExtensions>
						<cbc:AwardingCriterionTypeCode listName="award-criterion-type">quality</cbc:AwardingCriterionTypeCode>
						<cbc:Name languageID="ENG">Community benefits offered</cbc:Name>
						<cbc:Description languageID="ENG">The community benefits are evaluated by...</cbc:Description>
					</cac:SubordinateAwardingCriterion>
					<cac:SubordinateAwardingCriterion>
						<ext:UBLExtensions>
							<ext:UBLExtension>
								<ext:ExtensionContent>
									<efext:EformsExtension>
										<efac:AwardCriterionParameter>
											<efbc:ParameterCode listName="number-weight">per-exa</efbc:ParameterCode>
											<efbc:ParameterNumeric>2</efbc:ParameterNumeric>
										</efac:AwardCriterionParameter>
									</efext:EformsExtension>
								</ext:ExtensionContent>
							</ext:UBLExtension>
						</ext:UBLExtensions>
						<cbc:AwardingCriterionTypeCode listName="award-criterion-type">quality</cbc:AwardingCriterionTypeCode>
						<cbc:Name languageID="ENG">Community benefit methodology</cbc:Name>
						<cbc:Description languageID="ENG">The community benefits methodology is evaluated by...</cbc:Description>
					</cac:SubordinateAwardingCriterion>
					<cac:SubordinateAwardingCriterion>
						<ext:UBLExtensions>
							<ext:UBLExtension>
								<ext:ExtensionContent>
									<efext:EformsExtension>
										<efac:AwardCriterionParameter>
											<efbc:ParameterCode listName="number-weight">per-exa</efbc:ParameterCode>
											<efbc:ParameterNumeric>75</efbc:ParameterNumeric>
										</efac:AwardCriterionParameter>
									</efext:EformsExtension>
								</ext:ExtensionContent>
							</ext:UBLExtension>
						</ext:UBLExtensions>
						<cbc:AwardingCriterionTypeCode listName="award-criterion-type">price</cbc:AwardingCriterionTypeCode>
						<cbc:Name languageID="ENG">Price</cbc:Name>
						<cbc:Description languageID="ENG">The price is evaluated by...</cbc:Description>
					</cac:SubordinateAwardingCriterion>
				</cac:AwardingCriterion>
			</cac:AwardingTerms>
			<cac:AdditionalInformationParty>
				<cac:PartyIdentification>
					<cbc:ID schemeName="organization">ORG-0001</cbc:ID>
				</cac:PartyIdentification>
			</cac:AdditionalInformationParty>
			<cac:TenderRecipientParty>
				<cbc:EndpointID>https://www.publictendersscotland.publiccontractsscotland.gov.uk</cbc:EndpointID>
				<cac:PartyIdentification>
					<cbc:ID schemeName="organization">ORG-0001</cbc:ID>
				</cac:PartyIdentification>
			</cac:TenderRecipientParty>
			<cac:TenderValidityPeriod>
				<cbc:DurationMeasure unitCode="DAY">150</cbc:DurationMeasure>
			</cac:TenderValidityPeriod>
			<cac:AppealTerms>
				<cac:PresentationPeriod>
					<cbc:Description languageID="ENG">Precise information on deadline(s) for review procedures:   An economic operator that suffers or risks suffering, loss or damage attributable to a breach of duty under the Public Contracts (Scotland) Regulations 2015 (SSI 2015/446) may bring proceedings in the Sheriff Court or the Court of Session, provided that it has informed the contracting authority of the breach or apprehended breach of its duties and of its intention to bring proceedings relating to that breach. Proceedings must be brought within the timescales set out in the regulations.</cbc:Description>
				</cac:PresentationPeriod>
				<cac:AppealInformationParty>
					<cac:PartyIdentification>
						<cbc:ID schemeName="organization">ORG-0001</cbc:ID>
					</cac:PartyIdentification>
				</cac:AppealInformationParty>
				<cac:AppealReceiverParty>
					<cac:PartyIdentification>
						<cbc:ID schemeName="organization">ORG-0002</cbc:ID>
					</cac:PartyIdentification>
				</cac:AppealReceiverParty>
				<cac:MediationParty>
					<cac:PartyIdentification>
						<cbc:ID schemeName="organization">ORG-0003</cbc:ID>
					</cac:PartyIdentification>
				</cac:MediationParty>
			</cac:AppealTerms>
			<cac:Language>
				<cbc:ID>ENG</cbc:ID>
			</cac:Language>
			<cac:PostAwardProcess>
				<cbc:ElectronicOrderUsageIndicator>true</cbc:ElectronicOrderUsageIndicator>
				<cbc:ElectronicPaymentUsageIndicator>true</cbc:ElectronicPaymentUsageIndicator>
			</cac:PostAwardProcess>
		</cac:TenderingTerms>
		<cac:TenderingProcess>
			<cbc:SubmissionMethodCode listName="esubmission">allowed</cbc:SubmissionMethodCode>
			<cbc:GovernmentAgreementConstraintIndicator>true</cbc:GovernmentAgreementConstraintIndicator>
			<cac:TenderSubmissionDeadlinePeriod>
				<cbc:EndDate>2020-04-03+01:00</cbc:EndDate>
				<cbc:EndTime>12:00:00+01:00</cbc:EndTime>
			</cac:TenderSubmissionDeadlinePeriod>
			<cac:OpenTenderEvent>
				<cbc:OccurrenceDate>2020-04-03+01:00</cbc:OccurrenceDate>
				<cbc:OccurrenceTime>14:00:00+01:00</cbc:OccurrenceTime>
				<cbc:Description languageID="ENG">Strictly by invitation only.</cbc:Description>
				<cac:OccurenceLocation>
					<cbc:Description languageID="ENG">Renfrewshire House, Cotton Street, Paisley.</cbc:Description>
				</cac:OccurenceLocation>
			</cac:OpenTenderEvent>
			<cac:AuctionTerms>
				<cbc:AuctionConstraintIndicator>false</cbc:AuctionConstraintIndicator>
			</cac:AuctionTerms>
			<cac:ContractingSystem>
				<cbc:ContractingSystemTypeCode listName="framework-agreement">none</cbc:ContractingSystemTypeCode>
			</cac:ContractingSystem>
			<cac:ContractingSystem>
				<cbc:ContractingSystemTypeCode listName="dps-usage">none</cbc:ContractingSystemTypeCode>
			</cac:ContractingSystem>
		</cac:TenderingProcess>
		<cac:ProcurementProject>
			<cbc:ID>1</cbc:ID>
			<cbc:Name languageID="ENG">Term Contract for a Planned Programme of In-service Inspection and Testing of Electrical Equipment</cbc:Name>
			<cbc:Description languageID="ENG">The purpose of this contract is to formalise the Councils requirement to employ a contractor to carry out a planned programme of in-service inspection and testing of electrical equipment within the Councils public buildings.</cbc:Description>
			<cbc:ProcurementTypeCode listName="contract-nature">services</cbc:ProcurementTypeCode>
			<cac:MainCommodityClassification>
				<cbc:ItemClassificationCode listName="cpv">71630000</cbc:ItemClassificationCode>
			</cac:MainCommodityClassification>
			<cac:AdditionalCommodityClassification>
				<cbc:ItemClassificationCode listName="cpv">71314100</cbc:ItemClassificationCode>
			</cac:AdditionalCommodityClassification>
			<cac:AdditionalCommodityClassification>
				<cbc:ItemClassificationCode listName="cpv">50300000</cbc:ItemClassificationCode>
			</cac:AdditionalCommodityClassification>
			<cac:AdditionalCommodityClassification>
				<cbc:ItemClassificationCode listName="cpv">31600000</cbc:ItemClassificationCode>
			</cac:AdditionalCommodityClassification>
			<cac:RealizedLocation>
				<cbc:Description languageID="ENG">Public buildings within the geographical area of Renfrewshire Council.</cbc:Description>
				<cac:Address>
					<cbc:CountrySubentityCode listName="nuts">UKM83</cbc:CountrySubentityCode>
					<cac:Country>
						<cbc:IdentificationCode listName="country">GBR</cbc:IdentificationCode>
					</cac:Country>
				</cac:Address>
			</cac:RealizedLocation>
			<cac:PlannedPeriod>
				<cbc:StartDate>2020-09-01+02:00</cbc:StartDate>
				<cbc:DurationMeasure unitCode="MONTH">36</cbc:DurationMeasure>
			</cac:PlannedPeriod>
		</cac:ProcurementProject>
	</cac:ProcurementProjectLot>
</ContractNotice>