<?xml version="1.0" ?>
<!-- Based on https://ted.europa.eu/udl?uri=TED:NOTICE:160609-2020:TEXT:EN:HTML
-->
<ContractNotice xmlns="urn:oasis:names:specification:ubl:schema:xsd:ContractNotice-2" xmlns:ext="urn:oasis:names:specification:ubl:schema:xsd:CommonExtensionComponents-2" xmlns:cbc="urn:oasis:names:specification:ubl:schema:xsd:CommonBasicComponents-2" xmlns:efext="http://data.europa.eu/p27/eforms-ubl-extensions/1" xmlns:efbc="http://data.europa.eu/p27/eforms-ubl-extension-basic-components/1" xmlns:efac="http://data.europa.eu/p27/eforms-ubl-extension-aggregate-components/1" xmlns:cac="urn:oasis:names:specification:ubl:schema:xsd:CommonAggregateComponents-2" xmlns:xsi="http://www.w3.org/2001/XMLSchema-instance">
	<ext:UBLExtensions>
		<ext:UBLExtension>
			<ext:ExtensionContent>
				<efext:EformsExtension>
					<efbc:AccessToolName>https://hmlandregistry.force.com</efbc:AccessToolName>
					<efac:NoticeSubType>
						<cbc:SubTypeCode listName="notice-subtype">16</cbc:SubTypeCode>
					</efac:NoticeSubType>
					<efac:Organizations>
						<efac:Organization>
							<efac:Company>
								<cbc:WebsiteURI>https://www.gov.uk/government/organisations/land-registry</cbc:WebsiteURI>
								<cbc:EndpointID>https://www.gov.uk/government/organisations/land-registry</cbc:EndpointID>
								<cac:PartyIdentification>
									<cbc:ID schemeName="organization">ORG-0001</cbc:ID>
								</cac:PartyIdentification>
								<cac:PartyName>
									<cbc:Name languageID="ENG">HM Land Registry</cbc:Name>
								</cac:PartyName>
								<cac:PostalAddress>
									<cbc:StreetName>1 Bedford Park</cbc:StreetName>
									<cbc:Department>Trafalgar House</cbc:Department>
									<cbc:CityName>Croydon</cbc:CityName>
									<cbc:PostalZone>CR0 2AQ</cbc:PostalZone>
									<cbc:CountrySubentityCode listName="nuts">UKI62</cbc:CountrySubentityCode>
									<cac:Country>
										<cbc:IdentificationCode listName="country">GBR</cbc:IdentificationCode>
									</cac:Country>
								</cac:PostalAddress>
								<cac:PartyLegalEntity>
									<cbc:CompanyID>123 456 789</cbc:CompanyID>
								</cac:PartyLegalEntity>
								<cac:Contact>
									<cbc:Name>Helpdesk</cbc:Name>
									<cbc:Telephone>(+12)34567890</cbc:Telephone>
									<cbc:Telefax>(+12)345678909</cbc:Telefax>
									<cbc:ElectronicMail>helpdesk@landregistry.gov.uk</cbc:ElectronicMail>
								</cac:Contact>
							</efac:Company>
							<efac:TouchPoint>
								<cbc:WebsiteURI>https://www.gov.uk/government/organisations/land-registry</cbc:WebsiteURI>
								<cac:PartyIdentification>
									<cbc:ID schemeName="touchpoint">TPO-0001</cbc:ID>
								</cac:PartyIdentification>
								<cac:PartyName>
									<cbc:Name languageID="ENG">Procurement Department</cbc:Name>
								</cac:PartyName>
								<cac:PostalAddress>
									<cbc:StreetName>Trafalgar House, 1 Bedford Park</cbc:StreetName>
									<cbc:CityName>Croydon</cbc:CityName>
									<cbc:PostalZone>CR0 2AQ</cbc:PostalZone>
									<cbc:CountrySubentityCode listName="nuts">UKI62</cbc:CountrySubentityCode>
									<cac:Country>
										<cbc:IdentificationCode listName="country">GBR</cbc:IdentificationCode>
									</cac:Country>
								</cac:PostalAddress>
								<cac:Contact>
									<cbc:Telephone>(+12)34567890</cbc:Telephone>
									<cbc:Telefax>(+12)345678909</cbc:Telefax>
									<cbc:ElectronicMail>Procurement@landregistry.gov.uk</cbc:ElectronicMail>
								</cac:Contact>
							</efac:TouchPoint>
						</efac:Organization>
						<efac:Organization>
							<efac:Company>
								<cbc:WebsiteURI>https://example-mediator.eu</cbc:WebsiteURI>
								<cac:PartyIdentification>
									<cbc:ID schemeName="organization">ORG-0002</cbc:ID>
								</cac:PartyIdentification>
								<cac:PartyName>
									<cbc:Name languageID="ENG">Example Mediator</cbc:Name>
								</cac:PartyName>
								<cac:PostalAddress>
									<cbc:StreetName>Some Street</cbc:StreetName>
									<cbc:CityName>Example City</cbc:CityName>
									<cbc:PostalZone>ABC123</cbc:PostalZone>
									<cbc:CountrySubentityCode listName="nuts">UKI62</cbc:CountrySubentityCode>
									<cac:Country>
										<cbc:IdentificationCode listName="country">GBR</cbc:IdentificationCode>
									</cac:Country>
								</cac:PostalAddress>
								<cac:PartyLegalEntity>
									<cbc:CompanyID schemeName="abc">111 111 111</cbc:CompanyID>
								</cac:PartyLegalEntity>
								<cac:Contact>
									<cbc:Telephone>+123 456 789</cbc:Telephone>
									<cbc:Telefax>+123 456 7899</cbc:Telefax>
									<cbc:ElectronicMail>contact@example.com</cbc:ElectronicMail>
								</cac:Contact>
							</efac:Company>
						</efac:Organization>
						<efac:Organization>
							<efac:Company>
								<cbc:WebsiteURI>https://esendercorp.eu</cbc:WebsiteURI>
								<cac:PartyIdentification>
									<cbc:ID schemeName="organization">ORG-0003</cbc:ID>
								</cac:PartyIdentification>
								<cac:PartyName>
									<cbc:Name languageID="ENG">eSendCorp</cbc:Name>
								</cac:PartyName>
								<cac:PostalAddress>
									<cbc:CityName>Luxembourg</cbc:CityName>
									<cbc:PostalZone>2985</cbc:PostalZone>
									<cbc:CountrySubentityCode listName="nuts">LU000</cbc:CountrySubentityCode>
									<cac:Country>
										<cbc:IdentificationCode listName="country">LUX</cbc:IdentificationCode>
									</cac:Country>
								</cac:PostalAddress>
								<cac:PartyLegalEntity>
									<cbc:CompanyID>111 222 333</cbc:CompanyID>
								</cac:PartyLegalEntity>
								<cac:Contact>
									<cbc:Telephone>+352 123456789</cbc:Telephone>
									<cbc:Telefax>+352 1234567899</cbc:Telefax>
									<cbc:ElectronicMail>esender@example.com</cbc:ElectronicMail>
								</cac:Contact>
							</efac:Company>
						</efac:Organization>
					</efac:Organizations>
				</efext:EformsExtension>
			</ext:ExtensionContent>
		</ext:UBLExtension>
	</ext:UBLExtensions>
	<cbc:UBLVersionID>2.3</cbc:UBLVersionID>
	<cbc:CustomizationID>eforms-sdk-1.10</cbc:CustomizationID>
	<cbc:ID schemeName="notice-id">d1a2e651-b32f-4606-a5dd-d180bab20be1</cbc:ID>
	<cbc:ContractFolderID>e3cdabf1-e057-47a5-9210-b1f6fc757228</cbc:ContractFolderID>
	<cbc:IssueDate>2020-03-30+01:00</cbc:IssueDate>
	<cbc:IssueTime>09:10:40+01:00</cbc:IssueTime>
	<cbc:VersionID>01</cbc:VersionID>
	<cbc:RegulatoryDomain>32014L0024</cbc:RegulatoryDomain>
	<cbc:NoticeTypeCode listName="competition">cn-standard</cbc:NoticeTypeCode>
	<cbc:NoticeLanguageCode>ENG</cbc:NoticeLanguageCode>
	<cac:ContractingParty>
		<cac:ContractingPartyType>
			<cbc:PartyTypeCode listName="buyer-legal-type">cga</cbc:PartyTypeCode>
		</cac:ContractingPartyType>
		<cac:ContractingActivity>
			<cbc:ActivityTypeCode listName="authority-activity">gen-pub</cbc:ActivityTypeCode>
		</cac:ContractingActivity>
		<cac:Party>
			<cac:PartyIdentification>
				<cbc:ID schemeName="organization">ORG-0001</cbc:ID>
			</cac:PartyIdentification>
			<cac:ServiceProviderParty>
				<cbc:ServiceTypeCode listName="organisation-role">ted-esen</cbc:ServiceTypeCode>
				<cac:Party>
					<cac:PartyIdentification>
						<cbc:ID schemeName="organization">ORG-0003</cbc:ID>
					</cac:PartyIdentification>
				</cac:Party>
			</cac:ServiceProviderParty>
		</cac:Party>
	</cac:ContractingParty>
	<cac:TenderingTerms>
		<ext:UBLExtensions>
			<ext:UBLExtension>
				<ext:ExtensionContent>
					<efext:EformsExtension>
						<efbc:AccessToolName> https://hmlandregistry.force.com</efbc:AccessToolName>
					</efext:EformsExtension>
				</ext:ExtensionContent>
			</ext:UBLExtension>
		</ext:UBLExtensions>
		<cac:TendererQualificationRequest>
			<cac:SpecificTendererRequirement>
				<cbc:TendererRequirementTypeCode listName="exclusion-ground">crime-org</cbc:TendererRequirementTypeCode>
				<cbc:Description languageID="ENG">NOT AVAILABLE</cbc:Description>
			</cac:SpecificTendererRequirement>
			<cac:SpecificTendererRequirement>
				<cbc:TendererRequirementTypeCode listName="exclusion-ground">corruption</cbc:TendererRequirementTypeCode>
				<cbc:Description languageID="ENG">NOT AVAILABLE</cbc:Description>
			</cac:SpecificTendererRequirement>
			<cac:SpecificTendererRequirement>
				<cbc:TendererRequirementTypeCode listName="exclusion-ground">fraud</cbc:TendererRequirementTypeCode>
				<cbc:Description languageID="ENG">NOT AVAILABLE</cbc:Description>
			</cac:SpecificTendererRequirement>
			<cac:SpecificTendererRequirement>
				<cbc:TendererRequirementTypeCode listName="exclusion-ground">terr-offence</cbc:TendererRequirementTypeCode>
				<cbc:Description languageID="ENG">NOT AVAILABLE</cbc:Description>
			</cac:SpecificTendererRequirement>
			<cac:SpecificTendererRequirement>
				<cbc:TendererRequirementTypeCode listName="exclusion-ground">finan-laund</cbc:TendererRequirementTypeCode>
				<cbc:Description languageID="ENG">NOT AVAILABLE</cbc:Description>
			</cac:SpecificTendererRequirement>
			<cac:SpecificTendererRequirement>
				<cbc:TendererRequirementTypeCode listName="exclusion-ground">human-traffic</cbc:TendererRequirementTypeCode>
				<cbc:Description languageID="ENG">NOT AVAILABLE</cbc:Description>
			</cac:SpecificTendererRequirement>
			<cac:SpecificTendererRequirement>
				<cbc:TendererRequirementTypeCode listName="exclusion-ground">tax-pay</cbc:TendererRequirementTypeCode>
				<cbc:Description languageID="ENG">NOT AVAILABLE</cbc:Description>
			</cac:SpecificTendererRequirement>
			<cac:SpecificTendererRequirement>
				<cbc:TendererRequirementTypeCode listName="exclusion-ground">socsec-pay</cbc:TendererRequirementTypeCode>
				<cbc:Description languageID="ENG">NOT AVAILABLE</cbc:Description>
			</cac:SpecificTendererRequirement>
			<cac:SpecificTendererRequirement>
				<cbc:TendererRequirementTypeCode listName="exclusion-ground">envir-law</cbc:TendererRequirementTypeCode>
				<cbc:Description languageID="ENG">NOT AVAILABLE</cbc:Description>
			</cac:SpecificTendererRequirement>
			<cac:SpecificTendererRequirement>
				<cbc:TendererRequirementTypeCode listName="exclusion-ground">socsec-law</cbc:TendererRequirementTypeCode>
				<cbc:Description languageID="ENG">NOT AVAILABLE</cbc:Description>
			</cac:SpecificTendererRequirement>
			<cac:SpecificTendererRequirement>
				<cbc:TendererRequirementTypeCode listName="exclusion-ground">labour-law</cbc:TendererRequirementTypeCode>
				<cbc:Description languageID="ENG">NOT AVAILABLE</cbc:Description>
			</cac:SpecificTendererRequirement>
			<cac:SpecificTendererRequirement>
				<cbc:TendererRequirementTypeCode listName="exclusion-ground">insolvency</cbc:TendererRequirementTypeCode>
				<cbc:Description languageID="ENG">Tenderers will be excluded if...</cbc:Description>
			</cac:SpecificTendererRequirement>
		</cac:TendererQualificationRequest>
	</cac:TenderingTerms>
	<cac:TenderingProcess>
		<cbc:ProcedureCode listName="procurement-procedure-type">neg-w-call</cbc:ProcedureCode>
		<cac:ProcessJustification>
			<cbc:ProcessReasonCode listName="accelerated-procedure">true</cbc:ProcessReasonCode>
			<cbc:ProcessReason languageID="ENG">The needs of the contracting authority cannot be met without adaptation of ready available solutions.</cbc:ProcessReason>
		</cac:ProcessJustification>
	</cac:TenderingProcess>
	<cac:ProcurementProject>
		<cbc:ID>CO591</cbc:ID>
		<cbc:Name languageID="ENG">Scanning, Processing and Data Extraction Services</cbc:Name>
		<cbc:Description languageID="ENG">This requirement is to procure a replacement contract for scanning, processing and data extraction services which are located off HM Land Registry premises. To access the procurement documents for this contract please sign up at https://hmlandregistry.force.com and register for project C0591. You should use the same link to submit your selection questionnaire response.</cbc:Description>
		<cbc:ProcurementTypeCode listName="contract-nature">services</cbc:ProcurementTypeCode>
		<cac:MainCommodityClassification>
			<cbc:ItemClassificationCode listName="cpv">79999000</cbc:ItemClassificationCode>
		</cac:MainCommodityClassification>
		<cac:RealizedLocation>
			<cbc:Description languageID="ENG">Her Majesty's Land Registry, UK-wide</cbc:Description>
			<cac:Address>
				<cbc:Region>anyw-cou</cbc:Region>
				<cac:Country>
					<cbc:IdentificationCode listName="country">GBR</cbc:IdentificationCode>
				</cac:Country>
			</cac:Address>
		</cac:RealizedLocation>
	</cac:ProcurementProject>
	<cac:ProcurementProjectLot>
		<cbc:ID schemeName="Lot">LOT-0000</cbc:ID>
		<cac:TenderingTerms>
			<ext:UBLExtensions>
				<ext:UBLExtension>
					<ext:ExtensionContent>
						<efext:EformsExtension>
							<efac:SelectionCriteria>
								<cbc:CriterionTypeCode listName="selection-criterion">sui-act</cbc:CriterionTypeCode>
								<cbc:Description languageID="ENG">HM Land Registry will have certain technical requirements for this contract that will be mandatory in order to meet the necessary UK Government security standards.  (i) Bidders will be asked to self-certify that their organisation either is already certified to ‘ISO 27001:2017 Information Security Management' or equivalent level, or would ensure that it is accredited in accordance with the outline implementation plan timescale requirements and will maintain this certification throughout the contract period.  (ii) Bidders will be asked to self-certify that their organisation either is already certified to ‘Penetration of systems by a CHECK, CREST, or TIGER approved’ or equivalent standard, or would ensure that it is accredited in accordance with the outline implementation plan timescale requirements and will maintain this certification throughout the contract period.  (iii) Bidders will be asked to self-certify that their organisation either is already operating to UK government cloud security principles in terms of official data holding and management of personal information, or can provide assurance that the required services will be implemented and managed in accordance to these principles. This includes assurance that controls will be implemented as part of a security risk management process within the outline implementation plan timescale requirements, and risk management maintained throughout the contract period. Please see the following link: https://www.ncsc.gov.uk/guidance/cloud-security-collection.</cbc:Description>
								<cbc:CalculationExpressionCode listName="usage">used</cbc:CalculationExpressionCode>
								<efbc:SecondStageIndicator>false</efbc:SecondStageIndicator>
							</efac:SelectionCriteria>
							<efac:SelectionCriteria>
								<cbc:CriterionTypeCode listName="selection-criterion">ef-stand</cbc:CriterionTypeCode>
								<cbc:Description languageID="ENG">Selection criteria as stated in the procurement documents</cbc:Description>
								<cbc:CalculationExpressionCode listName="usage">used</cbc:CalculationExpressionCode>
								<efbc:SecondStageIndicator>true</efbc:SecondStageIndicator>
							</efac:SelectionCriteria>
							<efac:SelectionCriteria>
								<cbc:CriterionTypeCode listName="selection-criterion">tp-abil</cbc:CriterionTypeCode>
								<cbc:Description languageID="ENG">Selection criteria as stated in the procurement documents</cbc:Description>
								<cbc:CalculationExpressionCode listName="usage">used</cbc:CalculationExpressionCode>
								<efbc:SecondStageIndicator>true</efbc:SecondStageIndicator>
							</efac:SelectionCriteria>
						</efext:EformsExtension>
					</ext:ExtensionContent>
				</ext:UBLExtension>
			</ext:UBLExtensions>
			<cbc:VariantConstraintCode listName="permission">not-allowed</cbc:VariantConstraintCode>
			<cbc:FundingProgramCode listName="eu-funded">no-eu-funds</cbc:FundingProgramCode>
			<cac:CallForTendersDocumentReference>
				<ext:UBLExtensions>
					<ext:UBLExtension>
						<ext:ExtensionContent>
							<efext:EformsExtension>
								<efac:OfficialLanguages>
									<cac:Language>
										<cbc:ID>ENG</cbc:ID>
									</cac:Language>
								</efac:OfficialLanguages>
							</efext:EformsExtension>
						</ext:ExtensionContent>
					</ext:UBLExtension>
				</ext:UBLExtensions>
				<cbc:ID>TenderDocID1</cbc:ID>
				<cbc:DocumentTypeCode listName="communication-justification">tdf-non-av</cbc:DocumentTypeCode>
				<cbc:DocumentType>restricted-document</cbc:DocumentType>
				<cac:Attachment>
					<cac:ExternalReference>
						<cbc:URI>https://hmlandregistry.force.com</cbc:URI>
					</cac:ExternalReference>
				</cac:Attachment>
			</cac:CallForTendersDocumentReference>
			<cac:TendererQualificationRequest>
				<cac:SpecificTendererRequirement>
					<cbc:TendererRequirementTypeCode listName="reserved-procurement">none</cbc:TendererRequirementTypeCode>
				</cac:SpecificTendererRequirement>
			</cac:TendererQualificationRequest>
			<cac:ContractExecutionRequirement>
				<cbc:ExecutionRequirementCode listName="reserved-execution">no</cbc:ExecutionRequirementCode>
			</cac:ContractExecutionRequirement>
			<cac:ContractExecutionRequirement>
				<cbc:ExecutionRequirementCode listName="einvoicing">required</cbc:ExecutionRequirementCode>
			</cac:ContractExecutionRequirement>
			<cac:ContractExecutionRequirement>
				<cbc:ExecutionRequirementCode listName="ecatalog-submission">not-allowed</cbc:ExecutionRequirementCode>
			</cac:ContractExecutionRequirement>
			<cac:AwardingTerms>
				<cbc:NoFurtherNegotiationIndicator>true</cbc:NoFurtherNegotiationIndicator>
				<cac:AwardingCriterion>
					<cac:SubordinateAwardingCriterion>
						<cbc:AwardingCriterionTypeCode listName="award-criterion-type">cost</cbc:AwardingCriterionTypeCode>
						<cbc:Description languageID="ENG">Price is not the only award criterion and all criteria are stated only in the procurement documents</cbc:Description>
					</cac:SubordinateAwardingCriterion>
				</cac:AwardingCriterion>
			</cac:AwardingTerms>
			<cac:AdditionalInformationParty>
				<cac:PartyIdentification>
					<cbc:ID schemeName="organization">ORG-0001</cbc:ID>
				</cac:PartyIdentification>
			</cac:AdditionalInformationParty>
			<cac:TenderRecipientParty>
				<cbc:EndpointID>https://hmlandregistry.force.com</cbc:EndpointID>
				<cac:PartyIdentification>
					<cbc:ID schemeName="organization">ORG-0001</cbc:ID>
				</cac:PartyIdentification>
			</cac:TenderRecipientParty>
			<cac:AppealTerms>
				<cac:PresentationPeriod>
					<cbc:Description languageID="ENG">There is no right of appeal in this procurement. If you have a complaint or seek to challenge the outcome, please follow the guidance on procedure contained in the previous section.</cbc:Description>
				</cac:PresentationPeriod>
				<cac:AppealInformationParty>
					<cac:PartyIdentification>
						<cbc:ID schemeName="organization">ORG-0001</cbc:ID>
					</cac:PartyIdentification>
				</cac:AppealInformationParty>
				<cac:AppealReceiverParty>
					<cac:PartyIdentification>
						<cbc:ID schemeName="touchpoint">TPO-0001</cbc:ID>
					</cac:PartyIdentification>
				</cac:AppealReceiverParty>
				<cac:MediationParty>
					<cac:PartyIdentification>
						<cbc:ID schemeName="organization">ORG-0002</cbc:ID>
					</cac:PartyIdentification>
				</cac:MediationParty>
			</cac:AppealTerms>
			<cac:Language>
				<cbc:ID>ENG</cbc:ID>
			</cac:Language>
			<cac:PostAwardProcess>
				<cbc:ElectronicOrderUsageIndicator>false</cbc:ElectronicOrderUsageIndicator>
				<cbc:ElectronicPaymentUsageIndicator>false</cbc:ElectronicPaymentUsageIndicator>
			</cac:PostAwardProcess>
		</cac:TenderingTerms>
		<cac:TenderingProcess>
			<cbc:SubmissionMethodCode listName="esubmission">required</cbc:SubmissionMethodCode>
			<cbc:CandidateReductionConstraintIndicator>true</cbc:CandidateReductionConstraintIndicator>
			<cbc:GovernmentAgreementConstraintIndicator>true</cbc:GovernmentAgreementConstraintIndicator>
			<cbc:AccessToolsURI>https://hmlandregistry.force.com</cbc:AccessToolsURI>
			<cac:InvitationSubmissionPeriod>
				<cbc:StartDate>2020-05-22+02:00</cbc:StartDate>
			</cac:InvitationSubmissionPeriod>
			<cac:ParticipationRequestReceptionPeriod>
				<cbc:EndDate>2020-04-29+01:00</cbc:EndDate>
				<cbc:EndTime>12:00:00+01:00</cbc:EndTime>
			</cac:ParticipationRequestReceptionPeriod>
			<cac:EconomicOperatorShortList>
				<cbc:LimitationDescription>true</cbc:LimitationDescription>
				<cbc:MaximumQuantity>10</cbc:MaximumQuantity>
				<cbc:MinimumQuantity>3</cbc:MinimumQuantity>
			</cac:EconomicOperatorShortList>
			<cac:AuctionTerms>
				<cbc:AuctionConstraintIndicator>false</cbc:AuctionConstraintIndicator>
			</cac:AuctionTerms>
			<cac:ContractingSystem>
				<cbc:ContractingSystemTypeCode listName="framework-agreement">none</cbc:ContractingSystemTypeCode>
			</cac:ContractingSystem>
			<cac:ContractingSystem>
				<cbc:ContractingSystemTypeCode listName="dps-usage">none</cbc:ContractingSystemTypeCode>
			</cac:ContractingSystem>
		</cac:TenderingProcess>
		<cac:ProcurementProject>
			<cbc:ID>xyz</cbc:ID>
			<cbc:Name languageID="ENG">Scanning, Processing and Data Extraction Services</cbc:Name>
			<cbc:Description languageID="ENG">HM Land Registry plan to procure a replacement contract for scanning, processing and data extraction services. The contract period will be for an initial period of 42 months, plus 2 x 12 month extension options, with an indicative value of between GBP 7 000 000 and GBP 10 000 000 across the whole contract period, including extension options. We expect that the scope of the services will cover the following:  • receipt and processing of items of mail addressed to HM Land Registry, which may include opening, re-directing, returning and/or scanning; • mail items may be of varying size for example letters and packets and are currently delivered by Royal Mail and DX; • preparation and scanning of HM Land Registry application forms, plans and documents, of varying size, age and quality, which may be coloured or black and white; • the extraction, capture and electronic submission of accurate data from HM Land Registry paper and scanned images of application forms (electronic data extraction) and documents; • the electronic submission of high quality digital images within specified service levels; • temporary storage and secure destruction of hard copy original documents; • returning through post and/or courier cherished documents and other associated documents; • processing, validation and banking of cheques and postal orders; • bulk scanning and digitisation of documents held in HM Land Registry’s archive; • quality assurance processes average front file scanning daily volumes are as follows:  — mail items received 2 150, — images scanned 23 000. • average back file scanning daily volumes are as follows:  — mail items received 1 000, — images scanned 16 000. • electronic data extraction daily volumes are as follows:  — documents 13 000, — images 51 000. • cheques and postal orders daily volumes are as follows: 355.  Please note that the value provided in section II.1.5) is only an estimate.  This procurement offering does not guarantee any minimum spend and there will be no form of exclusivity or volume guarantee under this contract. This is the first stage of the procurement where suppliers are asked to download and complete the selection questionnaire document. To access the procurement documents for this contract please sign up at https://hmlandregistry.force.com and register for project C0591. If you have already registered for this procurement via the supplier day you do not need to re-register. You should use the same link to submit your selection questionnaire response. The selection questionnaire will be accompanied by the draft tender documents, including the statement of requirements, invitation to negotiate, method statement, pricing schedule and the contract. All communications should be via HM Land Registry's tender portal https://hmlandregistry.force.com and register for project C0591. The deadline for submitting selection questionnaire responses is 12.00 on Wednesday 29 April 2020.</cbc:Description>
			<cbc:ProcurementTypeCode listName="contract-nature">services</cbc:ProcurementTypeCode>
			<cbc:EstimatedOverallContractQuantity>10000000</cbc:EstimatedOverallContractQuantity>
			<cbc:SMESuitableIndicator>false</cbc:SMESuitableIndicator>
			<cac:MainCommodityClassification>
				<cbc:ItemClassificationCode listName="cpv">79999000</cbc:ItemClassificationCode>
			</cac:MainCommodityClassification>
			<cac:RealizedLocation>
				<cbc:Description languageID="ENG">Her Majesty's Land Registry, UK-wide</cbc:Description>
				<cac:Address>
					<cbc:Region>anyw-cou</cbc:Region>
					<cac:Country>
						<cbc:IdentificationCode listName="country">GBR</cbc:IdentificationCode>
					</cac:Country>
				</cac:Address>
			</cac:RealizedLocation>
			<cac:PlannedPeriod>
				<cbc:StartDate>2020-09-01+02:00</cbc:StartDate>
				<cbc:DurationMeasure unitCode="MONTH">66</cbc:DurationMeasure>
			</cac:PlannedPeriod>
			<cac:ContractExtension>
				<cbc:MaximumNumberNumeric>2</cbc:MaximumNumberNumeric>
				<cac:Renewal>
					<cac:Period>
						<cbc:Description languageID="ENG">There will be 2 x 12 month extensions following the initial 42-month period.</cbc:Description>
					</cac:Period>
				</cac:Renewal>
			</cac:ContractExtension>
		</cac:ProcurementProject>
	</cac:ProcurementProjectLot>
</ContractNotice>