<?xml version="1.0" encoding="UTF-8"?>
<!-- Change notice on cn_24_FRA_comments
	 Invalid: different values in fields that cannot be changed
-->
<ContractNotice xmlns:cac="urn:oasis:names:specification:ubl:schema:xsd:CommonAggregateComponents-2" xmlns:ext="urn:oasis:names:specification:ubl:schema:xsd:CommonExtensionComponents-2" xmlns="urn:oasis:names:specification:ubl:schema:xsd:ContractNotice-2" xmlns:cbc="urn:oasis:names:specification:ubl:schema:xsd:CommonBasicComponents-2" xmlns:efac="http://data.europa.eu/p27/eforms-ubl-extension-aggregate-components/1" xmlns:efext="http://data.europa.eu/p27/eforms-ubl-extensions/1" xmlns:efbc="http://data.europa.eu/p27/eforms-ubl-extension-basic-components/1" xmlns:xsi="http://www.w3.org/2001/XMLSchema-instance">
	<ext:UBLExtensions>
		<ext:UBLExtension>
			<ext:ExtensionContent>
				<efext:EformsExtension>
					<efac:Changes>
						<efbc:ChangedNoticeIdentifier>da4d46e9-490b-41ff-a2ae-8166d356a619-01</efbc:ChangedNoticeIdentifier>
					</efac:Changes>
					<efac:NoticeSubType>
						<cbc:SubTypeCode listName="notice-subtype">16</cbc:SubTypeCode>
					</efac:NoticeSubType>
					<efac:Organizations>
						<efac:Organization>
							<efac:Company>
								<cbc:WebsiteURI>https://www.marches-publics.info/accueil.htm</cbc:WebsiteURI>
								<cbc:EndpointID>https://www.marches-publics.info/accueil.htm</cbc:EndpointID>
								<cac:PartyIdentification>
									<cbc:ID schemeName="organization">ORG-0001</cbc:ID>
								</cac:PartyIdentification>
								<cac:PartyName>
									<cbc:Name languageID="FRA">Rouen Habitat</cbc:Name>
								</cac:PartyName>
								<cac:PostalAddress>
									<cbc:StreetName>5 place du Général de Gaulle</cbc:StreetName>
									<cbc:CityName>Rouen Cedex 1</cbc:CityName>
									<cbc:PostalZone>76001</cbc:PostalZone>
									<cbc:CountrySubentityCode listName="nuts">FRD22</cbc:CountrySubentityCode>
									<cac:Country>
										<cbc:IdentificationCode listName="country">FRA</cbc:IdentificationCode>
									</cac:Country>
								</cac:PostalAddress>
								<cac:PartyLegalEntity>
									<cbc:CompanyID>123 456 789</cbc:CompanyID>
								</cac:PartyLegalEntity>
								<cac:Contact>
									<cbc:Name>Info desk</cbc:Name>
									<cbc:Telephone>+33 235156161</cbc:Telephone>
									<cbc:Telefax>+33 235156169</cbc:Telefax>
									<cbc:ElectronicMail>contact@rouenhabitat.fr</cbc:ElectronicMail>
								</cac:Contact>
							</efac:Company>
						</efac:Organization>
						<efac:Organization>
							<efac:Company>
								<cbc:WebsiteURI>http://rouen.tribunal-administratif.fr/</cbc:WebsiteURI>
								<cac:PartyIdentification>
									<cbc:ID schemeName="organization">ORG-0002</cbc:ID>
								</cac:PartyIdentification>
								<cac:PartyName>
									<cbc:Name languageID="FRA">Tribunal administratif de Rouen</cbc:Name>
								</cac:PartyName>
								<cac:PostalAddress>
									<cbc:StreetName>53 avenue Gustave Flaubert</cbc:StreetName>
									<cbc:CityName>Rouen</cbc:CityName>
									<cbc:PostalZone>76000</cbc:PostalZone>
									<cbc:CountrySubentityCode listName="nuts">FRD22</cbc:CountrySubentityCode>
									<cac:Country>
										<cbc:IdentificationCode listName="country">FRA</cbc:IdentificationCode>
									</cac:Country>
								</cac:PostalAddress>
								<cac:PartyLegalEntity>
									<cbc:CompanyID>321 654 789</cbc:CompanyID>
								</cac:PartyLegalEntity>
								<cac:Contact>
									<cbc:Telephone>+33 232081270</cbc:Telephone>
									<cbc:Telefax>+33 232081279</cbc:Telefax>
									<cbc:ElectronicMail>greffe.ta-rouen@juradm.fr</cbc:ElectronicMail>
								</cac:Contact>
							</efac:Company>
						</efac:Organization>
						<efac:Organization>
							<efac:Company>
								<cbc:WebsiteURI>https://esendercorp.eu</cbc:WebsiteURI>
								<cac:PartyIdentification>
									<cbc:ID schemeName="organization">ORG-0003</cbc:ID>
								</cac:PartyIdentification>
								<cac:PartyName>
									<cbc:Name languageID="FRA">eSendCorp</cbc:Name>
								</cac:PartyName>
								<cac:PostalAddress>
									<cbc:CityName>Luxembourg</cbc:CityName>
									<cbc:PostalZone>2985</cbc:PostalZone>
									<cbc:CountrySubentityCode listName="nuts">LU000</cbc:CountrySubentityCode>
									<cac:Country>
										<cbc:IdentificationCode listName="country">LUX</cbc:IdentificationCode>
									</cac:Country>
								</cac:PostalAddress>
								<cac:PartyLegalEntity>
									<cbc:CompanyID>111 222 333</cbc:CompanyID>
								</cac:PartyLegalEntity>
								<cac:Contact>
									<cbc:Telephone>+352 123456789</cbc:Telephone>
									<cbc:Telefax>+352 1234567899</cbc:Telefax>
									<cbc:ElectronicMail>esender@example.com</cbc:ElectronicMail>
								</cac:Contact>
							</efac:Company>
						</efac:Organization>
					</efac:Organizations>
				</efext:EformsExtension>
			</ext:ExtensionContent>
		</ext:UBLExtension>
	</ext:UBLExtensions>
	<cbc:UBLVersionID>2.3</cbc:UBLVersionID>
	<cbc:CustomizationID>eforms-sdk-1.10</cbc:CustomizationID>
	<cbc:ID schemeName="notice-id">e887ac08-8b2a-47ee-8ba2-b3564418d241</cbc:ID>
	<cbc:ContractFolderID>9999abf1-e057-47a5-9210-b1f6fc759999</cbc:ContractFolderID>
	<cbc:IssueDate>2019-05-10+01:00</cbc:IssueDate>
	<cbc:IssueTime>00:00:00+01:00</cbc:IssueTime>
	<cbc:VersionID>01</cbc:VersionID>
	<cbc:RegulatoryDomain>32014L0024</cbc:RegulatoryDomain>
	<cbc:NoticeTypeCode listName="competition">cn-standard</cbc:NoticeTypeCode>
	<cbc:NoticeLanguageCode>FRA</cbc:NoticeLanguageCode>
	<cac:ContractingParty>
		<cbc:BuyerProfileURI>http://www.marches-publics.info/accueil.htm</cbc:BuyerProfileURI>
		<cac:ContractingPartyType>
			<cbc:PartyTypeCode listName="buyer-legal-type">body-pl</cbc:PartyTypeCode>
		</cac:ContractingPartyType>
		<cac:ContractingActivity>
			<cbc:ActivityTypeCode listName="authority-activity">education</cbc:ActivityTypeCode>
		</cac:ContractingActivity>
		<cac:Party>
			<cac:PartyIdentification>
				<cbc:ID schemeName="organization">ORG-0001</cbc:ID>
			</cac:PartyIdentification>
			<cac:ServiceProviderParty>
				<cbc:ServiceTypeCode listName="organisation-subrole">ted-esen</cbc:ServiceTypeCode>
				<cac:Party>
					<cac:PartyIdentification>
						<cbc:ID schemeName="organization">ORG-0003</cbc:ID>
					</cac:PartyIdentification>
				</cac:Party>
			</cac:ServiceProviderParty>
		</cac:Party>
	</cac:ContractingParty>
	<cac:TenderingTerms>
		<cac:TendererQualificationRequest>
			<cac:SpecificTendererRequirement>
				<cbc:TendererRequirementTypeCode listName="exclusion-ground">crime-org</cbc:TendererRequirementTypeCode>
				<cbc:Description languageID="FRA">Les critères d'exclusion sont...</cbc:Description>
			</cac:SpecificTendererRequirement>
			<cac:SpecificTendererRequirement>
				<cbc:TendererRequirementTypeCode listName="exclusion-ground">corruption</cbc:TendererRequirementTypeCode>
				<cbc:Description languageID="FRA">Les critères d'exclusion sont...</cbc:Description>
			</cac:SpecificTendererRequirement>
			<cac:SpecificTendererRequirement>
				<cbc:TendererRequirementTypeCode listName="exclusion-ground">fraud</cbc:TendererRequirementTypeCode>
				<cbc:Description languageID="FRA">Les critères d'exclusion sont...</cbc:Description>
			</cac:SpecificTendererRequirement>
			<cac:SpecificTendererRequirement>
				<cbc:TendererRequirementTypeCode listName="exclusion-ground">terr-offence</cbc:TendererRequirementTypeCode>
				<cbc:Description languageID="FRA">Les critères d'exclusion sont...</cbc:Description>
			</cac:SpecificTendererRequirement>
			<cac:SpecificTendererRequirement>
				<cbc:TendererRequirementTypeCode listName="exclusion-ground">finan-laund</cbc:TendererRequirementTypeCode>
				<cbc:Description languageID="FRA">Les critères d'exclusion sont...</cbc:Description>
			</cac:SpecificTendererRequirement>
			<cac:SpecificTendererRequirement>
				<cbc:TendererRequirementTypeCode listName="exclusion-ground">human-traffic</cbc:TendererRequirementTypeCode>
				<cbc:Description languageID="FRA">Les critères d'exclusion sont...</cbc:Description>
			</cac:SpecificTendererRequirement>
			<cac:SpecificTendererRequirement>
				<cbc:TendererRequirementTypeCode listName="exclusion-ground">tax-pay</cbc:TendererRequirementTypeCode>
				<cbc:Description languageID="FRA">Les critères d'exclusion sont...</cbc:Description>
			</cac:SpecificTendererRequirement>
			<cac:SpecificTendererRequirement>
				<cbc:TendererRequirementTypeCode listName="exclusion-ground">socsec-pay</cbc:TendererRequirementTypeCode>
				<cbc:Description languageID="FRA">Les critères d'exclusion sont...</cbc:Description>
			</cac:SpecificTendererRequirement>
			<cac:SpecificTendererRequirement>
				<cbc:TendererRequirementTypeCode listName="exclusion-ground">envir-law</cbc:TendererRequirementTypeCode>
				<cbc:Description languageID="FRA">Les critères d'exclusion sont...</cbc:Description>
			</cac:SpecificTendererRequirement>
			<cac:SpecificTendererRequirement>
				<cbc:TendererRequirementTypeCode listName="exclusion-ground">socsec-law</cbc:TendererRequirementTypeCode>
				<cbc:Description languageID="FRA">Les critères d'exclusion sont...</cbc:Description>
			</cac:SpecificTendererRequirement>
			<cac:SpecificTendererRequirement>
				<cbc:TendererRequirementTypeCode listName="exclusion-ground">labour-law</cbc:TendererRequirementTypeCode>
				<cbc:Description languageID="FRA">Les critères d'exclusion sont...</cbc:Description>
			</cac:SpecificTendererRequirement>
			<cac:SpecificTendererRequirement>
				<cbc:TendererRequirementTypeCode listName="exclusion-ground">insolvency</cbc:TendererRequirementTypeCode>
				<cbc:Description languageID="FRA">Les critères d'exclusion sont...</cbc:Description>
			</cac:SpecificTendererRequirement>
		</cac:TendererQualificationRequest>
		<cac:LotDistribution>
			<cbc:MaximumLotsAwardedNumeric>0</cbc:MaximumLotsAwardedNumeric>
			<cbc:MaximumLotsSubmittedNumeric>1</cbc:MaximumLotsSubmittedNumeric>
		</cac:LotDistribution>
	</cac:TenderingTerms>
	<cac:TenderingProcess>
		<cbc:ProcedureCode listName="procurement-procedure-type">oth-single</cbc:ProcedureCode>
		<!-- Not in parent notice, presence should cause a validation failure -->
		<cbc:PartPresentationCode listName="tenderlot-presentation">all</cbc:PartPresentationCode>
	</cac:TenderingProcess>
	<cac:ProcurementProject>
		<cbc:ID schemeName="InternalID">19S0001</cbc:ID>
		<cbc:Name languageID="FRA">Service d'entretien de remise en état et de nettoyage des espaces verts</cbc:Name>
		<cbc:Description languageID="FRA">Service d'entretien de remise en état et de nettoyage des espaces verts.</cbc:Description>
		<cbc:ProcurementTypeCode listName="contract-nature">services</cbc:ProcurementTypeCode>
		<cac:MainCommodityClassification>
			<cbc:ItemClassificationCode listName="cpv">77320000</cbc:ItemClassificationCode>
		</cac:MainCommodityClassification>
		<cac:RealizedLocation>
			<cac:Address>
				<cbc:CountrySubentityCode listName="nuts">BE100</cbc:CountrySubentityCode>
				<cac:Country>
					<cbc:IdentificationCode listName="country">BEL</cbc:IdentificationCode>
				</cac:Country>
			</cac:Address>
		</cac:RealizedLocation>
	</cac:ProcurementProject>
	<cac:ProcurementProjectLot>
		<cbc:ID schemeName="Lot">LOT-0001</cbc:ID>
		<cac:TenderingTerms>
			<ext:UBLExtensions>
				<ext:UBLExtension>
					<ext:ExtensionContent>
						<efext:EformsExtension>
							<efac:SelectionCriteria>
								<cbc:CriterionTypeCode listName="selection-criterion">ef-stand</cbc:CriterionTypeCode>
								<cbc:Description languageID="FRA">Critères de sélection tels que mentionnés dans les documents de la consultation</cbc:Description>
								<cbc:CalculationExpressionCode listName="usage">used</cbc:CalculationExpressionCode>
							</efac:SelectionCriteria>
							<efac:SelectionCriteria>
								<cbc:CriterionTypeCode listName="selection-criterion">tp-abil</cbc:CriterionTypeCode>
								<cbc:Description languageID="FRA">Critères de sélection tels que mentionnés dans les documents de la consultation</cbc:Description>
								<cbc:CalculationExpressionCode listName="usage">used</cbc:CalculationExpressionCode>
							</efac:SelectionCriteria>
						</efext:EformsExtension>
					</ext:ExtensionContent>
				</ext:UBLExtension>
			</ext:UBLExtensions>
			<cbc:FundingProgramCode listName="eu-funded">eu-funds</cbc:FundingProgramCode>
			<cac:CallForTendersDocumentReference>
				<cbc:ID>Whatever identifier </cbc:ID>
				<cbc:DocumentType>non-restricted-document</cbc:DocumentType>
				<cac:Attachment>
					<cac:ExternalReference>
						<cbc:URI>https://www.marches-publics.info/accueil.htm</cbc:URI>
					</cac:ExternalReference>
				</cac:Attachment>
			</cac:CallForTendersDocumentReference>
			<cac:TendererQualificationRequest>
				<cac:SpecificTendererRequirement>
					<cbc:TendererRequirementTypeCode listName="reserved-procurement">none</cbc:TendererRequirementTypeCode>
				</cac:SpecificTendererRequirement>
			</cac:TendererQualificationRequest>
			<cac:ContractExecutionRequirement>
				<cbc:ExecutionRequirementCode listName="reserved-execution">no</cbc:ExecutionRequirementCode>
			</cac:ContractExecutionRequirement>
			<cac:ContractExecutionRequirement>
				<cbc:ExecutionRequirementCode listName="einvoicing">not-allowed</cbc:ExecutionRequirementCode>
			</cac:ContractExecutionRequirement>
			<cac:ContractExecutionRequirement>
				<cbc:ExecutionRequirementCode listName="ecatalog-submission">allowed</cbc:ExecutionRequirementCode>
			</cac:ContractExecutionRequirement>
			<cac:AwardingTerms>
				<cac:AwardingCriterion>
					<cac:SubordinateAwardingCriterion>
						<ext:UBLExtensions>
							<ext:UBLExtension>
								<ext:ExtensionContent>
									<efext:EformsExtension>
										<efac:AwardCriterionParameter>
											<efbc:ParameterCode listName="number-weight">per-exa</efbc:ParameterCode>
											<efbc:ParameterNumeric>60</efbc:ParameterNumeric>
										</efac:AwardCriterionParameter>
									</efext:EformsExtension>
								</ext:ExtensionContent>
							</ext:UBLExtension>
						</ext:UBLExtensions>
						<cbc:AwardingCriterionTypeCode listName="award-criterion-type">price</cbc:AwardingCriterionTypeCode>
						<cbc:Name languageID="FRA">Prix</cbc:Name>
						<cbc:Description languageID="FRA">Le prix contribue for 60 % …</cbc:Description>
					</cac:SubordinateAwardingCriterion>
					<cac:SubordinateAwardingCriterion>
						<ext:UBLExtensions>
							<ext:UBLExtension>
								<ext:ExtensionContent>
									<efext:EformsExtension>
										<efac:AwardCriterionParameter>
											<efbc:ParameterCode listName="number-weight">per-exa</efbc:ParameterCode>
											<efbc:ParameterNumeric>40</efbc:ParameterNumeric>
										</efac:AwardCriterionParameter>
									</efext:EformsExtension>
								</ext:ExtensionContent>
							</ext:UBLExtension>
						</ext:UBLExtensions>
						<cbc:AwardingCriterionTypeCode listName="award-criterion-type">quality</cbc:AwardingCriterionTypeCode>
						<cbc:Name languageID="FRA">Qualité</cbc:Name>
						<cbc:Description languageID="FRA">La valeur technique participle pour 40 % …</cbc:Description>
					</cac:SubordinateAwardingCriterion>
				</cac:AwardingCriterion>
			</cac:AwardingTerms>
			<cac:AdditionalInformationParty>
				<cac:PartyIdentification>
					<cbc:ID schemeName="organization">ORG-0001</cbc:ID>
				</cac:PartyIdentification>
			</cac:AdditionalInformationParty>
			<cac:TenderRecipientParty>
				<cbc:EndpointID>https://www.marches-publics.info/accueil.htm</cbc:EndpointID>
				<cac:PartyIdentification>
					<cbc:ID schemeName="organization">ORG-0001</cbc:ID>
				</cac:PartyIdentification>
			</cac:TenderRecipientParty>
			<cac:AppealTerms>
				<cac:PresentationPeriod>
					<cbc:Description languageID="FRA">Toute demande de revision doit être …</cbc:Description>
				</cac:PresentationPeriod>
				<cac:AppealInformationParty>
					<cac:PartyIdentification>
						<cbc:ID schemeName="organization">ORG-0002</cbc:ID>
					</cac:PartyIdentification>
				</cac:AppealInformationParty>
				<cac:AppealReceiverParty>
					<cac:PartyIdentification>
						<cbc:ID schemeName="organization">ORG-0002</cbc:ID>
					</cac:PartyIdentification>
				</cac:AppealReceiverParty>
				<cac:MediationParty>
					<cac:PartyIdentification>
						<cbc:ID schemeName="organization">ORG-0002</cbc:ID>
					</cac:PartyIdentification>
				</cac:MediationParty>
			</cac:AppealTerms>
			<cac:Language>
				<cbc:ID>FRA</cbc:ID>
			</cac:Language>
			<cac:PostAwardProcess>
				<cbc:ElectronicOrderUsageIndicator>false</cbc:ElectronicOrderUsageIndicator>
				<cbc:ElectronicPaymentUsageIndicator>false</cbc:ElectronicPaymentUsageIndicator>
			</cac:PostAwardProcess>
		</cac:TenderingTerms>
		<cac:TenderingProcess>
			<cbc:SubmissionMethodCode listName="esubmission">allowed</cbc:SubmissionMethodCode>
			<cbc:GovernmentAgreementConstraintIndicator>true</cbc:GovernmentAgreementConstraintIndicator>
			<cac:TenderSubmissionDeadlinePeriod>
				<cbc:EndDate>2019-06-24Z</cbc:EndDate>
				<cbc:EndTime>16:00:00Z</cbc:EndTime>
			</cac:TenderSubmissionDeadlinePeriod>
			<cac:AuctionTerms>
				<cbc:AuctionConstraintIndicator>true</cbc:AuctionConstraintIndicator>
				<cbc:Description languageID="FRA">La solution d’enchères en ligne …</cbc:Description>
				<cbc:AuctionURI>https://my-online-eauction.eu/</cbc:AuctionURI>
			</cac:AuctionTerms>
			<cac:ContractingSystem>
				<cbc:ContractingSystemTypeCode listName="framework-agreement">none</cbc:ContractingSystemTypeCode>
			</cac:ContractingSystem>
			<cac:ContractingSystem>
				<cbc:ContractingSystemTypeCode listName="dps-usage">none</cbc:ContractingSystemTypeCode>
			</cac:ContractingSystem>
		</cac:TenderingProcess>
		<cac:ProcurementProject>
			<cbc:ID schemeName="InternalID">1</cbc:ID>
			<cbc:Name languageID="FRA">Agence centre</cbc:Name>
			<cbc:Description languageID="FRA">Service d'entretien de remise en état et de nettoyage des espaces verts.</cbc:Description>
			<cbc:ProcurementTypeCode listName="contract-nature">services</cbc:ProcurementTypeCode>
			<cbc:Note languageID="FRA">Il est ici précisé que dans le but de mieux assurer la satisfaction de ses besoins en s'adressant à une pluralité de cocontractants ou de favoriser l'émergence d'une plus grande concurrence, le pouvoir adjudicateur impose une limitation du nombre de lots attribués à 1 pour un même attributaire. La règle d'attribution est explicitée à l'article 3-7 du règlement de la consultation.</cbc:Note>
			<cac:MainCommodityClassification>
				<cbc:ItemClassificationCode listName="cpv">77310000</cbc:ItemClassificationCode>
			</cac:MainCommodityClassification>
			<cac:RealizedLocation>
				<cbc:Description languageID="FRA">La liste exhaustive des lieux d'exécution se trouve dans le document de consultation intitulé «Décomposition du prix global et forfaitaires (DPGF) lot 1».</cbc:Description>
				<cac:Address>
					<cbc:CountrySubentityCode listName="nuts">FRD22</cbc:CountrySubentityCode>
					<cac:Country>
						<cbc:IdentificationCode listName="country">FRA</cbc:IdentificationCode>
					</cac:Country>
				</cac:Address>
			</cac:RealizedLocation>
			<cac:PlannedPeriod>
				<cbc:StartDate>2019-09-01+02:00</cbc:StartDate>
				<cbc:EndDate>2020-12-31+01:00</cbc:EndDate>
			</cac:PlannedPeriod>
			<cac:ContractExtension>
				<cbc:OptionsDescription languageID="FRA">Options description ---</cbc:OptionsDescription>
				<cbc:MaximumNumberNumeric>3</cbc:MaximumNumberNumeric>
				<cac:Renewal>
					<cac:Period>
						<cbc:Description languageID="FRA">L'accord-cadre est reconductible de manière tacite, dans les conditions définies au cahier des clauses administratives particulières, 3 fois, pour une période de 12 mois, à compter du 1.1.2021, sans pouvoir excéder le 31.12.2023.</cbc:Description>
					</cac:Period>
				</cac:Renewal>
			</cac:ContractExtension>
		</cac:ProcurementProject>
	</cac:ProcurementProjectLot>
	<cac:ProcurementProjectLot>
		<cbc:ID schemeName="Lot">LOT-0002</cbc:ID>
		<cac:TenderingTerms>
			<ext:UBLExtensions>
				<ext:UBLExtension>
					<ext:ExtensionContent>
						<efext:EformsExtension>
							<efac:SelectionCriteria>
								<cbc:CriterionTypeCode listName="selection-criterion">ef-stand</cbc:CriterionTypeCode>
								<cbc:Description languageID="FRA">Critères de sélection tels que mentionnés dans les documents de la consultation</cbc:Description>
								<cbc:CalculationExpressionCode listName="usage">used</cbc:CalculationExpressionCode>
							</efac:SelectionCriteria>
							<efac:SelectionCriteria>
								<cbc:CriterionTypeCode listName="selection-criterion">tp-abil</cbc:CriterionTypeCode>
								<cbc:Description languageID="FRA">Critères de sélection tels que mentionnés dans les documents de la consultation</cbc:Description>
								<cbc:CalculationExpressionCode listName="usage">used</cbc:CalculationExpressionCode>
							</efac:SelectionCriteria>
						</efext:EformsExtension>
					</ext:ExtensionContent>
				</ext:UBLExtension>
			</ext:UBLExtensions>
			<cbc:FundingProgramCode listName="eu-funded">eu-funds</cbc:FundingProgramCode>
			<cac:CallForTendersDocumentReference>
				<cbc:ID>Whatever identifier </cbc:ID>
				<cbc:DocumentType>non-restricted-document</cbc:DocumentType>
				<cac:Attachment>
					<cac:ExternalReference>
						<cbc:URI>https://www.marches-publics.info/accueil.htm</cbc:URI>
					</cac:ExternalReference>
				</cac:Attachment>
			</cac:CallForTendersDocumentReference>
			<cac:TendererQualificationRequest>
				<cac:SpecificTendererRequirement>
					<cbc:TendererRequirementTypeCode listName="reserved-procurement">res-ws</cbc:TendererRequirementTypeCode>
				</cac:SpecificTendererRequirement>
			</cac:TendererQualificationRequest>
			<cac:ContractExecutionRequirement>
				<cbc:ExecutionRequirementCode listName="reserved-execution">yes</cbc:ExecutionRequirementCode>
			</cac:ContractExecutionRequirement>
			<cac:ContractExecutionRequirement>
				<cbc:ExecutionRequirementCode listName="einvoicing">not-allowed</cbc:ExecutionRequirementCode>
			</cac:ContractExecutionRequirement>
			<cac:ContractExecutionRequirement>
				<cbc:ExecutionRequirementCode listName="ecatalog-submission">allowed</cbc:ExecutionRequirementCode>
			</cac:ContractExecutionRequirement>
			<cac:AwardingTerms>
				<cac:AwardingCriterion>
					<cac:SubordinateAwardingCriterion>
						<ext:UBLExtensions>
							<ext:UBLExtension>
								<ext:ExtensionContent>
									<efext:EformsExtension>
										<efac:AwardCriterionParameter>
											<efbc:ParameterCode listName="number-weight">per-exa</efbc:ParameterCode>
											<efbc:ParameterNumeric>60</efbc:ParameterNumeric>
										</efac:AwardCriterionParameter>
									</efext:EformsExtension>
								</ext:ExtensionContent>
							</ext:UBLExtension>
						</ext:UBLExtensions>
						<cbc:AwardingCriterionTypeCode listName="award-criterion-type">price</cbc:AwardingCriterionTypeCode>
						<cbc:Name languageID="FRA">Prix</cbc:Name>
						<cbc:Description languageID="FRA">Le prix contribue for 40 % …</cbc:Description>
					</cac:SubordinateAwardingCriterion>
					<cac:SubordinateAwardingCriterion>
						<ext:UBLExtensions>
							<ext:UBLExtension>
								<ext:ExtensionContent>
									<efext:EformsExtension>
										<efac:AwardCriterionParameter>
											<efbc:ParameterCode listName="number-weight">per-exa</efbc:ParameterCode>
											<efbc:ParameterNumeric>40</efbc:ParameterNumeric>
										</efac:AwardCriterionParameter>
									</efext:EformsExtension>
								</ext:ExtensionContent>
							</ext:UBLExtension>
						</ext:UBLExtensions>
						<cbc:AwardingCriterionTypeCode listName="award-criterion-type">quality</cbc:AwardingCriterionTypeCode>
						<cbc:Name languageID="FRA">Qualité</cbc:Name>
						<cbc:Description languageID="FRA">La valeur technique participle pour 60 % …</cbc:Description>
					</cac:SubordinateAwardingCriterion>
				</cac:AwardingCriterion>
			</cac:AwardingTerms>
			<cac:AdditionalInformationParty>
				<cac:PartyIdentification>
					<cbc:ID schemeName="organization">ORG-0001</cbc:ID>
				</cac:PartyIdentification>
			</cac:AdditionalInformationParty>
			<cac:TenderRecipientParty>
				<cbc:EndpointID>https://www.marches-publics.info/accueil.htm</cbc:EndpointID>
				<cac:PartyIdentification>
					<cbc:ID schemeName="organization">ORG-0001</cbc:ID>
				</cac:PartyIdentification>
			</cac:TenderRecipientParty>
			<cac:AppealTerms>
				<cac:PresentationPeriod>
					<cbc:Description languageID="FRA">Toute demande de revision doit être …</cbc:Description>
				</cac:PresentationPeriod>
				<cac:AppealInformationParty>
					<cac:PartyIdentification>
						<cbc:ID schemeName="organization">ORG-0002</cbc:ID>
					</cac:PartyIdentification>
				</cac:AppealInformationParty>
				<cac:AppealReceiverParty>
					<cac:PartyIdentification>
						<cbc:ID schemeName="organization">ORG-0002</cbc:ID>
					</cac:PartyIdentification>
				</cac:AppealReceiverParty>
				<cac:MediationParty>
					<cac:PartyIdentification>
						<cbc:ID schemeName="organization">ORG-0002</cbc:ID>
					</cac:PartyIdentification>
				</cac:MediationParty>
			</cac:AppealTerms>
			<cac:Language>
				<cbc:ID>FRA</cbc:ID>
			</cac:Language>
			<cac:PostAwardProcess>
				<cbc:ElectronicOrderUsageIndicator>false</cbc:ElectronicOrderUsageIndicator>
				<cbc:ElectronicPaymentUsageIndicator>false</cbc:ElectronicPaymentUsageIndicator>
			</cac:PostAwardProcess>
		</cac:TenderingTerms>
		<cac:TenderingProcess>
			<cbc:SubmissionMethodCode listName="esubmission">allowed</cbc:SubmissionMethodCode>
			<cbc:GovernmentAgreementConstraintIndicator>false</cbc:GovernmentAgreementConstraintIndicator>
			<cac:TenderSubmissionDeadlinePeriod>
				<cbc:EndDate>2019-06-24Z</cbc:EndDate>
				<cbc:EndTime>16:00:00Z</cbc:EndTime>
			</cac:TenderSubmissionDeadlinePeriod>
			<cac:AuctionTerms>
				<cbc:AuctionConstraintIndicator>true</cbc:AuctionConstraintIndicator>
				<cbc:Description languageID="FRA">La solution d’enchères en ligne …</cbc:Description>
				<cbc:AuctionURI>https://my-online-eauction.eu/</cbc:AuctionURI>
			</cac:AuctionTerms>
			<cac:ContractingSystem>
				<cbc:ContractingSystemTypeCode listName="framework-agreement">none</cbc:ContractingSystemTypeCode>
			</cac:ContractingSystem>
			<cac:ContractingSystem>
				<cbc:ContractingSystemTypeCode listName="dps-usage">none</cbc:ContractingSystemTypeCode>
			</cac:ContractingSystem>
		</cac:TenderingProcess>
		<cac:ProcurementProject>
			<cbc:ID schemeName="InternalID">2</cbc:ID>
			<cbc:Name languageID="FRA">Agence Hauts de Rouen</cbc:Name>
			<cbc:Description languageID="FRA">Service d'entretien de remise en état et de nettoyage des espaces verts.</cbc:Description>
			<cbc:ProcurementTypeCode listName="contract-nature">works</cbc:ProcurementTypeCode>
			<cbc:Note languageID="FRA">Il est ici précisé que dans le but de mieux assurer la satisfaction de ses besoins en s'adressant à une pluralité de cocontractants ou de favoriser l'émergence d'une plus grande concurrence, le pouvoir adjudicateur impose une limitation du nombre de lots attribués à 1 pour un même attributaire. La règle d'attribution est explicitée à l'article 3-7 du règlement de la consultation.</cbc:Note>
			<cac:MainCommodityClassification>
				<cbc:ItemClassificationCode listName="cpv">45310000</cbc:ItemClassificationCode>
			</cac:MainCommodityClassification>
			<cac:RealizedLocation>
				<cbc:Description languageID="FRA">La liste exhaustive des lieux d'exécution se trouve dans le document de consultation intitulé «Décomposition du prix global et forfaitaires (DPGF) lot 1».</cbc:Description>
				<cac:Address>
					<cbc:CountrySubentityCode listName="nuts">BE100</cbc:CountrySubentityCode>
					<cac:Country>
						<cbc:IdentificationCode listName="country">BEL</cbc:IdentificationCode>
					</cac:Country>
				</cac:Address>
			</cac:RealizedLocation>
			<cac:PlannedPeriod>
				<cbc:StartDate>2019-09-01+02:00</cbc:StartDate>
				<cbc:EndDate>2020-12-31+01:00</cbc:EndDate>
			</cac:PlannedPeriod>
			<cac:ContractExtension>
				<cbc:OptionsDescription languageID="FRA">Options description ---</cbc:OptionsDescription>
				<cbc:MaximumNumberNumeric>3</cbc:MaximumNumberNumeric>
				<cac:Renewal>
					<cac:Period>
						<cbc:Description languageID="FRA">L'accord-cadre est reconductible de manière tacite, dans les conditions définies au cahier des clauses administratives particulières, 3 fois, pour une période de 12 mois, à compter du 1.1.2021, sans pouvoir excéder le 31.12.2023.</cbc:Description>
					</cac:Period>
				</cac:Renewal>
			</cac:ContractExtension>
		</cac:ProcurementProject>
	</cac:ProcurementProjectLot>
</ContractNotice>
