<?xml version="1.0" encoding="UTF-8"?>
<urn:PriorInformationNotice xmlns:cac="urn:oasis:names:specification:ubl:schema:xsd:CommonAggregateComponents-2"
									  xmlns:cbc="urn:oasis:names:specification:ubl:schema:xsd:CommonBasicComponents-2"
									  xmlns:efac="http://data.europa.eu/p27/eforms-ubl-extension-aggregate-components/1"
									  xmlns:efbc="http://data.europa.eu/p27/eforms-ubl-extension-basic-components/1"
									  xmlns:efext="http://data.europa.eu/p27/eforms-ubl-extensions/1"
									  xmlns:ext="urn:oasis:names:specification:ubl:schema:xsd:CommonExtensionComponents-2"
									  xmlns:urn="urn:oasis:names:specification:ubl:schema:xsd:PriorInformationNotice-2">
	<ext:UBLExtensions>
		<ext:UBLExtension>
			<ext:ExtensionContent>
				<efext:EformsExtension>
					<efac:NoticeSubType>
						<cbc:SubTypeCode listName="notice-subtype">2</cbc:SubTypeCode>
					</efac:NoticeSubType>
					<efac:Organizations>
						<efac:Organization>
							<efac:Company>
								<cbc:WebsiteURI>https://www.zenithnovainnovations.com</cbc:WebsiteURI>
								<cbc:EndpointID>https://www.zenithnovainnovations.com/info-exchange</cbc:EndpointID>
								<cac:PartyIdentification>
									<cbc:ID>ORG-0001</cbc:ID>
								</cac:PartyIdentification>
								<cac:PartyName>
									<cbc:Name languageID="ENG">ZenithNova Innovations </cbc:Name>
								</cac:PartyName>
								<cac:PostalAddress>
									<cbc:StreetName>ZenithNova Innovations 45 Future Boulevard New Horizons, CA 90210 United States of America</cbc:StreetName>
									<cbc:AdditionalStreetName>ZenithNova Innovations 45 Future Boulevard New Horizons, CA 90210 United States of America</cbc:AdditionalStreetName>
									<cbc:Department>Future Solutions Division</cbc:Department>
									<cbc:CityName>New Horizons, CA</cbc:CityName>
									<cbc:PostalZone>90210</cbc:PostalZone>
									<cbc:CountrySubentityCode listName="nuts">EL303</cbc:CountrySubentityCode>
									<cac:AddressLine>
										<cbc:Line>ZenithNova Innovations 45 Future Boulevard New Horizons, CA 90210 United States of America</cbc:Line>
									</cac:AddressLine>
									<cac:Country>
										<cbc:IdentificationCode listName="country">GRC</cbc:IdentificationCode>
									</cac:Country>
								</cac:PostalAddress>
								<cac:PartyLegalEntity>
									<cbc:CompanyID>ABE</cbc:CompanyID>
								</cac:PartyLegalEntity>
								<cac:Contact>
									<cbc:Name>Info</cbc:Name>
									<cbc:Telephone>+1 (555) 123-4567</cbc:Telephone>
									<cbc:Telefax>+1 (555) 123-4567</cbc:Telefax>
									<cbc:ElectronicMail>info@zenithnovainnovations.com</cbc:ElectronicMail>
								</cac:Contact>
							</efac:Company>
						</efac:Organization>
					</efac:Organizations>
				</efext:EformsExtension>
			</ext:ExtensionContent>
		</ext:UBLExtension>
	</ext:UBLExtensions>
	<cbc:UBLVersionID>2.3</cbc:UBLVersionID>
	<cbc:CustomizationID>eforms-sdk-1.10</cbc:CustomizationID>
	<cbc:ID schemeName="notice-id">25a72611-f2c9-4357-bee4-7183c7f5c746</cbc:ID>
	<cbc:IssueDate>2023-05-26Z</cbc:IssueDate>
	<cbc:IssueTime>09:38:22Z</cbc:IssueTime>
	<cbc:VersionID>01</cbc:VersionID>
	<cbc:RegulatoryDomain>32014L0025</cbc:RegulatoryDomain>
	<cbc:NoticeTypeCode listName="planning">pin-buyer</cbc:NoticeTypeCode>
	<cbc:NoticeLanguageCode listName="language">ENG</cbc:NoticeLanguageCode>
	<cac:ContractingParty>
		<cbc:BuyerProfileURI>https://example.com</cbc:BuyerProfileURI>
		<cac:ContractingPartyType>
			<cbc:PartyTypeCode listName="buyer-legal-type">body-pl</cbc:PartyTypeCode>
		</cac:ContractingPartyType>
		<cac:ContractingActivity>
			<cbc:ActivityTypeCode listName="authority-activity">econ-aff</cbc:ActivityTypeCode>
		</cac:ContractingActivity>
		<cac:ContractingActivity>
			<cbc:ActivityTypeCode listName="entity-activity">electricity</cbc:ActivityTypeCode>
		</cac:ContractingActivity>
		<cac:Party>
			<cac:PartyIdentification>
				<cbc:ID>ORG-0001</cbc:ID>
			</cac:PartyIdentification>
		</cac:Party>
	</cac:ContractingParty>
	<cac:ProcurementProject>
		<cbc:Name languageID="ENG">Title (BT-21-Procedure) vol2 </cbc:Name>
		<cbc:Description languageID="ENG">Description (BT-24-Procedure) vol2</cbc:Description>
		<cbc:ProcurementTypeCode listName="contract-nature">supplies</cbc:ProcurementTypeCode>
		<cac:MainCommodityClassification>
			<cbc:ItemClassificationCode listName="cpv">18000000</cbc:ItemClassificationCode>
		</cac:MainCommodityClassification>
		<cac:RealizedLocation>
			<cac:Address>
				<cbc:Region>anyw-cou</cbc:Region>
				<cac:Country>
					<cbc:IdentificationCode listName="country">GRC</cbc:IdentificationCode>
				</cac:Country>
			</cac:Address>
		</cac:RealizedLocation>
	</cac:ProcurementProject>
</urn:PriorInformationNotice>