<?xml version="1.0"?>
<!-- Based on http://ted.europa.eu/udl?uri=TED:NOTICE:060404-2020:TEXT:EN:HTML
-->
<PriorInformationNotice xmlns="urn:oasis:names:specification:ubl:schema:xsd:PriorInformationNotice-2" xmlns:ext="urn:oasis:names:specification:ubl:schema:xsd:CommonExtensionComponents-2" xmlns:cbc="urn:oasis:names:specification:ubl:schema:xsd:CommonBasicComponents-2" xmlns:cac="urn:oasis:names:specification:ubl:schema:xsd:CommonAggregateComponents-2" xmlns:efext="http://data.europa.eu/p27/eforms-ubl-extensions/1" xmlns:efac="http://data.europa.eu/p27/eforms-ubl-extension-aggregate-components/1" xmlns:efbc="http://data.europa.eu/p27/eforms-ubl-extension-basic-components/1" xmlns:xsi="http://www.w3.org/2001/XMLSchema-instance">
	<ext:UBLExtensions>
		<ext:UBLExtension>
			<ext:ExtensionContent>
				<efext:EformsExtension>
					<efac:NoticeSubType>
						<cbc:SubTypeCode listName="notice-subtype">CEI</cbc:SubTypeCode>
					</efac:NoticeSubType>
					<efac:Organizations>
						<efac:Organization>
							<efac:Company>
								<cbc:WebsiteURI>https://www.europarl.europa.eu/contracts-and-grants/en/list-of-notices/multiannual-calls/</cbc:WebsiteURI>
								<cac:PartyIdentification>
									<cbc:ID schemeName="organization">ORG-0001</cbc:ID>
								</cac:PartyIdentification>
								<cac:PartyName>
									<cbc:Name languageID="ENG">European Parliament</cbc:Name>
								</cac:PartyName>
								<cac:PostalAddress>
									<cbc:StreetName>Rue Wiertz 60,</cbc:StreetName>
									<cbc:AdditionalStreetName>Office KOHL 02Y066</cbc:AdditionalStreetName>
									<cbc:Department>DG EPRS — Directorate B Impact Assessment and European Added Value</cbc:Department>
									<cbc:CityName>Brussels</cbc:CityName>
									<cbc:PostalZone>1047</cbc:PostalZone>
									<cbc:CountrySubentityCode listName="nuts">BE100</cbc:CountrySubentityCode>
									<cac:Country>
										<cbc:IdentificationCode listName="country">BEL</cbc:IdentificationCode>
									</cac:Country>
								</cac:PostalAddress>
								<cac:PartyLegalEntity>
									<cbc:CompanyID>123 456 789</cbc:CompanyID>
								</cac:PartyLegalEntity>
								<cac:Contact>
									<cbc:Name>DG EPRS HelpDesk</cbc:Name>
									<cbc:Telephone>+352 122345</cbc:Telephone>
									<cbc:Telefax>+352 1223459</cbc:Telefax>
									<cbc:ElectronicMail>EPRS-ESMH-19-01-CEI@europarl.europa.eu</cbc:ElectronicMail>
								</cac:Contact>
							</efac:Company>
						</efac:Organization>
						<efac:Organization>
							<efac:Company>
								<cbc:WebsiteURI>https://esendercorp.eu</cbc:WebsiteURI>
								<cac:PartyIdentification>
									<cbc:ID schemeName="organization">ORG-0002</cbc:ID>
								</cac:PartyIdentification>
								<cac:PartyName>
									<cbc:Name languageID="ENG">eSendCorp</cbc:Name>
								</cac:PartyName>
								<cac:PostalAddress>
									<cbc:CityName>Luxembourg</cbc:CityName>
									<cbc:PostalZone>2985</cbc:PostalZone>
									<cbc:CountrySubentityCode listName="nuts">LU000</cbc:CountrySubentityCode>
									<cac:Country>
										<cbc:IdentificationCode listName="country">LUX</cbc:IdentificationCode>
									</cac:Country>
								</cac:PostalAddress>
								<cac:PartyLegalEntity>
									<cbc:CompanyID>111 222 333</cbc:CompanyID>
								</cac:PartyLegalEntity>
								<cac:Contact>
									<cbc:Telephone>+352 123456789</cbc:Telephone>
									<cbc:Telefax>+352 1234567899</cbc:Telefax>
									<cbc:ElectronicMail>esender@example.com</cbc:ElectronicMail>
								</cac:Contact>
							</efac:Company>
						</efac:Organization>
						<efac:Organization>
							<efac:Company>
								<cbc:WebsiteURI>https://curia.europa.eu/jcms/jcms/Jo1_6308/fr/</cbc:WebsiteURI>
								<cbc:EndpointID>https://curia.europa.eu/e-Curia/login.faces</cbc:EndpointID>
								<cac:PartyIdentification>
									<cbc:ID schemeName="organization">ORG-0003</cbc:ID>
								</cac:PartyIdentification>
								<cac:PartyName>
									<cbc:Name languageID="ENG">Court of Justice of the European Union</cbc:Name>
								</cac:PartyName>
								<cac:PostalAddress>
									<cbc:StreetName>Palais de la Cour de Justice</cbc:StreetName>
									<cbc:AdditionalStreetName>Boulevard Konrad Adenauer</cbc:AdditionalStreetName>
									<cbc:Department>General Court</cbc:Department>
									<cbc:CityName>Luxembourg</cbc:CityName>
									<cbc:PostalZone>2925</cbc:PostalZone>
									<cbc:CountrySubentityCode listName="nuts">LU000</cbc:CountrySubentityCode>
									<cac:AddressLine>
										<cbc:Line>Kirchberg</cbc:Line>
									</cac:AddressLine>
									<cac:Country>
										<cbc:IdentificationCode listName="country">LUX</cbc:IdentificationCode>
									</cac:Country>
								</cac:PostalAddress>
								<cac:PartyLegalEntity>
									<cbc:CompanyID>99929837</cbc:CompanyID>
								</cac:PartyLegalEntity>
								<cac:Contact>
									<cbc:Telephone>+352 4303 1</cbc:Telephone>
									<cbc:Telefax>+352 4303 2600</cbc:Telefax>
									<cbc:ElectronicMail>contact@curia.europa.eu</cbc:ElectronicMail>
								</cac:Contact>
							</efac:Company>
						</efac:Organization>
						<efac:Organization>
							<efac:Company>
								<cbc:WebsiteURI>https://www.ombudsman.europa.eu/</cbc:WebsiteURI>
								<cbc:EndpointID>https://www.ombudsman.europa.eu/en/contacts</cbc:EndpointID>
								<cac:PartyIdentification>
									<cbc:ID schemeName="organization">ORG-0004</cbc:ID>
								</cac:PartyIdentification>
								<cac:PartyName>
									<cbc:Name languageID="ENG">European Ombudsman</cbc:Name>
								</cac:PartyName>
								<cac:PostalAddress>
									<cbc:StreetName>1 avenue du Président Robert Schuman</cbc:StreetName>
									<cbc:AdditionalStreetName>CS 30403</cbc:AdditionalStreetName>
									<cbc:CityName>STRASBOURG CEDEX</cbc:CityName>
									<cbc:PostalZone>67001</cbc:PostalZone>
									<cbc:CountrySubentityCode listName="nuts">FRF11</cbc:CountrySubentityCode>
									<cac:Country>
										<cbc:IdentificationCode listName="country">FRA</cbc:IdentificationCode>
									</cac:Country>
								</cac:PostalAddress>
								<cac:PartyLegalEntity>
									<cbc:CompanyID>87628383788</cbc:CompanyID>
								</cac:PartyLegalEntity>
								<cac:Contact>
									<cbc:Telephone>+33 3 88 17 23 13</cbc:Telephone>
									<cbc:Telefax>+33 3 88 17 23 139</cbc:Telefax>
									<cbc:ElectronicMail>contact@ombudsman.europa.eu</cbc:ElectronicMail>
								</cac:Contact>
							</efac:Company>
						</efac:Organization>
					</efac:Organizations>
				</efext:EformsExtension>
			</ext:ExtensionContent>
		</ext:UBLExtension>
	</ext:UBLExtensions>
	<cbc:UBLVersionID>2.3</cbc:UBLVersionID>
	<cbc:CustomizationID>eforms-sdk-1.12</cbc:CustomizationID>
	<cbc:ID schemeName="notice-id">37f3f877-01ee-4671-a49f-5581cffe6388</cbc:ID>
	<cbc:ContractFolderID>16c06d41-2232-4907-b836-07e0ee650c42</cbc:ContractFolderID>
	<cbc:IssueDate>2020-01-27+01:00</cbc:IssueDate>
	<cbc:IssueTime>14:15:35+01:00</cbc:IssueTime>
	<cbc:VersionID>01</cbc:VersionID>
	<cbc:RequestedPublicationDate>2020-02-07+01:00</cbc:RequestedPublicationDate>
	<cbc:RegulatoryDomain>32018R1046</cbc:RegulatoryDomain>
	<cbc:NoticeTypeCode listName="competition">pin-cfc-standard</cbc:NoticeTypeCode>
	<cbc:NoticeLanguageCode>ENG</cbc:NoticeLanguageCode>
	<cac:ContractingParty>
		<cac:ContractingPartyType>
			<cbc:PartyTypeCode listName="buyer-legal-type">eu-ins-bod-ag</cbc:PartyTypeCode>
		</cac:ContractingPartyType>
		<cac:ContractingPartyType>
			<!-- See if all would be of type CA or if CE would be accepted -->
			<cbc:PartyTypeCode listName="buyer-contracting-type">not-cont-ent</cbc:PartyTypeCode>
		</cac:ContractingPartyType>
		<cac:ContractingActivity>
			<!-- Only gen-pub allowed -->
			<cbc:ActivityTypeCode listName="authority-activity">gen-pub</cbc:ActivityTypeCode>
		</cac:ContractingActivity>
		<cac:Party>
			<cac:PartyIdentification>
				<cbc:ID schemeName="organization">ORG-0001</cbc:ID>
			</cac:PartyIdentification>
			<cac:ServiceProviderParty>
				<cbc:ServiceTypeCode listName="service-provider-type">ted-esen</cbc:ServiceTypeCode>
				<cac:Party>
					<cac:PartyIdentification>
						<cbc:ID schemeName="organization">ORG-0002</cbc:ID>
					</cac:PartyIdentification>
				</cac:Party>
			</cac:ServiceProviderParty>
		</cac:Party>
	</cac:ContractingParty>
	<cac:TenderingTerms>
		<cac:TendererQualificationRequest>
			<cac:SpecificTendererRequirement>
				<cbc:TendererRequirementTypeCode listName="exclusion-grounds-source">epo-notice</cbc:TendererRequirementTypeCode>
			</cac:SpecificTendererRequirement>
		</cac:TendererQualificationRequest>
		<cac:TendererQualificationRequest>
			<cac:SpecificTendererRequirement>
				<cbc:TendererRequirementTypeCode listName="exclusion-ground">exg-sitn-bankr</cbc:TendererRequirementTypeCode>
				<cbc:Description languageID="ENG">Applicants shall be excluded from participating in a contract if:
(a) they are bankrupt, being wound up or have suspended business activities, their affairs are being administered by the court, they have entered into an arrangement with creditors or similar measures or are the subject of any proceedings of that nature, or are in any analogous situation arising from a similar procedure provided for in national legislation or regulations;
(b) they have been convicted of an offence concerning their professional conduct by a judgment which is not open to appeal;
(c) they have been guilty of grave professional misconduct;
(d) they have not fulfilled obligations relating to the payment of social security contributions or taxes;
(e) they are guilty of serious misrepresentation in supplying the information required by the authorizing department.</cbc:Description>
			</cac:SpecificTendererRequirement>
		</cac:TendererQualificationRequest>
	</cac:TenderingTerms>
	<cac:ProcurementProject>
		<cbc:ID schemeName="InternalID">xyz</cbc:ID>
		<cbc:Name languageID="ENG">Call for Expressions of Interest</cbc:Name>
		<cbc:Description languageID="ENG">Call for Expression of Interest to compile a list of experts.</cbc:Description>
		<cbc:ProcurementTypeCode listName="contract-nature">services</cbc:ProcurementTypeCode>
		<cbc:Note languageID="ENG">This CEI must be read in conjunction with its annexes, which are either to be filled in by the applicant, or provided for information purposes or for later submission.
— the annexes to be filled in are:
—— Annex I — Application Form;
—— Annex II — Declaration on honour;
—— Annex III — Financial identification form.
— The annexes provided for information purposes or for later submission are:
—— Annex IV — Information on the European Parliament's environmental policy;
—— Annex V — Draft Order Form;
—— Annex VI — Declaration on professional independence and absence of conflicts of interest.
If you are interested in taking part in this CEI, please submit your application — to be drafted in English — by email, following the structure set out in the Application Form (Annex I), to the following address:
EPRS-ESMH-19-01-CEI@europarl.europa.eu
Please indicate the following information in the subject of your email:
EPRS/ESMH/SER/19/001CEI (family name)
You are required to send a scanned pdf version of the original documents duly completed and signed.
Interested experts may submit their applications at any point in time until 3 months before the list expires. It is, however, recommended that applications be submitted as early as possible.</cbc:Note>
		<cac:MainCommodityClassification>
			<!-- The way supplementary CPVs will be marked will change with the use of extension dedicated element -->
			<cbc:ItemClassificationCode listName="cpv">98390000</cbc:ItemClassificationCode>
		</cac:MainCommodityClassification>
		<cac:RealizedLocation>
			<cac:Address>
				<cbc:CountrySubentityCode listName="nuts">BE100</cbc:CountrySubentityCode>
				<cac:Country>
					<cbc:IdentificationCode listName="country">BEL</cbc:IdentificationCode>
				</cac:Country>
			</cac:Address>
		</cac:RealizedLocation>
	</cac:ProcurementProject>
	<cac:ProcurementProjectLot>
		<cbc:ID schemeName="Lot">LOT-0000</cbc:ID>
		<cac:TenderingTerms>
			<ext:UBLExtensions>
				<ext:UBLExtension>
					<ext:ExtensionContent>
						<efext:EformsExtension>
							<efac:SelectionCriteria>
								<cbc:TendererRequirementTypeCode listName="selection-criterion">slc-suit-reg-prof</cbc:TendererRequirementTypeCode>
								<cbc:Description languageID="ENG">This call is exclusively addressed to natural persons (and not to legal persons, such as companies), with the specific requirements referred to in Section 5.</cbc:Description>
							</efac:SelectionCriteria>
							<efac:SelectionCriteria>
								<cbc:TendererRequirementTypeCode listName="selection-criterion">slc-stand-other</cbc:TendererRequirementTypeCode>
								<cbc:Description languageID="ENG">the applicant shall have the economic and financial capacity to provide the services set out in this document (see the declaration in point 3 of the Application Form).</cbc:Description>
							</efac:SelectionCriteria>
							<efac:SelectionCriteria>
								<cbc:TendererRequirementTypeCode listName="selection-criterion">slc-abil-staff-tech-work</cbc:TendererRequirementTypeCode>
								<cbc:Description languageID="ENG">Experts shall be selected for the list on the basis of their professional and technical ability to carry out the tasks described in this document. In order to be placed on this list of experts by the European Parliament, the applicant shall:
— have a sound communication, academic or scientific background, with proven experience in science communication; he/she must have at least 4 years' professional experience in science communication, including at least 2 years clearly related to at least 1 of the policy fields in question, alternatively he/she must have a solid professional background linked to at least 1 of the thematic areas listed in paragraph 1.1, with 4 years’ proven professional experience in that area,
— have an excellent command of English (duly proven through publications in English, language certificates, etc.),
Applicants must provide evidence of their ability, skills, experience and competence for performing the work by means of:
— a motivation letter of no more than 2 pages (max. 500 words), in which the applicant sets out his/her reasons for applying and the principal reasons why he/she should be admitted, including the thematic area/s he/she is interested in publishing about,
— a full curriculum vitae, specifying specifies his/her educational and professional background, relevant expertise and experience and knowledge of languages; following the basic structure of the Europass template, the curriculum vitae should be organized as follows: personal information, work experience, education and training, level(s) of (foreign) language competence, personal skills and competences (with scientific/academic relevance), additional information pertinent for this call for expression of interest (e.g. publications, ongoing or planned research projects, awards received, etc.).</cbc:Description>
							</efac:SelectionCriteria>
						</efext:EformsExtension>
					</ext:ExtensionContent>
				</ext:UBLExtension>
			</ext:UBLExtensions>
			<cbc:FundingProgramCode listName="eu-funded">eu-funds</cbc:FundingProgramCode>
			<cac:CallForTendersDocumentReference>
				<cbc:ID>Dummy ID</cbc:ID>
				<!--<cbc:DocumentTypeCode listName="communication-justification">ipr-iss</cbc:DocumentTypeCode>-->
				<cbc:DocumentType>non-restricted-document</cbc:DocumentType>
				<cac:Attachment>
					<cac:ExternalReference>
						<cbc:URI>https://www.europarl.europa.eu/contracts-and-grants/en/list-of-notices/multiannual-calls/</cbc:URI>
					</cac:ExternalReference>
				</cac:Attachment>
			</cac:CallForTendersDocumentReference>
			<!--<cac:TendererQualificationRequest>
				<cac:SpecificTendererRequirement>
					<cbc:TendererRequirementTypeCode listName="reserved-procurement">none</cbc:TendererRequirementTypeCode>
				</cac:SpecificTendererRequirement>
			</cac:TendererQualificationRequest>-->
			<cac:TendererQualificationRequest>
				<cac:SpecificTendererRequirement>
					<cbc:TendererRequirementTypeCode listName="selection-criteria-source">epo-notice</cbc:TendererRequirementTypeCode>
				</cac:SpecificTendererRequirement>
			</cac:TendererQualificationRequest>
			<cac:ContractExecutionRequirement>
				<cbc:ExecutionRequirementCode listName="reserved-execution">not-known</cbc:ExecutionRequirementCode>
			</cac:ContractExecutionRequirement>
			<cac:AdditionalInformationParty>
				<!-- "Organization providing additional information on procurement procedure" -->
				<cac:PartyIdentification>
					<cbc:ID schemeName="organization">ORG-0001</cbc:ID>
				</cac:PartyIdentification>
			</cac:AdditionalInformationParty>
			<cac:DocumentProviderParty>
				<cac:PartyIdentification>
					<cbc:ID schemeName="organization">ORG-0001</cbc:ID>
				</cac:PartyIdentification>
			</cac:DocumentProviderParty>
			<cac:TenderRecipientParty>
				<cbc:EndpointID>https://www.europarl.europa.eu/tenders/esubmission</cbc:EndpointID>
			</cac:TenderRecipientParty>
			<cac:AppealTerms>
				<cac:PresentationPeriod>
					<cbc:Description languageID="ENG">some text about period for review request ...</cbc:Description>
				</cac:PresentationPeriod>
				<cac:AppealReceiverParty>
					<cac:PartyIdentification>
						<cbc:ID schemeName="organization">ORG-0003</cbc:ID>
					</cac:PartyIdentification>
				</cac:AppealReceiverParty>
				<cac:MediationParty>
					<cac:PartyIdentification>
						<cbc:ID schemeName="organization">ORG-0004</cbc:ID>
					</cac:PartyIdentification>
				</cac:MediationParty>
			</cac:AppealTerms>
			<cac:Language>
				<cbc:ID>ENG</cbc:ID>
			</cac:Language>
		</cac:TenderingTerms>
		<cac:TenderingProcess>
			<ext:UBLExtensions>
				<ext:UBLExtension>
					<ext:ExtensionContent>
						<efext:EformsExtension>
							<efac:InterestExpressionReceptionPeriod>
								<!-- Check that this is not later than 3 month before the end of the CEI duration -->
								<cbc:EndDate>2024-06-09+02:00</cbc:EndDate>
								<cbc:EndTime>23:59:59+02:00</cbc:EndTime>
							</efac:InterestExpressionReceptionPeriod>
						</efext:EformsExtension>
					</ext:ExtensionContent>
				</ext:UBLExtension>
			</ext:UBLExtensions>
			<cbc:SubmissionMethodCode listName="esubmission">required</cbc:SubmissionMethodCode>
			<cbc:AccessToolsURI>https://my-atypical-tool.com/</cbc:AccessToolsURI>
		</cac:TenderingProcess>
		<cac:ProcurementProject>
			<cbc:ID schemeName="InternalID">EPRS/ESMH/SER/19/001CEI</cbc:ID>
			<cbc:Name languageID="ENG">Call for Expression of Interest EPRS/ESMH/SER/19/001CEI to compile a list of experts in the field of science communication and other relevant domains for the provision of draft articles and other science communication outputs.</cbc:Name>
			<cbc:Description languageID="ENG">The science communication outputs requested by this CEI will be related to various policy areas such as (nonexclusive list):
— eco-mobility and modern energy solutions,
— sustainable management of natural resources,
— potentials and challenges of the information society, new technologies, artificial intelligence,
— health and new technologies in the life sciences,
— science policy, communication and global networking.</cbc:Description>
			<cbc:ProcurementTypeCode listName="contract-nature">services</cbc:ProcurementTypeCode>
			<cbc:Note languageID="ENG">additional information about the lot ...</cbc:Note>
			<cbc:SMESuitableIndicator>true</cbc:SMESuitableIndicator>
			<cac:MainCommodityClassification>
				<cbc:ItemClassificationCode listName="cpv">98390000</cbc:ItemClassificationCode>
			</cac:MainCommodityClassification>
			<cac:RealizedLocation>
				<cac:Address>
					<cbc:CityName>Brussels</cbc:CityName>
					<cbc:CountrySubentityCode listName="nuts">BE100</cbc:CountrySubentityCode>
					<cac:Country>
						<cbc:IdentificationCode listName="country">BEL</cbc:IdentificationCode>
					</cac:Country>
				</cac:Address>
			</cac:RealizedLocation>
			<cac:PlannedPeriod>
				<cbc:DurationMeasure unitCode="MONTH">48</cbc:DurationMeasure>
			</cac:PlannedPeriod>
		</cac:ProcurementProject>
	</cac:ProcurementProjectLot>
</PriorInformationNotice>
