<?xml version="1.0" encoding="UTF-8"?>
<!-- Contract notice with the maximum amount of information possible.
	 Values used are fictitious, and may be redundant or inconsistent.
-->
<ContractNotice xmlns:cac="urn:oasis:names:specification:ubl:schema:xsd:CommonAggregateComponents-2" xmlns:ext="urn:oasis:names:specification:ubl:schema:xsd:CommonExtensionComponents-2" xmlns="urn:oasis:names:specification:ubl:schema:xsd:ContractNotice-2" xmlns:cbc="urn:oasis:names:specification:ubl:schema:xsd:CommonBasicComponents-2" xmlns:efac="http://data.europa.eu/p27/eforms-ubl-extension-aggregate-components/1" xmlns:efext="http://data.europa.eu/p27/eforms-ubl-extensions/1" xmlns:efbc="http://data.europa.eu/p27/eforms-ubl-extension-basic-components/1" xmlns:xsi="http://www.w3.org/2001/XMLSchema-instance">
	<ext:UBLExtensions>
		<ext:UBLExtension>
			<ext:ExtensionContent>
				<efext:EformsExtension>
					<!-- "id" : "BT-803(d)-notice", "name" : "Notice Dispatch Date eSender (date)"-->
					<efbc:TransmissionDate>2023-03-23+01:00</efbc:TransmissionDate>
					<!-- "id" : "BT-803(t)-notice", "name" : "Notice Dispatch Date eSender (time)"-->
					<efbc:TransmissionTime>22:00:00+01:00</efbc:TransmissionTime>
					<efac:NoticeSubType>
						<cbc:SubTypeCode listName="notice-subtype">16</cbc:SubTypeCode>
					</efac:NoticeSubType>
					<efac:Organizations>
						<efac:Organization>
							<efac:Company>
								<!--BT-505-->
								<cbc:WebsiteURI>https://www.fin-adm.com</cbc:WebsiteURI>
								<!--BT-509-->
								<cbc:EndpointID>https://endpoint-example.fin-adm.com</cbc:EndpointID>
								<cac:PartyIdentification>
									<!--OPT-200-->
									<cbc:ID schemeName="organization">ORG-0001</cbc:ID>
								</cac:PartyIdentification>
								<!--BT-500-->
								<cac:PartyName>
									<cbc:Name languageID="ENG">Financial Adinistration for ...</cbc:Name>
								</cac:PartyName>
								<cac:PostalAddress>
									<!--BT-510-->
									<cbc:StreetName>Bruce Wayne House</cbc:StreetName>
									<cbc:AdditionalStreetName>2 Gotham Street</cbc:AdditionalStreetName>
									<!--BT-16-->
									<cbc:Department>Finance Division</cbc:Department>
									<!--BT-513-->
									<cbc:CityName>London</cbc:CityName>
									<!--BT-512-->
									<cbc:PostalZone>N1 9FL</cbc:PostalZone>
									<!--BT-507-->
									<cbc:CountrySubentityCode listName="nuts">UKI62</cbc:CountrySubentityCode>
									<!--BT-514-->
									<cac:Country>
										<cbc:IdentificationCode listName="country">GBR</cbc:IdentificationCode>
									</cac:Country>
								</cac:PostalAddress>
								<cac:PartyLegalEntity>
									<!--BT-501-->
									<cbc:CompanyID>998298</cbc:CompanyID>
								</cac:PartyLegalEntity>
								<cac:Contact>
									<!--BT-502-->
									<cbc:Name>Info desk</cbc:Name>
									<!--BT-503-->
									<cbc:Telephone>+44 123456780</cbc:Telephone>
									<!--BT-739-->
									<cbc:Telefax>+44 123456789</cbc:Telefax>
									<!--BT-506-->
									<cbc:ElectronicMail>info@fin-adm.com</cbc:ElectronicMail>
								</cac:Contact>
							</efac:Company>
							<efac:TouchPoint>
								<cbc:WebsiteURI>http://tender-submit.fin-adm.com</cbc:WebsiteURI>
								<cac:PartyIdentification>
									<cbc:ID schemeName="touchpoint">TPO-0001</cbc:ID>
								</cac:PartyIdentification>
								<cac:PartyName>
									<cbc:Name languageID="ENG">Procurement Department</cbc:Name>
								</cac:PartyName>
								<cac:PostalAddress>
									<!--BT-510-->
									<cbc:StreetName>Bruce Wayne House</cbc:StreetName>
									<cbc:AdditionalStreetName>2 Gotham Street</cbc:AdditionalStreetName>
									<!--BT-16-->
									<cbc:Department>Procurement Dpt</cbc:Department>
									<!--BT-513-->
									<cbc:CityName>London</cbc:CityName>
									<!--BT-512-->
									<cbc:PostalZone>N1 9FL</cbc:PostalZone>
									<!--BT-507-->
									<cbc:CountrySubentityCode listName="nuts">UKI62</cbc:CountrySubentityCode>
									<!--BT-514-->
									<cac:Country>
										<cbc:IdentificationCode listName="country">GBR</cbc:IdentificationCode>
									</cac:Country>
								</cac:PostalAddress>
								<cac:Contact>
									<cbc:Name>Head of Procurement Department</cbc:Name>
									<cbc:Telephone>+123 45678</cbc:Telephone>
									<cbc:Telefax>+123 456789</cbc:Telefax>
									<cbc:ElectronicMail>proc-info@fin-adm.com</cbc:ElectronicMail>
								</cac:Contact>
							</efac:TouchPoint>
							<efac:TouchPoint>
								<cbc:WebsiteURI>http://archives.fin-adm.com</cbc:WebsiteURI>
								<cac:PartyIdentification>
									<cbc:ID schemeName="touchpoint">TPO-0002</cbc:ID>
								</cac:PartyIdentification>
								<cac:PartyName>
									<cbc:Name languageID="ENG">Fin Adm Archives</cbc:Name>
								</cac:PartyName>
								<cac:PostalAddress>
									<!--BT-510-->
									<cbc:StreetName>Bruce Wayne House</cbc:StreetName>
									<cbc:AdditionalStreetName>2 Gotham Street</cbc:AdditionalStreetName>
									<!--BT-16-->
									<cbc:Department>Fin Adm Archives Dpt</cbc:Department>
									<!--BT-513-->
									<cbc:CityName>London</cbc:CityName>
									<!--BT-512-->
									<cbc:PostalZone>N1 9FL</cbc:PostalZone>
									<!--BT-507-->
									<cbc:CountrySubentityCode listName="nuts">UKI62</cbc:CountrySubentityCode>
									<!--BT-514-->
									<cac:Country>
										<cbc:IdentificationCode listName="country">GBR</cbc:IdentificationCode>
									</cac:Country>
								</cac:PostalAddress>
								<cac:Contact>
									<!--BT-502-->
									<cbc:Name>Proc Archives Dpt Lead</cbc:Name>
									<!--BT-503-->
									<cbc:Telephone>+44 123456776</cbc:Telephone>
									<!--BT-739-->
									<cbc:Telefax>+44 1234567769</cbc:Telefax>
									<!--BT-506-->
									<cbc:ElectronicMail>proc-archi@fin-adm.com</cbc:ElectronicMail>
								</cac:Contact>
							</efac:TouchPoint>
							<efac:TouchPoint>
								<cbc:WebsiteURI>http://tender-evaluation.fin-adm.com</cbc:WebsiteURI>
								<cac:PartyIdentification>
									<cbc:ID schemeName="touchpoint">TPO-0003</cbc:ID>
								</cac:PartyIdentification>
								<cac:PartyName>
									<cbc:Name languageID="ENG">Tenders Evaluation Committee</cbc:Name>
								</cac:PartyName>
								<cac:PostalAddress>
									<!--BT-510-->
									<cbc:StreetName>Bruce Wayne House</cbc:StreetName>
									<cbc:AdditionalStreetName>2 Gotham Street</cbc:AdditionalStreetName>
									<!--BT-16-->
									<cbc:Department>Tenders Evaluation Committee</cbc:Department>
									<!--BT-513-->
									<cbc:CityName>London</cbc:CityName>
									<!--BT-512-->
									<cbc:PostalZone>N1 9FL</cbc:PostalZone>
									<!--BT-507-->
									<cbc:CountrySubentityCode listName="nuts">UKI62</cbc:CountrySubentityCode>
									<!--BT-514-->
									<cac:Country>
										<cbc:IdentificationCode listName="country">GBR</cbc:IdentificationCode>
									</cac:Country>
								</cac:PostalAddress>
								<cac:Contact>
									<!--BT-502-->
									<cbc:Name>Evaluation Dpt</cbc:Name>
									<!--BT-503-->
									<cbc:Telephone>+44 123456777</cbc:Telephone>
									<!--BT-739-->
									<cbc:Telefax>+44 1234567779</cbc:Telefax>
									<!--BT-506-->
									<cbc:ElectronicMail>proc-eval@fin-adm.com</cbc:ElectronicMail>
								</cac:Contact>
							</efac:TouchPoint>
						</efac:Organization>
						<efac:Organization>
							<efac:Company>
								<!--BT-505-->
								<cbc:WebsiteURI>https://www.fin-leg.com</cbc:WebsiteURI>
								<!--BT-509-->
								<cbc:EndpointID>https://contact.fin-leg.com</cbc:EndpointID>
								<cac:PartyIdentification>
									<!--OPT-200-->
									<cbc:ID schemeName="organization">ORG-0002</cbc:ID>
								</cac:PartyIdentification>
								<cac:PartyName>
									<!--BT-500-->
									<cbc:Name languageID="ENG">TaxInfo Department</cbc:Name>
								</cac:PartyName>
								<cac:PostalAddress>
									<!--BT-510-->
									<cbc:StreetName>6 Main Street</cbc:StreetName>
									<!--BT-513-->
									<cbc:CityName>London</cbc:CityName>
									<!--BT-512-->
									<cbc:PostalZone>N1 9FL</cbc:PostalZone>
									<!--BT-507-->
									<cbc:CountrySubentityCode listName="nuts">UKI62</cbc:CountrySubentityCode>
									<cac:Country>
										<!--BT-514-->
										<cbc:IdentificationCode listName="country">GBR</cbc:IdentificationCode>
									</cac:Country>
								</cac:PostalAddress>
								<cac:PartyLegalEntity>
									<!--BT-501-->
									<cbc:CompanyID>12345</cbc:CompanyID>
								</cac:PartyLegalEntity>
								<cac:Contact>
									<!--BT-502-->
									<cbc:Name languageID="ENG">Info desk</cbc:Name>
									<!--BT-503-->
									<cbc:Telephone>+44 123456780</cbc:Telephone>
									<!--BT-739-->
									<cbc:Telefax>+44 123456789</cbc:Telefax>
									<!--BT-506-->
									<cbc:ElectronicMail>info@example.com</cbc:ElectronicMail>
								</cac:Contact>
							</efac:Company>
						</efac:Organization>
						<efac:Organization>
							<efac:Company>
								<!--BT-505-->
								<cbc:WebsiteURI>https://www.env-dpt.com</cbc:WebsiteURI>
								<!--BT-509-->
								<cbc:EndpointID>https://endpoint.env-dpt.com</cbc:EndpointID>
								<cac:PartyIdentification>
									<!--OPT-200-->
									<cbc:ID schemeName="organization">ORG-0003</cbc:ID>
								</cac:PartyIdentification>
								<cac:PartyName>
									<!--BT-500-->
									<cbc:Name languageID="ENG">EnvironmentalInfo Dpt</cbc:Name>
								</cac:PartyName>
								<cac:PostalAddress>
									<!--BT-510-->
									<cbc:StreetName>23 Nelson Square</cbc:StreetName>
									<!--BT-16-->
									<cbc:Department>Environment Information department</cbc:Department>
									<!--BT-513-->
									<cbc:CityName>London</cbc:CityName>
									<!--BT-512-->
									<cbc:PostalZone>N1 9FL</cbc:PostalZone>
									<!--BT-507-->
									<cbc:CountrySubentityCode listName="nuts">UKI62</cbc:CountrySubentityCode>
									<cac:Country>
										<!--BT-514-->
										<cbc:IdentificationCode listName="country">GBR</cbc:IdentificationCode>
									</cac:Country>
								</cac:PostalAddress>
								<cac:PartyLegalEntity>
									<!--BT-501-->
									<cbc:CompanyID>7812345</cbc:CompanyID>
								</cac:PartyLegalEntity>
								<cac:Contact>
									<!--BT-502-->
									<cbc:Name languageID="ENG">Info desk</cbc:Name>
									<!--BT-503-->
									<cbc:Telephone>+44 123456780</cbc:Telephone>
									<!--BT-739-->
									<cbc:Telefax>+44 123456789</cbc:Telefax>
									<!--BT-506-->
									<cbc:ElectronicMail>info@env-dpt.com</cbc:ElectronicMail>
								</cac:Contact>
							</efac:Company>
						</efac:Organization>
						<efac:Organization>
							<!--BT-633-->
							<efac:Company>
								<!--BT-505-->
								<cbc:WebsiteURI>https://www.employment-legis.com</cbc:WebsiteURI>
								<!--BT-509-->
								<cbc:EndpointID>https://endpoint.employment-legis.com</cbc:EndpointID>
								<cac:PartyIdentification>
									<!--OPT-200-->
									<cbc:ID schemeName="organization">ORG-0004</cbc:ID>
								</cac:PartyIdentification>
								<cac:PartyName>
									<!--BT-500-->
									<cbc:Name languageID="ENG">EmploymentInfo Division</cbc:Name>
								</cac:PartyName>
								<cac:PostalAddress>
									<!--BT-510-->
									<cbc:StreetName>162 Broad Street</cbc:StreetName>
									<cbc:AdditionalStreetName>2nd floor</cbc:AdditionalStreetName>
									<!--BT-16-->
									<cbc:Department>ABC Unit</cbc:Department>
									<!--BT-513-->
									<cbc:CityName>London</cbc:CityName>
									<!--BT-512-->
									<cbc:PostalZone>N1 9FL</cbc:PostalZone>
									<!--BT-507-->
									<cbc:CountrySubentityCode listName="nuts">UKI62</cbc:CountrySubentityCode>
									<cac:Country>
										<!--BT-514-->
										<cbc:IdentificationCode listName="country">GBR</cbc:IdentificationCode>
									</cac:Country>
								</cac:PostalAddress>
								<cac:PartyLegalEntity>
									<!--BT-501-->
									<cbc:CompanyID>99283</cbc:CompanyID>
								</cac:PartyLegalEntity>
								<cac:Contact>
									<!--BT-502-->
									<cbc:Name languageID="ENG">Info desk</cbc:Name>
									<!--BT-503-->
									<cbc:Telephone>+44 123456780</cbc:Telephone>
									<!--BT-739-->
									<cbc:Telefax>+44 123456789</cbc:Telefax>
									<!--BT-506-->
									<cbc:ElectronicMail>info@example.com</cbc:ElectronicMail>
								</cac:Contact>
							</efac:Company>
						</efac:Organization>
						<efac:Organization>
							<efac:Company>
								<!--BT-505-->
								<cbc:WebsiteURI>https://www.appeal-adm-proc.com</cbc:WebsiteURI>
								<!--BT-509-->
								<cbc:EndpointID>https://appeal-adm-proc.com/request</cbc:EndpointID>
								<cac:PartyIdentification>
									<!--OPT-200-->
									<cbc:ID schemeName="organization">ORG-0005</cbc:ID>
								</cac:PartyIdentification>
								<cac:PartyName>
									<!--BT-500-->
									<cbc:Name languageID="ENG">Pub Proc Appeal Adm</cbc:Name>
								</cac:PartyName>
								<cac:PostalAddress>
									<!--BT-510-->
									<cbc:StreetName>87 Big Avenue</cbc:StreetName>
									<!--BT-16-->
									<cbc:Department>Reviews and Complains</cbc:Department>
									<!--BT-513-->
									<cbc:CityName>London</cbc:CityName>
									<!--BT-512-->
									<cbc:PostalZone>N1 9FL</cbc:PostalZone>
									<!--BT-507-->
									<cbc:CountrySubentityCode listName="nuts">UKI62</cbc:CountrySubentityCode>
									<cac:Country>
										<!--BT-514-->
										<cbc:IdentificationCode listName="country">GBR</cbc:IdentificationCode>
									</cac:Country>
								</cac:PostalAddress>
								<cac:PartyLegalEntity>
									<!--BT-501-->
									<cbc:CompanyID>0986543</cbc:CompanyID>
								</cac:PartyLegalEntity>
								<cac:Contact>
									<!--BT-502-->
									<cbc:Name languageID="ENG">A and R Department</cbc:Name>
									<!--BT-503-->
									<cbc:Telephone>+44 899375</cbc:Telephone>
									<!--BT-739-->
									<cbc:Telefax>+44 9928736</cbc:Telefax>
									<!--BT-506-->
									<cbc:ElectronicMail>info@appeal-adm-proc.com</cbc:ElectronicMail>
								</cac:Contact>
							</efac:Company>
						</efac:Organization>
						<efac:Organization>
							<!--BT-633-->
							<efac:Company>
								<!--BT-505-->
								<cbc:WebsiteURI>https://www.pub-mediator.com</cbc:WebsiteURI>
								<!--BT-509-->
								<cac:PartyIdentification>
									<!--OPT-200-->
									<cbc:ID schemeName="organization">ORG-0006</cbc:ID>
								</cac:PartyIdentification>
								<cac:PartyName>
									<!--BT-500-->
									<cbc:Name languageID="ENG">The Public Mediator</cbc:Name>
								</cac:PartyName>
								<cac:PostalAddress>
									<!--BT-510-->
									<cbc:StreetName>85 Norwish Road</cbc:StreetName>
									<!--BT-16-->
									<cbc:Department>Public Procurement</cbc:Department>
									<!--BT-513-->
									<cbc:CityName>London</cbc:CityName>
									<!--BT-512-->
									<cbc:PostalZone>N1 9FL</cbc:PostalZone>
									<!--BT-507-->
									<cbc:CountrySubentityCode listName="nuts">UKI62</cbc:CountrySubentityCode>
									<cac:Country>
										<!--BT-514-->
										<cbc:IdentificationCode listName="country">GBR</cbc:IdentificationCode>
									</cac:Country>
								</cac:PostalAddress>
								<cac:PartyLegalEntity>
									<!--BT-501-->
									<cbc:CompanyID>09812345</cbc:CompanyID>
								</cac:PartyLegalEntity>
								<cac:Contact>
									<!--BT-502-->
									<cbc:Name languageID="ENG">Info desk</cbc:Name>
									<!--BT-503-->
									<cbc:Telephone>+44 123456345678</cbc:Telephone>
									<!--BT-739-->
									<cbc:Telefax>+44 098765432</cbc:Telefax>
									<!--BT-506-->
									<cbc:ElectronicMail>info@pub-mediator.com</cbc:ElectronicMail>
								</cac:Contact>
							</efac:Company>
						</efac:Organization>
						<efac:Organization>
							<efac:Company>
								<cbc:WebsiteURI>https://esendercorp.eu</cbc:WebsiteURI>
								<cac:PartyIdentification>
									<cbc:ID schemeName="organization">ORG-0007</cbc:ID>
								</cac:PartyIdentification>
								<cac:PartyName>
									<cbc:Name languageID="ENG">eSendCorp</cbc:Name>
								</cac:PartyName>
								<cac:PostalAddress>
									<cbc:CityName>Luxembourg</cbc:CityName>
									<cbc:PostalZone>2985</cbc:PostalZone>
									<cbc:CountrySubentityCode listName="nuts">LU000</cbc:CountrySubentityCode>
									<cac:Country>
										<cbc:IdentificationCode listName="country">LUX</cbc:IdentificationCode>
									</cac:Country>
								</cac:PostalAddress>
								<cac:PartyLegalEntity>
									<cbc:CompanyID>111 222 333</cbc:CompanyID>
								</cac:PartyLegalEntity>
								<cac:Contact>
									<cbc:Telephone>+352 123456789</cbc:Telephone>
									<cbc:Telefax>+352 1234567899</cbc:Telefax>
									<cbc:ElectronicMail>esender@esendcorp.lu</cbc:ElectronicMail>
								</cac:Contact>
							</efac:Company>
						</efac:Organization>
					</efac:Organizations>
				</efext:EformsExtension>
			</ext:ExtensionContent>
		</ext:UBLExtension>
	</ext:UBLExtensions>
	<cbc:UBLVersionID>2.3</cbc:UBLVersionID>
	<cbc:CustomizationID>eforms-sdk-1.12</cbc:CustomizationID>
	<!--BT-701-->
	<cbc:ID schemeName="notice-id">14549263-b47b-4e59-96a1-2d0d13e19343</cbc:ID>
	<!--BT-04-->
	<cbc:ContractFolderID>aff2863e-b4cc-4e91-baba-b3b85f709117</cbc:ContractFolderID>
	<!--BT-05-->
	<cbc:IssueDate>2023-03-23+01:00</cbc:IssueDate>
	<cbc:IssueTime>20:59:32+01:00</cbc:IssueTime>
	<!--BT-757-->
	<cbc:VersionID>03</cbc:VersionID>
	<!--BT-01-->
	<cbc:RegulatoryDomain>32014L0024</cbc:RegulatoryDomain>
	<!--BT-03--> <!--BT-02-->
	<cbc:NoticeTypeCode listName="competition">cn-standard</cbc:NoticeTypeCode>
	<!--BT-702-->
	<cbc:NoticeLanguageCode>ENG</cbc:NoticeLanguageCode>
	<cac:ContractingParty>
		<!--BT-508-->
		<cbc:BuyerProfileURI>https://profile.example.com</cbc:BuyerProfileURI>
		<cac:ContractingPartyType>
			<!--BT-11-->
			<cbc:PartyTypeCode listName="buyer-legal-type">body-pl</cbc:PartyTypeCode>
		</cac:ContractingPartyType>
		<cac:ContractingActivity>
			<!--BT-10-->
			<cbc:ActivityTypeCode listName="authority-activity">econ-aff</cbc:ActivityTypeCode>
		</cac:ContractingActivity>
		<cac:Party>
			<cac:PartyIdentification>
				<!--OPT-300-->
				<cbc:ID schemeName="organization">ORG-0001</cbc:ID>
			</cac:PartyIdentification>
			<cac:ServiceProviderParty>
				<cbc:ServiceTypeCode listName="organisation-role">ted-esen</cbc:ServiceTypeCode>
				<cac:Party>
					<cac:PartyIdentification>
						<cbc:ID schemeName="organization">ORG-0007</cbc:ID>
					</cac:PartyIdentification>
				</cac:Party>
			</cac:ServiceProviderParty>
		</cac:Party>
	</cac:ContractingParty>
	<cac:TenderingTerms>
		<!--BT-09-->
		<cac:ProcurementLegislationDocumentReference>
			<cbc:ID>CrossBorderLaw</cbc:ID>
			<cbc:DocumentDescription languageID="ENG">Cross border law description ---</cbc:DocumentDescription>
		</cac:ProcurementLegislationDocumentReference>
		<cac:TendererQualificationRequest>
			<cac:SpecificTendererRequirement>
				<!--BT-806-->
				<cbc:TendererRequirementTypeCode listName="exclusion-grounds-source">epo-notice</cbc:TendererRequirementTypeCode>
			</cac:SpecificTendererRequirement>
		</cac:TendererQualificationRequest>
		<!--BT-67-->
		<cac:TendererQualificationRequest>
			<cac:SpecificTendererRequirement>
				<cbc:TendererRequirementTypeCode listName="exclusion-ground">exg-crim-part</cbc:TendererRequirementTypeCode>
				<cbc:Description languageID="ENG">Exclusion Ground description ---</cbc:Description>
			</cac:SpecificTendererRequirement>
			<cac:SpecificTendererRequirement>
				<cbc:TendererRequirementTypeCode listName="exclusion-ground">exg-crim-corrpt</cbc:TendererRequirementTypeCode>
				<cbc:Description languageID="ENG">Exclusion Ground description ---</cbc:Description>
			</cac:SpecificTendererRequirement>
			<cac:SpecificTendererRequirement>
				<cbc:TendererRequirementTypeCode listName="exclusion-ground">exg-crim-fraud</cbc:TendererRequirementTypeCode>
				<cbc:Description languageID="ENG">Exclusion Ground description ---</cbc:Description>
			</cac:SpecificTendererRequirement>
			<cac:SpecificTendererRequirement>
				<cbc:TendererRequirementTypeCode listName="exclusion-ground">exg-crim-terror</cbc:TendererRequirementTypeCode>
				<cbc:Description languageID="ENG">Exclusion Ground description ---</cbc:Description>
			</cac:SpecificTendererRequirement>
			<cac:SpecificTendererRequirement>
				<cbc:TendererRequirementTypeCode listName="exclusion-ground">exg-crim-laund</cbc:TendererRequirementTypeCode>
				<cbc:Description languageID="ENG">Exclusion Ground description ---</cbc:Description>
			</cac:SpecificTendererRequirement>
			<cac:SpecificTendererRequirement>
				<cbc:TendererRequirementTypeCode listName="exclusion-ground">exg-crim-traffick</cbc:TendererRequirementTypeCode>
				<cbc:Description languageID="ENG">Exclusion Ground description ---</cbc:Description>
			</cac:SpecificTendererRequirement>
			<cac:SpecificTendererRequirement>
				<cbc:TendererRequirementTypeCode listName="exclusion-ground">exg-pmt-bre-tax</cbc:TendererRequirementTypeCode>
				<cbc:Description languageID="ENG">Exclusion Ground description ---</cbc:Description>
			</cac:SpecificTendererRequirement>
			<cac:SpecificTendererRequirement>
				<cbc:TendererRequirementTypeCode listName="exclusion-ground">exg-mis-unrel-sec</cbc:TendererRequirementTypeCode>
				<cbc:Description languageID="ENG">Exclusion Ground description ---</cbc:Description>
			</cac:SpecificTendererRequirement>
			<cac:SpecificTendererRequirement>
				<cbc:TendererRequirementTypeCode listName="exclusion-ground">exg-mis-bre-env-law</cbc:TendererRequirementTypeCode>
				<cbc:Description languageID="ENG">Exclusion Ground description ---</cbc:Description>
			</cac:SpecificTendererRequirement>
			<cac:SpecificTendererRequirement>
				<cbc:TendererRequirementTypeCode listName="exclusion-ground">exg-mis-bre-soc-law</cbc:TendererRequirementTypeCode>
				<cbc:Description languageID="ENG">Exclusion Ground description ---</cbc:Description>
			</cac:SpecificTendererRequirement>
			<cac:SpecificTendererRequirement>
				<cbc:TendererRequirementTypeCode listName="exclusion-ground">exg-mis-bre-lab-law</cbc:TendererRequirementTypeCode>
				<cbc:Description languageID="ENG">Exclusion Ground description ---</cbc:Description>
			</cac:SpecificTendererRequirement>
			<cac:SpecificTendererRequirement>
				<cbc:TendererRequirementTypeCode listName="exclusion-ground">exg-sitn-insolvency</cbc:TendererRequirementTypeCode>
				<cbc:Description languageID="ENG">Exclusion Ground description ---</cbc:Description>
			</cac:SpecificTendererRequirement>
			<cac:SpecificTendererRequirement>
				<cbc:TendererRequirementTypeCode listName="exclusion-ground">exg-natl-bre-nat-law</cbc:TendererRequirementTypeCode>
				<cbc:Description languageID="ENG">Other Exclusion Ground description ---</cbc:Description>
			</cac:SpecificTendererRequirement>
		</cac:TendererQualificationRequest>
		<cac:LotDistribution>
			<!--BT-33-->
			<cbc:MaximumLotsAwardedNumeric>2</cbc:MaximumLotsAwardedNumeric>
			<!--BT-31-->
			<cbc:MaximumLotsSubmittedNumeric>2</cbc:MaximumLotsSubmittedNumeric>
			<cac:LotsGroup>
				<cbc:LotsGroupID schemeName="LotsGroup">GLO-0001</cbc:LotsGroupID>
				<cac:ProcurementProjectLotReference>
					<cbc:ID schemeName="Lot">LOT-0001</cbc:ID>
				</cac:ProcurementProjectLotReference>
				<cac:ProcurementProjectLotReference>
					<cbc:ID schemeName="Lot">LOT-0002</cbc:ID>
				</cac:ProcurementProjectLotReference>
			</cac:LotsGroup>
		</cac:LotDistribution>
	</cac:TenderingTerms>
	<cac:TenderingProcess>
		<!--BT-88-->
		<cbc:Description languageID="ENG">Description of the procedure  ---</cbc:Description>
		<!--BT-105-->
		<cbc:ProcedureCode listName="procurement-procedure-type">neg-w-call</cbc:ProcedureCode>
		<!--BT-763-->
		<cbc:PartPresentationCode listName="tenderlot-presentation">all</cbc:PartPresentationCode>
		<cac:ProcessJustification>
			<!--BT-106-->
			<cbc:ProcessReasonCode listName="accelerated-procedure">true</cbc:ProcessReasonCode>
			<!--BT-1351-->
			<cbc:ProcessReason languageID="ENG">Procedure Accelerated Justification ---</cbc:ProcessReason>
		</cac:ProcessJustification>
	</cac:TenderingProcess>
	<cac:ProcurementProject>
		<!--BT-22-->
		<cbc:ID schemeName="InternalID">2023-P-0001</cbc:ID>
		<!--BT-21-->
		<cbc:Name languageID="ENG">Procurement Title ---</cbc:Name>
		<!--BT-24-->
		<cbc:Description languageID="ENG">Description ---</cbc:Description>
		<!--BT-23-->
		<cbc:ProcurementTypeCode listName="contract-nature">services</cbc:ProcurementTypeCode>
		<!--BT-300-->
		<cbc:Note languageID="ENG">Additional information ---</cbc:Note>
		<cac:ProcurementAdditionalType>
			<!--BT-531-->
			<cbc:ProcurementTypeCode listName="contract-nature">works</cbc:ProcurementTypeCode>
		</cac:ProcurementAdditionalType>
		<cac:RequestedTenderTotal>
			<!--BT-27-->
			<cbc:EstimatedOverallContractAmount currencyID="EUR">9999999.99</cbc:EstimatedOverallContractAmount>
		</cac:RequestedTenderTotal>
		<cac:MainCommodityClassification>
			<!--BT-26-->
			<!--BT-262-->
			<cbc:ItemClassificationCode listName="cpv">79710000</cbc:ItemClassificationCode>
		</cac:MainCommodityClassification>
		<cac:AdditionalCommodityClassification>
			<!--BT-26-->
			<!--BT-263-->
			<cbc:ItemClassificationCode listName="cpv">79720000</cbc:ItemClassificationCode>
		</cac:AdditionalCommodityClassification>
		<cac:RealizedLocation>
			<cbc:Description languageID="ENG">The main location is ...</cbc:Description>
			<cac:Address>
				<!--BT-5101-->
				<cbc:StreetName>Bruce Wayne House</cbc:StreetName>
				<cbc:AdditionalStreetName>2 Gotham Street</cbc:AdditionalStreetName>
				<!--BT-5131-->
				<cbc:CityName>London</cbc:CityName>
				<!--BT-5121-->
				<cbc:PostalZone>N1 9FL</cbc:PostalZone>
				<!--BT-5071-->
				<cbc:CountrySubentityCode listName="nuts">UKI62</cbc:CountrySubentityCode>
				<cac:Country>
					<!--BT-5141-->
					<cbc:IdentificationCode listName="country">GBR</cbc:IdentificationCode>
				</cac:Country>
			</cac:Address>
		</cac:RealizedLocation>
		<cac:RealizedLocation>
			<!-- This location represents a large area without a specific address, in this case "Anywhere in the European Economic Area" -->
			<!--BT-728-->
			<cbc:Description languageID="ENG">Additional information ---</cbc:Description>
			<cac:Address>
				<!--BT-727-->
				<cbc:Region>anyw-eea</cbc:Region>
			</cac:Address>
		</cac:RealizedLocation>
	</cac:ProcurementProject>
	<cac:ProcurementProjectLot>
		<cbc:ID schemeName="LotsGroup">GLO-0001</cbc:ID>
		<cac:TenderingTerms>
			<cac:AwardingTerms>
				<cac:AwardingCriterion>
					<cac:SubordinateAwardingCriterion>
						<ext:UBLExtensions>
							<ext:UBLExtension>
								<ext:ExtensionContent>
									<efext:EformsExtension>
										<efac:AwardCriterionParameter>
											<!--BT-5421-->
											<efbc:ParameterCode listName="number-weight">per-exa</efbc:ParameterCode>
											<!--BT-541-->
											<efbc:ParameterNumeric>60</efbc:ParameterNumeric>
										</efac:AwardCriterionParameter>
									</efext:EformsExtension>
								</ext:ExtensionContent>
							</ext:UBLExtension>
						</ext:UBLExtensions>
						<!--BT-539-->
						<cbc:AwardingCriterionTypeCode listName="award-criterion-type">cost</cbc:AwardingCriterionTypeCode>
						<!--BT-734-->
						<cbc:Name languageID="ENG">name of AC ---</cbc:Name>
						<!--BT-540-->
						<cbc:Description languageID="ENG">AC Description ---</cbc:Description>
					</cac:SubordinateAwardingCriterion>
					<cac:SubordinateAwardingCriterion>
						<ext:UBLExtensions>
							<ext:UBLExtension>
								<ext:ExtensionContent>
									<efext:EformsExtension>
										<efac:AwardCriterionParameter>
											<!--BT-5421-->
											<efbc:ParameterCode listName="number-weight">per-exa</efbc:ParameterCode>
											<!--BT-541-->
											<efbc:ParameterNumeric>40</efbc:ParameterNumeric>
										</efac:AwardCriterionParameter>
									</efext:EformsExtension>
								</ext:ExtensionContent>
							</ext:UBLExtension>
						</ext:UBLExtensions>
						<!--BT-539-->
						<cbc:AwardingCriterionTypeCode listName="award-criterion-type">quality</cbc:AwardingCriterionTypeCode>
						<!--BT-734-->
						<cbc:Name languageID="ENG">Name of AC ---</cbc:Name>
						<!--BT-540-->
						<cbc:Description languageID="ENG">AC Description ---</cbc:Description>
					</cac:SubordinateAwardingCriterion>
				</cac:AwardingCriterion>
			</cac:AwardingTerms>
		</cac:TenderingTerms>
		<cac:TenderingProcess>
			<cac:FrameworkAgreement>
				<!--BT-157-->
				<cbc:EstimatedMaximumValueAmount  currencyID="EUR">10000</cbc:EstimatedMaximumValueAmount>
			</cac:FrameworkAgreement>
		</cac:TenderingProcess>
		<cac:ProcurementProject>
			<!--BT-22-->
			<cbc:ID schemeName="InternalID">Group A</cbc:ID>
			<!--BT-21-->
			<cbc:Name languageID="ENG">Title ---</cbc:Name>
			<!--BT-24-->
			<cbc:Description languageID="ENG">Description ---</cbc:Description>
			<!--BT-300-->
			<cbc:Note languageID="ENG">Additional information for GLO-0001 ProcurementProject ---</cbc:Note>
			<!--BT-726-->
			<cbc:SMESuitableIndicator>true</cbc:SMESuitableIndicator>
			<cac:RequestedTenderTotal>
				<!--BT-27-->
				<cbc:EstimatedOverallContractAmount currencyID="EUR">9999999.99</cbc:EstimatedOverallContractAmount>
			</cac:RequestedTenderTotal>
		</cac:ProcurementProject>
	</cac:ProcurementProjectLot>
	<cac:ProcurementProjectLot>
		<cbc:ID schemeName="Lot">LOT-0001</cbc:ID>
		<cac:TenderingTerms>
			<ext:UBLExtensions>
				<ext:UBLExtension>
					<ext:ExtensionContent>
						<efext:EformsExtension>
							<efac:SelectionCriteria>
								<!--BT-809-->
								<cbc:TendererRequirementTypeCode listName="selection-criterion">slc-suit-reg-prof</cbc:TendererRequirementTypeCode>
								<!--BT-750-->
								<cbc:Description languageID="ENG">Selection Criteria Description ---</cbc:Description>
								<!--BT-40-->
								<efbc:SecondStageIndicator>true</efbc:SecondStageIndicator>
								<efac:CriterionParameter>
									<!--BT-7532-->
									<efbc:ParameterCode listName="number-threshold">max-pass</efbc:ParameterCode>
									<!--BT-752-->
									<efbc:ParameterNumeric>3</efbc:ParameterNumeric>
								</efac:CriterionParameter>
								<efac:CriterionParameter>
									<!--BT-7532-->
									<efbc:ParameterCode listName="number-threshold">min-score</efbc:ParameterCode>
									<!--BT-752-->
									<efbc:ParameterNumeric>3</efbc:ParameterNumeric>
								</efac:CriterionParameter>
							</efac:SelectionCriteria>
							<efac:SelectionCriteria>
								<!--BT-809-->
								<cbc:TendererRequirementTypeCode listName="selection-criterion">slc-stand-other</cbc:TendererRequirementTypeCode>
								<!--BT-750-->
								<cbc:Description languageID="ENG">Selection Criteria Description ---</cbc:Description>
								<!--BT-40-->
								<efbc:SecondStageIndicator>true</efbc:SecondStageIndicator>
								<efac:CriterionParameter>
									<!--BT-7532-->
									<efbc:ParameterCode listName="number-threshold">max-pass</efbc:ParameterCode>
									<!--BT-752-->
									<efbc:ParameterNumeric>3</efbc:ParameterNumeric>
								</efac:CriterionParameter>
								<efac:CriterionParameter>
									<!--BT-7532-->
									<efbc:ParameterCode listName="number-threshold">min-score</efbc:ParameterCode>
									<!--BT-752-->
									<efbc:ParameterNumeric>3</efbc:ParameterNumeric>
								</efac:CriterionParameter>
							</efac:SelectionCriteria>
							<efac:SelectionCriteria>
								<!--BT-809-->
								<cbc:TendererRequirementTypeCode listName="selection-criterion">slc-abil-staff-tech-work</cbc:TendererRequirementTypeCode>
								<!--BT-750-->
								<cbc:Description languageID="ENG">Selection Criteria Description ---</cbc:Description>
								<!--BT-40-->
								<efbc:SecondStageIndicator>true</efbc:SecondStageIndicator>
								<efac:CriterionParameter>
									<!--BT-7532-->
									<efbc:ParameterCode listName="number-threshold">max-pass</efbc:ParameterCode>
									<!--BT-752-->
									<efbc:ParameterNumeric>3</efbc:ParameterNumeric>
								</efac:CriterionParameter>
								<efac:CriterionParameter>
									<!--BT-7532-->
									<efbc:ParameterCode listName="number-threshold">min-score</efbc:ParameterCode>
									<!--BT-752-->
									<efbc:ParameterNumeric>3</efbc:ParameterNumeric>
								</efac:CriterionParameter>
							</efac:SelectionCriteria>
						</efext:EformsExtension>
					</ext:ExtensionContent>
				</ext:UBLExtension>
			</ext:UBLExtensions>
			<!--BT-60-->
			<cbc:FundingProgramCode listName="eu-funded">eu-funds</cbc:FundingProgramCode>
			<!--BT-79-->
			<cbc:RequiredCurriculaCode listName="requirement-stage">t-requ</cbc:RequiredCurriculaCode>
			<!--BT-78-->
			<cbc:LatestSecurityClearanceDate>2023-05-23+02:00</cbc:LatestSecurityClearanceDate>
			<!--BT-769-->
			<cbc:MultipleTendersCode listName="permission">allowed</cbc:MultipleTendersCode>
			<cac:RequiredFinancialGuarantee>
				<!--BT-751-->
				<cbc:GuaranteeTypeCode listName="tender-guarantee-required">true</cbc:GuaranteeTypeCode>
				<!--BT-75-->
				<cbc:Description languageID="ENG">Guarantee Required Description ---</cbc:Description>
			</cac:RequiredFinancialGuarantee>
			<cac:FiscalLegislationDocumentReference>
				<cbc:ID>FiscalDocID1</cbc:ID>
				<cac:Attachment>
					<cac:ExternalReference>
						<!--OPT-110-->
						<cbc:URI>https://fiscal-legislation.example.com</cbc:URI>
					</cac:ExternalReference>
				</cac:Attachment>
				<cac:IssuerParty>
					<cac:PartyIdentification>
						<!--OPT-301-->
						<cbc:ID schemeName="organization">ORG-0002</cbc:ID>
					</cac:PartyIdentification>
				</cac:IssuerParty>
			</cac:FiscalLegislationDocumentReference>
			<cac:EnvironmentalLegislationDocumentReference>
				<cbc:ID>EnvDocID1</cbc:ID>
				<cac:Attachment>
					<cac:ExternalReference>
						<!--OPT-120-->
						<cbc:URI>https://environment-legislation.example.com</cbc:URI>
					</cac:ExternalReference>
				</cac:Attachment>
				<cac:IssuerParty>
					<cac:PartyIdentification>
						<!--OPT-301-->
						<cbc:ID schemeName="organization">ORG-0003</cbc:ID>
					</cac:PartyIdentification>
				</cac:IssuerParty>
			</cac:EnvironmentalLegislationDocumentReference>
			<cac:EmploymentLegislationDocumentReference>
				<cbc:ID>EmplDocID1</cbc:ID>
				<cac:Attachment>
					<cac:ExternalReference>
						<!--OPT-130-->
						<cbc:URI>https://employment-legislation.example.com</cbc:URI>
					</cac:ExternalReference>
				</cac:Attachment>
				<cac:IssuerParty>
					<cac:PartyIdentification>
						<!--OPT-301-->
						<cbc:ID schemeName="organization">ORG-0004</cbc:ID>
					</cac:PartyIdentification>
				</cac:IssuerParty>
			</cac:EmploymentLegislationDocumentReference>
			<cac:CallForTendersDocumentReference>
				<ext:UBLExtensions>
					<ext:UBLExtension>
						<ext:ExtensionContent>
							<efext:EformsExtension>
								<efac:NonOfficialLanguages>
									<cac:Language>
										<!--BT-737-->
										<cbc:ID>CAT</cbc:ID>
									</cac:Language>
								</efac:NonOfficialLanguages>
								<efac:OfficialLanguages>
									<cac:Language>
										<!--BT-708-->
										<cbc:ID>ENG</cbc:ID>
									</cac:Language>
									<cac:Language>
										<!--BT-708-->
										<cbc:ID>FRA</cbc:ID>
									</cac:Language>
								</efac:OfficialLanguages>
							</efext:EformsExtension>
						</ext:ExtensionContent>
					</ext:UBLExtension>
				</ext:UBLExtensions>
				<cbc:ID>Doc1</cbc:ID>
				<!--BT-14-->
				<cbc:DocumentType>non-restricted-document</cbc:DocumentType>
				<cac:Attachment>
					<cac:ExternalReference>
						<!--BT-15-->
						<cbc:URI>http://nonrestricteddocuments.com</cbc:URI>
					</cac:ExternalReference>
				</cac:Attachment>
			</cac:CallForTendersDocumentReference>
			<cac:CallForTendersDocumentReference>
				<ext:UBLExtensions>
					<ext:UBLExtension>
						<ext:ExtensionContent>
							<efext:EformsExtension>
								<efac:NonOfficialLanguages>
									<cac:Language>
										<!--BT-737-->
										<cbc:ID>DEU</cbc:ID>
									</cac:Language>
								</efac:NonOfficialLanguages>
								<efac:OfficialLanguages>
									<cac:Language>
										<!--BT-708-->
										<cbc:ID>ENG</cbc:ID>
									</cac:Language>
									<cac:Language>
										<!--BT-708-->
										<cbc:ID>FRA</cbc:ID>
									</cac:Language>
								</efac:OfficialLanguages>
							</efext:EformsExtension>
						</ext:ExtensionContent>
					</ext:UBLExtension>
				</ext:UBLExtensions>
				<cbc:ID>Doc2</cbc:ID>
				<!--BT-14-->
				<cbc:DocumentType>restricted-document</cbc:DocumentType>
				<cac:Attachment>
					<cac:ExternalReference>
						<!--BT-615-->
						<cbc:URI>http://accessto.com</cbc:URI>
					</cac:ExternalReference>
				</cac:Attachment>
			</cac:CallForTendersDocumentReference>
			<cac:PaymentTerms>
				<!--BT-77-->
				<cbc:Note languageID="ENG">Terms Financial ---</cbc:Note>
			</cac:PaymentTerms>
			<cac:TendererQualificationRequest>
				<cac:SpecificTendererRequirement>
					<!--BT-71-->
					<cbc:TendererRequirementTypeCode listName="reserved-procurement">res-pub-ser</cbc:TendererRequirementTypeCode>
				</cac:SpecificTendererRequirement>
			</cac:TendererQualificationRequest>
			<cac:TendererQualificationRequest>
				<!--BT-761-->
				<cbc:CompanyLegalFormCode listName="required">true</cbc:CompanyLegalFormCode>
				<!--BT-76-->
				<cbc:CompanyLegalForm languageID="ENG">Tenderer Legal Form Description ---</cbc:CompanyLegalForm>
			</cac:TendererQualificationRequest>
			<cac:TendererQualificationRequest>
				<cac:SpecificTendererRequirement>
					<!--BT-771-->
					<cbc:TendererRequirementTypeCode listName="missing-info-submission">late-all</cbc:TendererRequirementTypeCode>
					<!--BT-772-->
					<cbc:Description languageID="ENG">Later tender information description ---</cbc:Description>
				</cac:SpecificTendererRequirement>
			</cac:TendererQualificationRequest>
			<cac:TendererQualificationRequest>
				<cac:SpecificTendererRequirement>
					<!--BT-821-->
					<cbc:TendererRequirementTypeCode listName="selection-criteria-source">epo-notice</cbc:TendererRequirementTypeCode>
				</cac:SpecificTendererRequirement>
				<cac:SpecificTendererRequirement>
					<!--BT-821-->
					<cbc:TendererRequirementTypeCode listName="selection-criteria-source">epo-procurement-document</cbc:TendererRequirementTypeCode>
				</cac:SpecificTendererRequirement>
				<cac:SpecificTendererRequirement>
					<!--BT-821-->
					<cbc:TendererRequirementTypeCode listName="selection-criteria-source">epo-sub-espd</cbc:TendererRequirementTypeCode>
				</cac:SpecificTendererRequirement>
			</cac:TendererQualificationRequest>
			<cac:ContractExecutionRequirement>
				<!--BT-736-->
				<cbc:ExecutionRequirementCode listName="reserved-execution">yes</cbc:ExecutionRequirementCode>
			</cac:ContractExecutionRequirement>
			<cac:ContractExecutionRequirement>
				<!--OPT-060-->
				<cbc:ExecutionRequirementCode listName="conditions">performance</cbc:ExecutionRequirementCode>
				<!--BT-70-->
				<cbc:Description languageID="ENG">Terms Performance ---</cbc:Description>
			</cac:ContractExecutionRequirement>
			<cac:ContractExecutionRequirement>
				<!--BT-743-->
				<cbc:ExecutionRequirementCode listName="einvoicing">required</cbc:ExecutionRequirementCode>
			</cac:ContractExecutionRequirement>
			<cac:ContractExecutionRequirement>
				<!--BT-764-->
				<cbc:ExecutionRequirementCode listName="ecatalog-submission">allowed</cbc:ExecutionRequirementCode>
			</cac:ContractExecutionRequirement>
			<cac:ContractExecutionRequirement>
				<!--BT-744-->
				<cbc:ExecutionRequirementCode listName="esignature-submission">true</cbc:ExecutionRequirementCode>
			</cac:ContractExecutionRequirement>
			<cac:ContractExecutionRequirement>
				<!--BT-801-->
				<cbc:ExecutionRequirementCode listName="nda">true</cbc:ExecutionRequirementCode>
				<!--BT-802-->
				<cbc:Description languageID="ENG">Non Disclosure Agreement Description ---</cbc:Description>
			</cac:ContractExecutionRequirement>
			<cac:AwardingTerms>
				<!--BT-120-->
				<cbc:NoFurtherNegotiationIndicator>false</cbc:NoFurtherNegotiationIndicator>
				<cac:AwardingCriterion>
					<cac:SubordinateAwardingCriterion>
						<ext:UBLExtensions>
							<ext:UBLExtension>
								<ext:ExtensionContent>
									<efext:EformsExtension>
										<efac:AwardCriterionParameter>
											<!--BT-5421-->
											<efbc:ParameterCode listName="number-weight">per-exa</efbc:ParameterCode>
											<!--BT-541-->
											<efbc:ParameterNumeric>60</efbc:ParameterNumeric>
										</efac:AwardCriterionParameter>
									</efext:EformsExtension>
								</ext:ExtensionContent>
							</ext:UBLExtension>
						</ext:UBLExtensions>
						<!--BT-539-->
						<cbc:AwardingCriterionTypeCode listName="award-criterion-type">cost</cbc:AwardingCriterionTypeCode>
						<!--BT-734-->
						<cbc:Name languageID="ENG">Name of AC ---</cbc:Name>
						<!--BT-540-->
						<cbc:Description languageID="ENG">AC Description ---</cbc:Description>
					</cac:SubordinateAwardingCriterion>
					<cac:SubordinateAwardingCriterion>
						<ext:UBLExtensions>
							<ext:UBLExtension>
								<ext:ExtensionContent>
									<efext:EformsExtension>
										<efac:AwardCriterionParameter>
											<!--BT-5421-->
											<efbc:ParameterCode listName="number-weight">per-exa</efbc:ParameterCode>
											<!--BT-541-->
											<efbc:ParameterNumeric>40</efbc:ParameterNumeric>
										</efac:AwardCriterionParameter>
									</efext:EformsExtension>
								</ext:ExtensionContent>
							</ext:UBLExtension>
						</ext:UBLExtensions>
						<!--BT-539-->
						<cbc:AwardingCriterionTypeCode listName="award-criterion-type">quality</cbc:AwardingCriterionTypeCode>
						<!--BT-734-->
						<cbc:Name languageID="ENG">Name of AC ---</cbc:Name>
						<!--BT-540-->
						<cbc:Description languageID="ENG">AC Description ---</cbc:Description>
					</cac:SubordinateAwardingCriterion>
				</cac:AwardingCriterion>
			</cac:AwardingTerms>
			<cac:AdditionalInformationParty>
				<cac:PartyIdentification>
					<!--OPT-301-->
					<cbc:ID schemeName="touchpoint">TPO-0001</cbc:ID>
				</cac:PartyIdentification>
			</cac:AdditionalInformationParty>
			<cac:DocumentProviderParty>
				<cac:PartyIdentification>
					<!--OPT-301-->
					<cbc:ID schemeName="touchpoint">TPO-0002</cbc:ID>
				</cac:PartyIdentification>
			</cac:DocumentProviderParty>
			<cac:TenderRecipientParty>
				<!--BT-18-->
				<cbc:EndpointID>http://tender-submit.fin-adm.com/esubmission</cbc:EndpointID>
				<cac:PartyIdentification>
					<!--OPT-301-->
					<cbc:ID schemeName="touchpoint">TPO-0001</cbc:ID>
				</cac:PartyIdentification>
			</cac:TenderRecipientParty>
			<cac:TenderEvaluationParty>
				<cac:PartyIdentification>
					<!--OPT-301-->
					<cbc:ID schemeName="touchpoint">TPO-0003</cbc:ID>
				</cac:PartyIdentification>
			</cac:TenderEvaluationParty>
			<cac:AppealTerms>
				<cac:PresentationPeriod>
					<!--BT-99-->
					<cbc:Description languageID="ENG">Review Deadline Description ---</cbc:Description>
				</cac:PresentationPeriod>
				<cac:AppealInformationParty>
					<cac:PartyIdentification>
						<!--OPT-301-->
						<cbc:ID schemeName="touchpoint">TPO-0001</cbc:ID>
					</cac:PartyIdentification>
				</cac:AppealInformationParty>
				<cac:AppealReceiverParty>
					<cac:PartyIdentification>
						<!--OPT-301-->
						<cbc:ID schemeName="organization">ORG-0005</cbc:ID>
					</cac:PartyIdentification>
				</cac:AppealReceiverParty>
				<cac:MediationParty>
					<cac:PartyIdentification>
						<!--OPT-301-->
						<cbc:ID schemeName="organization">ORG-0006</cbc:ID>
					</cac:PartyIdentification>
				</cac:MediationParty>
			</cac:AppealTerms>
			<cac:Language>
				<!--BT-97-->
				<cbc:ID>ENG</cbc:ID>
			</cac:Language>
			<cac:Language>
				<!--BT-97-->
				<cbc:ID>FRA</cbc:ID>
			</cac:Language>
			<cac:PostAwardProcess>
				<!--BT-92-->
				<cbc:ElectronicOrderUsageIndicator>true</cbc:ElectronicOrderUsageIndicator>
				<!--BT-93-->
				<cbc:ElectronicPaymentUsageIndicator>true</cbc:ElectronicPaymentUsageIndicator>
			</cac:PostAwardProcess>
			<cac:SecurityClearanceTerm>
				<!--BT-578-->
				<cbc:Code listName="required">true</cbc:Code>
				<!--BT-732-->
				<cbc:Description languageID="ENG">Security Clearance Description ---</cbc:Description>
			</cac:SecurityClearanceTerm>
		</cac:TenderingTerms>
		<cac:TenderingProcess>
			<ext:UBLExtensions>
				<ext:UBLExtension>
					<ext:ExtensionContent>
						<efext:EformsExtension>
							<!--BT-632-->
							<efbc:AccessToolName>Access tool ---</efbc:AccessToolName>
						</efext:EformsExtension>
					</ext:ExtensionContent>
				</ext:UBLExtension>
			</ext:UBLExtensions>
			<!--BT-17-->
			<cbc:SubmissionMethodCode listName="esubmission">required</cbc:SubmissionMethodCode>
			<!--BT-52-->
			<cbc:CandidateReductionConstraintIndicator>true</cbc:CandidateReductionConstraintIndicator>
			<!--BT-115-->
			<cbc:GovernmentAgreementConstraintIndicator>true</cbc:GovernmentAgreementConstraintIndicator>
			<cac:TenderSubmissionDeadlinePeriod>
				<!--BT-131-->
				<cbc:EndDate>2023-05-22+01:00</cbc:EndDate>
				<cbc:EndTime>20:59:32+01:00</cbc:EndTime>
			</cac:TenderSubmissionDeadlinePeriod>
			<cac:AdditionalInformationRequestPeriod>
				<!--BT-13-->
				<cbc:EndDate>2023-05-20+01:00</cbc:EndDate>
				<cbc:EndTime>20:59:32+01:00</cbc:EndTime>
			</cac:AdditionalInformationRequestPeriod>
			<cac:NoticeDocumentReference>
				<!--BT-125-->
				<cbc:ID schemeName="notice-id-ref">9c0fd704-64d3-4294-a3b6-6df45911ab9f-01</cbc:ID>
				<!--BT-1251-->
				<cbc:ReferencedDocumentInternalAddress>123</cbc:ReferencedDocumentInternalAddress>
			</cac:NoticeDocumentReference>
			<cac:EconomicOperatorShortList>
				<!--BT-661-->
				<cbc:LimitationDescription>true</cbc:LimitationDescription>
				<!--BT-51-->
				<cbc:MaximumQuantity>7</cbc:MaximumQuantity>
				<!--BT-50-->
				<cbc:MinimumQuantity>3</cbc:MinimumQuantity>
			</cac:EconomicOperatorShortList>
			<cac:AuctionTerms>
				<!--BT-767-->
				<cbc:AuctionConstraintIndicator>true</cbc:AuctionConstraintIndicator>
				<!--BT-122-->
				<cbc:Description languageID="ENG">Electronic auction description ---</cbc:Description>
				<!--BT-123-->
				<cbc:AuctionURI>https://electronic-auction.com</cbc:AuctionURI>
			</cac:AuctionTerms>
			<cac:FrameworkAgreement>
				<!--BT-113-->
				<cbc:MaximumOperatorQuantity>10</cbc:MaximumOperatorQuantity>
				<!--BT-157-->
				<cbc:EstimatedMaximumValueAmount  currencyID="EUR">10000</cbc:EstimatedMaximumValueAmount>
				<cac:SubsequentProcessTenderRequirement>
					<!--OPT-090-->
					<cbc:Name>buyer-categories</cbc:Name>
					<!--BT-111-->
					<cbc:Description languageID="ENG">Framework Buyer Categories ---</cbc:Description>
				</cac:SubsequentProcessTenderRequirement>
			</cac:FrameworkAgreement>
			<cac:ContractingSystem>
				<!--BT-765-->
				<cbc:ContractingSystemTypeCode listName="framework-agreement">fa-w-rc</cbc:ContractingSystemTypeCode>
			</cac:ContractingSystem>
			<cac:ContractingSystem>
				<!--BT-766-->
				<cbc:ContractingSystemTypeCode listName="dps-usage">dps-list</cbc:ContractingSystemTypeCode>
			</cac:ContractingSystem>
		</cac:TenderingProcess>
		<cac:ProcurementProject>
			<!--BT-22-->
			<cbc:ID schemeName="InternalID">Lot A</cbc:ID>
			<!--BT-21-->
			<cbc:Name languageID="ENG">Title ---</cbc:Name>
			<!--BT-24-->
			<cbc:Description languageID="ENG">Description ---</cbc:Description>
			<!--BT-23-->
			<cbc:ProcurementTypeCode listName="contract-nature">services</cbc:ProcurementTypeCode>
			<!--BT-25-->
			<cbc:EstimatedOverallContractQuantity unitCode="HUR">1000</cbc:EstimatedOverallContractQuantity>
			<!--BT-300-->
			<cbc:Note languageID="ENG">Additional information for GLO-0001 ProcurementProject ---</cbc:Note>
			<!--BT-726-->
			<cbc:SMESuitableIndicator>true</cbc:SMESuitableIndicator>
			<cac:ProcurementAdditionalType>
				<!--BT-531-->
				<cbc:ProcurementTypeCode listName="contract-nature">works</cbc:ProcurementTypeCode>
			</cac:ProcurementAdditionalType>
			<cac:ProcurementAdditionalType>
				<!--BT-774-->
				<cbc:ProcurementTypeCode listName="environmental-impact">clim-mitig</cbc:ProcurementTypeCode>
			</cac:ProcurementAdditionalType>
			<cac:ProcurementAdditionalType>
				<!--BT-775-->
				<cbc:ProcurementTypeCode listName="social-objective">acc-all</cbc:ProcurementTypeCode>
			</cac:ProcurementAdditionalType>
			<cac:ProcurementAdditionalType>
				<!--BT-776-->
				<cbc:ProcurementTypeCode listName="innovative-acquisition">proc-innov</cbc:ProcurementTypeCode>
			</cac:ProcurementAdditionalType>
			<cac:ProcurementAdditionalType>
				<!--BT-06-->
				<cbc:ProcurementTypeCode listName="strategic-procurement">env-imp</cbc:ProcurementTypeCode>
				<!--BT-777-->
				<cbc:ProcurementType languageID="ENG">Strategic procurement description ---</cbc:ProcurementType>
			</cac:ProcurementAdditionalType>
			<cac:ProcurementAdditionalType>
				<!--BT-754-->
				<cbc:ProcurementTypeCode listName="accessibility">n-inc-just</cbc:ProcurementTypeCode>
				<!--BT-755-->
				<cbc:ProcurementType languageID="ENG">Accessibility Justification ---</cbc:ProcurementType>
			</cac:ProcurementAdditionalType>
			<cac:RequestedTenderTotal>
				<!--BT-27-->
				<cbc:EstimatedOverallContractAmount currencyID="EUR">9999999.99</cbc:EstimatedOverallContractAmount>
			</cac:RequestedTenderTotal>
			<cac:MainCommodityClassification>
				<!--BT-26-->
				<!--BT-262-->
				<cbc:ItemClassificationCode listName="cpv">75121000</cbc:ItemClassificationCode>
			</cac:MainCommodityClassification>
			<cac:RealizedLocation>
				<cbc:Description languageID="ENG">The main location is ...</cbc:Description>
				<cac:Address>
					<!--BT-5101-->
					<cbc:StreetName>Bruce Wayne House</cbc:StreetName>
					<cbc:AdditionalStreetName>2 Gotham Street</cbc:AdditionalStreetName>
					<!--BT-5131-->
					<cbc:CityName>London</cbc:CityName>
					<!--BT-5121-->
					<cbc:PostalZone>N1 9FL</cbc:PostalZone>
					<!--BT-5071-->
					<cbc:CountrySubentityCode listName="nuts">UKI62</cbc:CountrySubentityCode>
					<cac:Country>
						<!--BT-5141-->
						<cbc:IdentificationCode listName="country">GBR</cbc:IdentificationCode>
					</cac:Country>
				</cac:Address>
			</cac:RealizedLocation>
			<cac:RealizedLocation>
				<!-- This location represents a large area without a specific address, in this case "Anywhere in the given country" -->
				<!--BT-728-->
				<cbc:Description languageID="ENG">Additional information ---</cbc:Description>
				<cac:Address>
					<!--BT-727-->
					<cbc:Region>anyw-cou</cbc:Region>
					<!--BT-5141-->
					<cac:Country>
						<cbc:IdentificationCode listName="country">GBR</cbc:IdentificationCode>
					</cac:Country>
				</cac:Address>
			</cac:RealizedLocation>
			<cac:PlannedPeriod>
				<!--BT-536-->
				<cbc:StartDate>2023-01-01+01:00</cbc:StartDate>
				<!--BT-537-->
				<cbc:EndDate>2023-05-23+01:00</cbc:EndDate>
			</cac:PlannedPeriod>
			<cac:ContractExtension>
				<!--BT-54-->
				<cbc:OptionsDescription languageID="ENG">Options description ---</cbc:OptionsDescription>
				<!--BT-58-->
				<cbc:MaximumNumberNumeric>3</cbc:MaximumNumberNumeric>
				<cac:Renewal>
					<cac:Period>
						<!--BT-57-->
						<cbc:Description languageID="ENG">Renewal description ---</cbc:Description>
					</cac:Period>
				</cac:Renewal>
			</cac:ContractExtension>
		</cac:ProcurementProject>
	</cac:ProcurementProjectLot>
	<cac:ProcurementProjectLot>
		<cbc:ID schemeName="Lot">LOT-0002</cbc:ID>
		<cac:TenderingTerms>
			<ext:UBLExtensions>
				<ext:UBLExtension>
					<ext:ExtensionContent>
						<efext:EformsExtension>
							<efac:Funding>
								<!--id": "BT-5010-Lot", "name": "EU Funds Financing Identifier"-->
								<efbc:FinancingIdentifier>2021/5678</efbc:FinancingIdentifier>
								<!--"id": "BT-7220-Lot", "name": "EU Funds Programme"-->
								<cbc:FundingProgramCode listName="eu-funded">LIFE_2021</cbc:FundingProgramCode>
								<!--"id": "BT-6140-Lot", "name": "EU Funds Details"-->
								<cbc:Description languageID="ENG">Recovery Fund</cbc:Description>
							</efac:Funding>
							<efac:SelectionCriteria>
								<!--BT-809-->
								<cbc:TendererRequirementTypeCode listName="selection-criterion">slc-suit-reg-prof</cbc:TendererRequirementTypeCode>
								<!--BT-750-->
								<cbc:Description languageID="ENG">Selection Criteria Description ---</cbc:Description>
								<!--BT-40-->
								<efbc:SecondStageIndicator>true</efbc:SecondStageIndicator>
								<efac:CriterionParameter>
									<!--BT-7532-->
									<efbc:ParameterCode listName="number-threshold">max-pass</efbc:ParameterCode>
									<!--BT-752-->
									<efbc:ParameterNumeric>3</efbc:ParameterNumeric>
								</efac:CriterionParameter>
								<efac:CriterionParameter>
									<!--BT-7532-->
									<efbc:ParameterCode listName="number-threshold">min-score</efbc:ParameterCode>
									<!--BT-752-->
									<efbc:ParameterNumeric>3</efbc:ParameterNumeric>
								</efac:CriterionParameter>
							</efac:SelectionCriteria>
							<efac:SelectionCriteria>
								<!--BT-809-->
								<cbc:TendererRequirementTypeCode listName="selection-criterion">slc-stand-other</cbc:TendererRequirementTypeCode>
								<!--BT-750-->
								<cbc:Description languageID="ENG">Selection Criteria Description ---</cbc:Description>
								<!--BT-40-->
								<efbc:SecondStageIndicator>true</efbc:SecondStageIndicator>
								<efac:CriterionParameter>
									<!--BT-7532-->
									<efbc:ParameterCode listName="number-threshold">max-pass</efbc:ParameterCode>
									<!--BT-752-->
									<efbc:ParameterNumeric>3</efbc:ParameterNumeric>
								</efac:CriterionParameter>
								<efac:CriterionParameter>
									<!--BT-7532-->
									<efbc:ParameterCode listName="number-threshold">min-score</efbc:ParameterCode>
									<!--BT-752-->
									<efbc:ParameterNumeric>3</efbc:ParameterNumeric>
								</efac:CriterionParameter>
							</efac:SelectionCriteria>
							<efac:SelectionCriteria>
								<!--BT-809-->
								<cbc:TendererRequirementTypeCode listName="selection-criterion">slc-abil-staff-tech-work</cbc:TendererRequirementTypeCode>
								<!--BT-750-->
								<cbc:Description languageID="ENG">Selection Criteria Description ---</cbc:Description>
								<!--BT-40-->
								<efbc:SecondStageIndicator>true</efbc:SecondStageIndicator>
								<efac:CriterionParameter>
									<!--BT-7532-->
									<efbc:ParameterCode listName="number-threshold">max-pass</efbc:ParameterCode>
									<!--BT-752-->
									<efbc:ParameterNumeric>3</efbc:ParameterNumeric>
								</efac:CriterionParameter>
								<efac:CriterionParameter>
									<!--BT-7532-->
									<efbc:ParameterCode listName="number-threshold">min-score</efbc:ParameterCode>
									<!--BT-752-->
									<efbc:ParameterNumeric>3</efbc:ParameterNumeric>
								</efac:CriterionParameter>
							</efac:SelectionCriteria>
						</efext:EformsExtension>
					</ext:ExtensionContent>
				</ext:UBLExtension>
			</ext:UBLExtensions>
			<!--BT-60-->
			<cbc:FundingProgramCode listName="eu-funded">eu-funds</cbc:FundingProgramCode>
			<!--BT-79-->
			<cbc:RequiredCurriculaCode listName="requirement-stage">t-requ</cbc:RequiredCurriculaCode>
			<!--BT-78-->
			<cbc:LatestSecurityClearanceDate>2023-05-23+02:00</cbc:LatestSecurityClearanceDate>
			<!--BT-769-->
			<cbc:MultipleTendersCode listName="permission">allowed</cbc:MultipleTendersCode>
			<cac:RequiredFinancialGuarantee>
				<!--BT-751-->
				<cbc:GuaranteeTypeCode listName="tender-guarantee-required">true</cbc:GuaranteeTypeCode>
				<!--BT-75-->
				<cbc:Description languageID="ENG">Guarantee Required Description ---</cbc:Description>
			</cac:RequiredFinancialGuarantee>
			<cac:FiscalLegislationDocumentReference>
				<cbc:ID>FiscalDocID1</cbc:ID>
				<cac:Attachment>
					<cac:ExternalReference>
						<!--OPT-110-->
						<cbc:URI>https://fiscal-legislation.example.com</cbc:URI>
					</cac:ExternalReference>
				</cac:Attachment>
				<cac:IssuerParty>
					<cac:PartyIdentification>
						<!--OPT-301-->
						<cbc:ID schemeName="organization">ORG-0002</cbc:ID>
					</cac:PartyIdentification>
				</cac:IssuerParty>
			</cac:FiscalLegislationDocumentReference>
			<cac:EnvironmentalLegislationDocumentReference>
				<cbc:ID>EnvDocID1</cbc:ID>
				<cac:Attachment>
					<cac:ExternalReference>
						<!--OPT-120-->
						<cbc:URI>https://environment-legislation.example.com</cbc:URI>
					</cac:ExternalReference>
				</cac:Attachment>
				<cac:IssuerParty>
					<cac:PartyIdentification>
						<!--OPT-301-->
						<cbc:ID schemeName="organization">ORG-0003</cbc:ID>
					</cac:PartyIdentification>
				</cac:IssuerParty>
			</cac:EnvironmentalLegislationDocumentReference>
			<cac:EmploymentLegislationDocumentReference>
				<cbc:ID>EmplDocID1</cbc:ID>
				<cac:Attachment>
					<cac:ExternalReference>
						<!--OPT-130-->
						<cbc:URI>https://employment-legislation.example.com</cbc:URI>
					</cac:ExternalReference>
				</cac:Attachment>
				<cac:IssuerParty>
					<cac:PartyIdentification>
						<!--OPT-301-->
						<cbc:ID schemeName="organization">ORG-0004</cbc:ID>
					</cac:PartyIdentification>
				</cac:IssuerParty>
			</cac:EmploymentLegislationDocumentReference>
			<cac:CallForTendersDocumentReference>
				<ext:UBLExtensions>
					<ext:UBLExtension>
						<ext:ExtensionContent>
							<efext:EformsExtension>
								<efac:NonOfficialLanguages>
									<cac:Language>
										<!--BT-737-->
										<cbc:ID>CAT</cbc:ID>
									</cac:Language>
								</efac:NonOfficialLanguages>
								<efac:OfficialLanguages>
									<cac:Language>
										<!--BT-708-->
										<cbc:ID>ENG</cbc:ID>
									</cac:Language>
									<cac:Language>
										<!--BT-708-->
										<cbc:ID>FRA</cbc:ID>
									</cac:Language>
								</efac:OfficialLanguages>
							</efext:EformsExtension>
						</ext:ExtensionContent>
					</ext:UBLExtension>
				</ext:UBLExtensions>
				<cbc:ID>Doc1</cbc:ID>
				<!--BT-14-->
				<cbc:DocumentType>non-restricted-document</cbc:DocumentType>
				<cac:Attachment>
					<cac:ExternalReference>
						<!--BT-15-->
						<cbc:URI>http://nonrestricteddocuments.com</cbc:URI>
					</cac:ExternalReference>
				</cac:Attachment>
			</cac:CallForTendersDocumentReference>
			<cac:CallForTendersDocumentReference>
				<ext:UBLExtensions>
					<ext:UBLExtension>
						<ext:ExtensionContent>
							<efext:EformsExtension>
								<efac:NonOfficialLanguages>
									<cac:Language>
										<!--BT-737-->
										<cbc:ID>DEU</cbc:ID>
									</cac:Language>
								</efac:NonOfficialLanguages>
								<efac:OfficialLanguages>
									<cac:Language>
										<!--BT-708-->
										<cbc:ID>ENG</cbc:ID>
									</cac:Language>
									<cac:Language>
										<!--BT-708-->
										<cbc:ID>FRA</cbc:ID>
									</cac:Language>
								</efac:OfficialLanguages>
							</efext:EformsExtension>
						</ext:ExtensionContent>
					</ext:UBLExtension>
				</ext:UBLExtensions>
				<cbc:ID>Doc2</cbc:ID>
				<!--BT-14-->
				<cbc:DocumentType>restricted-document</cbc:DocumentType>
				<cac:Attachment>
					<cac:ExternalReference>
						<!--BT-615-->
						<cbc:URI>http://accessto.com</cbc:URI>
					</cac:ExternalReference>
				</cac:Attachment>
			</cac:CallForTendersDocumentReference>
			<cac:PaymentTerms>
				<!--BT-77-->
				<cbc:Note languageID="ENG">Terms Financial ---</cbc:Note>
			</cac:PaymentTerms>
			<cac:TendererQualificationRequest>
				<cac:SpecificTendererRequirement>
					<!--BT-71-->
					<cbc:TendererRequirementTypeCode listName="reserved-procurement">none</cbc:TendererRequirementTypeCode>
				</cac:SpecificTendererRequirement>
			</cac:TendererQualificationRequest>
			<cac:TendererQualificationRequest>
				<!--BT-761-->
				<cbc:CompanyLegalFormCode listName="required">true</cbc:CompanyLegalFormCode>
				<!--BT-76-->
				<cbc:CompanyLegalForm languageID="ENG">Tenderer Legal Form Description ---</cbc:CompanyLegalForm>
			</cac:TendererQualificationRequest>
			<cac:TendererQualificationRequest>
				<cac:SpecificTendererRequirement>
					<!--BT-771-->
					<cbc:TendererRequirementTypeCode listName="missing-info-submission">late-all</cbc:TendererRequirementTypeCode>
					<!--BT-772-->
					<cbc:Description languageID="ENG">Later tender information description ---</cbc:Description>
				</cac:SpecificTendererRequirement>
			</cac:TendererQualificationRequest>
			<cac:TendererQualificationRequest>
				<cac:SpecificTendererRequirement>
					<!--BT-821-->
					<cbc:TendererRequirementTypeCode listName="selection-criteria-source">epo-notice</cbc:TendererRequirementTypeCode>
				</cac:SpecificTendererRequirement>
			</cac:TendererQualificationRequest>
			<cac:ContractExecutionRequirement>
				<!--BT-736-->
				<cbc:ExecutionRequirementCode listName="reserved-execution">yes</cbc:ExecutionRequirementCode>
			</cac:ContractExecutionRequirement>
			<cac:ContractExecutionRequirement>
				<!--OPT-060-->
				<cbc:ExecutionRequirementCode listName="conditions">performance</cbc:ExecutionRequirementCode>
				<!--BT-70-->
				<cbc:Description languageID="ENG">Terms Performance ---</cbc:Description>
			</cac:ContractExecutionRequirement>
			<cac:ContractExecutionRequirement>
				<!--BT-743-->
				<cbc:ExecutionRequirementCode listName="einvoicing">required</cbc:ExecutionRequirementCode>
			</cac:ContractExecutionRequirement>
			<cac:ContractExecutionRequirement>
				<!--BT-764-->
				<cbc:ExecutionRequirementCode listName="ecatalog-submission">allowed</cbc:ExecutionRequirementCode>
			</cac:ContractExecutionRequirement>
			<cac:ContractExecutionRequirement>
				<!--BT-744-->
				<cbc:ExecutionRequirementCode listName="esignature-submission">true</cbc:ExecutionRequirementCode>
			</cac:ContractExecutionRequirement>
			<cac:ContractExecutionRequirement>
				<!--BT-681-->
				<cbc:ExecutionRequirementCode listName="fsr">true</cbc:ExecutionRequirementCode>
			</cac:ContractExecutionRequirement>
			<cac:AwardingTerms>
				<!--BT-120-->
				<cbc:NoFurtherNegotiationIndicator>false</cbc:NoFurtherNegotiationIndicator>
				<cac:AwardingCriterion>
					<cac:SubordinateAwardingCriterion>
						<ext:UBLExtensions>
							<ext:UBLExtension>
								<ext:ExtensionContent>
									<efext:EformsExtension>
										<efac:AwardCriterionParameter>
											<!--BT-5421-->
											<efbc:ParameterCode listName="number-weight">per-exa</efbc:ParameterCode>
											<!--BT-541-->
											<efbc:ParameterNumeric>60</efbc:ParameterNumeric>
										</efac:AwardCriterionParameter>
									</efext:EformsExtension>
								</ext:ExtensionContent>
							</ext:UBLExtension>
						</ext:UBLExtensions>
						<!--BT-539-->
						<cbc:AwardingCriterionTypeCode listName="award-criterion-type">cost</cbc:AwardingCriterionTypeCode>
						<!--BT-734-->
						<cbc:Name languageID="ENG">Name of AC ---</cbc:Name>
						<!--BT-540-->
						<cbc:Description languageID="ENG">AC Description ---</cbc:Description>
					</cac:SubordinateAwardingCriterion>
					<cac:SubordinateAwardingCriterion>
						<ext:UBLExtensions>
							<ext:UBLExtension>
								<ext:ExtensionContent>
									<efext:EformsExtension>
										<efac:AwardCriterionParameter>
											<!--BT-5421-->
											<efbc:ParameterCode listName="number-weight">per-exa</efbc:ParameterCode>
											<!--BT-541-->
											<efbc:ParameterNumeric>40</efbc:ParameterNumeric>
										</efac:AwardCriterionParameter>
									</efext:EformsExtension>
								</ext:ExtensionContent>
							</ext:UBLExtension>
						</ext:UBLExtensions>
						<!--BT-539-->
						<cbc:AwardingCriterionTypeCode listName="award-criterion-type">quality</cbc:AwardingCriterionTypeCode>
						<!--BT-734-->
						<cbc:Name languageID="ENG">Name of AC ---</cbc:Name>
						<!--BT-540-->
						<cbc:Description languageID="ENG">AC Description ---</cbc:Description>
					</cac:SubordinateAwardingCriterion>
				</cac:AwardingCriterion>
			</cac:AwardingTerms>
			<cac:AdditionalInformationParty>
				<cac:PartyIdentification>
					<!--OPT-301-->
					<cbc:ID schemeName="touchpoint">TPO-0001</cbc:ID>
				</cac:PartyIdentification>
			</cac:AdditionalInformationParty>
			<cac:DocumentProviderParty>
				<cac:PartyIdentification>
					<!--OPT-301-->
					<cbc:ID schemeName="touchpoint">TPO-0002</cbc:ID>
				</cac:PartyIdentification>
			</cac:DocumentProviderParty>
			<cac:TenderRecipientParty>
				<cac:PartyIdentification>
					<!--OPT-301-->
					<cbc:ID schemeName="touchpoint">TPO-0001</cbc:ID>
				</cac:PartyIdentification>
			</cac:TenderRecipientParty>
			<cac:TenderEvaluationParty>
				<cac:PartyIdentification>
					<!--OPT-301-->
					<cbc:ID schemeName="touchpoint">TPO-0003</cbc:ID>
				</cac:PartyIdentification>
			</cac:TenderEvaluationParty>
			<cac:AppealTerms>
				<cac:PresentationPeriod>
					<!--BT-99-->
					<cbc:Description languageID="ENG">Review Deadline Description ---</cbc:Description>
				</cac:PresentationPeriod>
				<cac:AppealInformationParty>
					<cac:PartyIdentification>
						<!--OPT-301-->
						<cbc:ID schemeName="touchpoint">TPO-0001</cbc:ID>
					</cac:PartyIdentification>
				</cac:AppealInformationParty>
				<cac:AppealReceiverParty>
					<cac:PartyIdentification>
						<!--OPT-301-->
						<cbc:ID schemeName="organization">ORG-0005</cbc:ID>
					</cac:PartyIdentification>
				</cac:AppealReceiverParty>
				<cac:MediationParty>
					<cac:PartyIdentification>
						<!--OPT-301-->
						<cbc:ID schemeName="organization">ORG-0006</cbc:ID>
					</cac:PartyIdentification>
				</cac:MediationParty>
			</cac:AppealTerms>
			<cac:Language>
				<!--BT-97-->
				<cbc:ID>ENG</cbc:ID>
			</cac:Language>
			<cac:Language>
				<!--BT-97-->
				<cbc:ID>FRA</cbc:ID>
			</cac:Language>
			<cac:PostAwardProcess>
				<!--BT-92-->
				<cbc:ElectronicOrderUsageIndicator>true</cbc:ElectronicOrderUsageIndicator>
				<!--BT-93-->
				<cbc:ElectronicPaymentUsageIndicator>true</cbc:ElectronicPaymentUsageIndicator>
			</cac:PostAwardProcess>
			<cac:SecurityClearanceTerm>
				<!--BT-578-->
				<cbc:Code listName="required">true</cbc:Code>
				<!--BT-732-->
				<cbc:Description languageID="ENG">Security Clearance Description ---</cbc:Description>
			</cac:SecurityClearanceTerm>
		</cac:TenderingTerms>
		<cac:TenderingProcess>
			<ext:UBLExtensions>
				<ext:UBLExtension>
					<ext:ExtensionContent>
						<efext:EformsExtension>
							<!--BT-632-->
							<efbc:AccessToolName>Access tool ---</efbc:AccessToolName>
						</efext:EformsExtension>
					</ext:ExtensionContent>
				</ext:UBLExtension>
			</ext:UBLExtensions>
			<!--BT-17-->
			<cbc:SubmissionMethodCode listName="esubmission">not-allowed</cbc:SubmissionMethodCode>
			<!--BT-52-->
			<cbc:CandidateReductionConstraintIndicator>true</cbc:CandidateReductionConstraintIndicator>
			<!--BT-115-->
			<cbc:GovernmentAgreementConstraintIndicator>true</cbc:GovernmentAgreementConstraintIndicator>
			<cac:TenderSubmissionDeadlinePeriod>
				<!--BT-131-->
				<cbc:EndDate>2023-05-22+01:00</cbc:EndDate>
				<cbc:EndTime>20:59:32+01:00</cbc:EndTime>
			</cac:TenderSubmissionDeadlinePeriod>
			<cac:AdditionalInformationRequestPeriod>
				<!--BT-13-->
				<cbc:EndDate>2023-05-20+01:00</cbc:EndDate>
				<cbc:EndTime>20:59:32+01:00</cbc:EndTime>
			</cac:AdditionalInformationRequestPeriod>
			<cac:NoticeDocumentReference>
				<!--BT-125-->
				<cbc:ID schemeName="notice-id-ref">9c0fd704-64d3-4294-a3b6-6df45911ab9f-01</cbc:ID>
				<!--BT-1251-->
				<cbc:ReferencedDocumentInternalAddress>123</cbc:ReferencedDocumentInternalAddress>
			</cac:NoticeDocumentReference>
			<cac:ProcessJustification>
				<!--BT-19-->
				<cbc:ProcessReasonCode listName="no-esubmission-justification">ipr-iss</cbc:ProcessReasonCode>
				<!--BT-745-->
				<cbc:Description languageID="ENG">Nonelectronic Submission Description ---</cbc:Description>
			</cac:ProcessJustification>
			<cac:EconomicOperatorShortList>
				<!--BT-661-->
				<cbc:LimitationDescription>true</cbc:LimitationDescription>
				<!--BT-51-->
				<cbc:MaximumQuantity>7</cbc:MaximumQuantity>
				<!--BT-50-->
				<cbc:MinimumQuantity>3</cbc:MinimumQuantity>
			</cac:EconomicOperatorShortList>
			<cac:AuctionTerms>
				<!--BT-767-->
				<cbc:AuctionConstraintIndicator>true</cbc:AuctionConstraintIndicator>
				<!--BT-122-->
				<cbc:Description languageID="ENG">Electronic auction description ---</cbc:Description>
				<!--BT-123-->
				<cbc:AuctionURI>https://electronic-auction.com</cbc:AuctionURI>
			</cac:AuctionTerms>
			<cac:FrameworkAgreement>
				<!--BT-113-->
				<cbc:MaximumOperatorQuantity>10</cbc:MaximumOperatorQuantity>
				<!--BT-157-->
				<cbc:EstimatedMaximumValueAmount  currencyID="EUR">10000</cbc:EstimatedMaximumValueAmount>
				<cac:SubsequentProcessTenderRequirement>
					<!--OPT-090-->
					<cbc:Name>buyer-categories</cbc:Name>
					<!--BT-111-->
					<cbc:Description languageID="ENG">Framework Buyer Categories ---</cbc:Description>
				</cac:SubsequentProcessTenderRequirement>
			</cac:FrameworkAgreement>
			<cac:ContractingSystem>
				<!--BT-765-->
				<cbc:ContractingSystemTypeCode listName="framework-agreement">fa-w-rc</cbc:ContractingSystemTypeCode>
			</cac:ContractingSystem>
			<cac:ContractingSystem>
				<!--BT-766-->
				<cbc:ContractingSystemTypeCode listName="dps-usage">none</cbc:ContractingSystemTypeCode>
			</cac:ContractingSystem>
		</cac:TenderingProcess>
		<cac:ProcurementProject>
			<!--BT-22-->
			<cbc:ID schemeName="InternalID">Lot B</cbc:ID>
			<!--BT-21-->
			<cbc:Name languageID="ENG">Title Lot 2---</cbc:Name>
			<!--BT-24-->
			<cbc:Description languageID="ENG">Description ---</cbc:Description>
			<!--BT-23-->
			<cbc:ProcurementTypeCode listName="contract-nature">services</cbc:ProcurementTypeCode>
			<!--BT-25-->
			<cbc:EstimatedOverallContractQuantity unitCode="HUR">1000</cbc:EstimatedOverallContractQuantity>
			<!--BT-300-->
			<cbc:Note languageID="ENG">Additional information for GLO-0001 ProcurementProject ---</cbc:Note>
			<!--BT-726-->
			<cbc:SMESuitableIndicator>true</cbc:SMESuitableIndicator>
			<cac:ProcurementAdditionalType>
				<!--BT-531-->
				<cbc:ProcurementTypeCode listName="contract-nature">works</cbc:ProcurementTypeCode>
			</cac:ProcurementAdditionalType>
			<cac:ProcurementAdditionalType>
				<!--BT-774-->
				<cbc:ProcurementTypeCode listName="environmental-impact">clim-mitig</cbc:ProcurementTypeCode>
			</cac:ProcurementAdditionalType>
			<cac:ProcurementAdditionalType>
				<!--BT-775-->
				<cbc:ProcurementTypeCode listName="social-objective">acc-all</cbc:ProcurementTypeCode>
			</cac:ProcurementAdditionalType>
			<cac:ProcurementAdditionalType>
				<!--BT-776-->
				<cbc:ProcurementTypeCode listName="innovative-acquisition">proc-innov</cbc:ProcurementTypeCode>
			</cac:ProcurementAdditionalType>
			<cac:ProcurementAdditionalType>
				<!--BT-06-->
				<cbc:ProcurementTypeCode listName="strategic-procurement">env-imp</cbc:ProcurementTypeCode>
				<!--BT-777-->
				<cbc:ProcurementType languageID="ENG">Strategic procurement description ---</cbc:ProcurementType>
			</cac:ProcurementAdditionalType>
			<cac:ProcurementAdditionalType>
				<!--BT-754-->
				<cbc:ProcurementTypeCode listName="accessibility">n-inc-just</cbc:ProcurementTypeCode>
				<!--BT-755-->
				<cbc:ProcurementType languageID="ENG">Accessibility Justification ---</cbc:ProcurementType>
			</cac:ProcurementAdditionalType>
			<cac:RequestedTenderTotal>
				<!--BT-27-->
				<cbc:EstimatedOverallContractAmount currencyID="EUR">9999999.99</cbc:EstimatedOverallContractAmount>
			</cac:RequestedTenderTotal>
			<cac:MainCommodityClassification>
				<!--BT-26-->
				<!--BT-262-->
				<cbc:ItemClassificationCode listName="cpv">75121000</cbc:ItemClassificationCode>
			</cac:MainCommodityClassification>
			<cac:RealizedLocation>
				<cbc:Description languageID="ENG">The main location is ...</cbc:Description>
				<cac:Address>
					<!--BT-5101-->
					<cbc:StreetName>Bruce Wayne House</cbc:StreetName>
					<cbc:AdditionalStreetName>2 Gotham Street</cbc:AdditionalStreetName>
					<!--BT-5131-->
					<cbc:CityName>London</cbc:CityName>
					<!--BT-5121-->
					<cbc:PostalZone>N1 9FL</cbc:PostalZone>
					<!--BT-5071-->
					<cbc:CountrySubentityCode listName="nuts">UKI62</cbc:CountrySubentityCode>
					<cac:Country>
						<!--BT-5141-->
						<cbc:IdentificationCode listName="country">GBR</cbc:IdentificationCode>
					</cac:Country>
				</cac:Address>
			</cac:RealizedLocation>
			<cac:RealizedLocation>
				<!-- This location represents a large area without a specific address, in this case "Anywhere in the given country" -->
				<!--BT-728-->
				<cbc:Description languageID="ENG">Additional information ---</cbc:Description>
				<cac:Address>
					<!--BT-727-->
					<cbc:Region>anyw-cou</cbc:Region>
					<!--BT-5141-->
					<cac:Country>
						<cbc:IdentificationCode listName="country">GBR</cbc:IdentificationCode>
					</cac:Country>
				</cac:Address>
			</cac:RealizedLocation>
			<cac:PlannedPeriod>
				<!--BT-536-->
				<cbc:StartDate>2023-01-01+01:00</cbc:StartDate>
				<!--BT-537-->
				<cbc:EndDate>2023-05-23+02:00</cbc:EndDate>
			</cac:PlannedPeriod>
			<cac:ContractExtension>
				<!--BT-54-->
				<cbc:OptionsDescription languageID="ENG">Options description ---</cbc:OptionsDescription>
				<!--BT-58-->
				<cbc:MaximumNumberNumeric>3</cbc:MaximumNumberNumeric>
				<cac:Renewal>
					<cac:Period>
						<!--BT-57-->
						<cbc:Description languageID="ENG">Renewal description ---</cbc:Description>
					</cac:Period>
				</cac:Renewal>
			</cac:ContractExtension>
		</cac:ProcurementProject>
	</cac:ProcurementProjectLot>
</ContractNotice>
