<?xml version="1.0" encoding="UTF-8"?>
<urn:PriorInformationNotice xmlns:cac="urn:oasis:names:specification:ubl:schema:xsd:CommonAggregateComponents-2"
									  xmlns:cbc="urn:oasis:names:specification:ubl:schema:xsd:CommonBasicComponents-2"
									  xmlns:efac="http://data.europa.eu/p27/eforms-ubl-extension-aggregate-components/1"
									  xmlns:efbc="http://data.europa.eu/p27/eforms-ubl-extension-basic-components/1"
									  xmlns:efext="http://data.europa.eu/p27/eforms-ubl-extensions/1"
									  xmlns:ext="urn:oasis:names:specification:ubl:schema:xsd:CommonExtensionComponents-2"
									  xmlns:urn="urn:oasis:names:specification:ubl:schema:xsd:PriorInformationNotice-2">
	<ext:UBLExtensions>
		<ext:UBLExtension>
			<ext:ExtensionContent>
				<efext:EformsExtension>
					<efac:NoticeSubType>
						<cbc:SubTypeCode listName="notice-subtype">12</cbc:SubTypeCode>
					</efac:NoticeSubType>
					<efac:Organizations>
						<efac:Organization>
							<efbc:AcquiringCPBIndicator>false</efbc:AcquiringCPBIndicator>
							<efbc:AwardingCPBIndicator>false</efbc:AwardingCPBIndicator>
							<efac:Company>
								<cbc:WebsiteURI>https://www.zenithnovainnovations.com</cbc:WebsiteURI>
								<cbc:EndpointID>https://www.zenithnovainnovations.com/info-exchange</cbc:EndpointID>
								<cac:PartyIdentification>
									<cbc:ID schemeName="organization">ORG-0001</cbc:ID>
								</cac:PartyIdentification>
								<cac:PartyName>
									<cbc:Name languageID="ENG">ZenithNova Innovations Ltd.</cbc:Name>
								</cac:PartyName>
								<cac:PostalAddress>
									<cbc:StreetName>ZenithNova Innovations 45 Future Boulevard New Horizons, CA 90210 United States of America</cbc:StreetName>
									<cbc:AdditionalStreetName>ZenithNova Innovations 45 Future Boulevard New Horizons, CA 90210 United States of America</cbc:AdditionalStreetName>
									<cbc:Department>Future Solutions Division</cbc:Department>
									<cbc:CityName>New Horizons, CA</cbc:CityName>
									<cbc:PostalZone>90210</cbc:PostalZone>
									<cbc:CountrySubentityCode listName="nuts">EL303</cbc:CountrySubentityCode>
									<cac:AddressLine>
										<cbc:Line>ZenithNova Innovations 45 Future Boulevard New Horizons, CA 90210 United States of America</cbc:Line>
									</cac:AddressLine>
									<cac:Country>
										<cbc:IdentificationCode listName="country">GRC</cbc:IdentificationCode>
									</cac:Country>
								</cac:PostalAddress>
								<cac:PartyLegalEntity>
									<cbc:CompanyID>ABE</cbc:CompanyID>
								</cac:PartyLegalEntity>
								<cac:Contact>
									<cbc:Name>Info</cbc:Name>
									<cbc:Telephone>+1 (555) 123-4567</cbc:Telephone>
									<cbc:Telefax>+1 (555) 123-4567</cbc:Telefax>
									<cbc:ElectronicMail>info@zenithnovainnovations.com</cbc:ElectronicMail>
								</cac:Contact>
							</efac:Company>
							<efac:TouchPoint>
								<cbc:WebsiteURI>https://www.zenithnovainnovations.com/contact-us/katerina-lisa</cbc:WebsiteURI>
								<cbc:EndpointID>https://www.zenithnovainnovations.com/info-exchange/katerina-lisa</cbc:EndpointID>
								<cac:PartyIdentification>
									<cbc:ID schemeName="touchpoint">TPO-0001</cbc:ID>
								</cac:PartyIdentification>
								<cac:PartyName>
									<cbc:Name languageID="ENG">Katerina Lisa</cbc:Name>
								</cac:PartyName>
								<cac:PostalAddress>
									<cbc:Department>Future Solutions Division</cbc:Department>
								</cac:PostalAddress>
							</efac:TouchPoint>
						</efac:Organization>
					</efac:Organizations>
				</efext:EformsExtension>
			</ext:ExtensionContent>
		</ext:UBLExtension>
	</ext:UBLExtensions>
	<cbc:UBLVersionID>2.3</cbc:UBLVersionID>
	<cbc:CustomizationID>eforms-sdk-1.12</cbc:CustomizationID>
	<cbc:ID schemeName="notice-id">b9bcefc5-2065-4884-a723-c9d39c5c640f</cbc:ID>
	<cbc:ContractFolderID>7a0d92d2-de31-4c7d-9baa-023a9a2db87b</cbc:ContractFolderID>
	<cbc:IssueDate>2023-05-26Z</cbc:IssueDate>
	<cbc:IssueTime>09:47:29Z</cbc:IssueTime>
	<cbc:VersionID>01</cbc:VersionID>
	<cbc:RegulatoryDomain>32014L0024</cbc:RegulatoryDomain>
	<cbc:NoticeTypeCode listName="competition">pin-cfc-social</cbc:NoticeTypeCode>
	<cbc:NoticeLanguageCode listName="language">ENG</cbc:NoticeLanguageCode>
	<cac:ContractingParty>
		<cbc:BuyerProfileURI>https://example.com</cbc:BuyerProfileURI>
		<cac:ContractingPartyType>
			<cbc:PartyTypeCode listName="buyer-legal-type">la</cbc:PartyTypeCode>
		</cac:ContractingPartyType>
		<cac:ContractingActivity>
			<cbc:ActivityTypeCode listName="authority-activity">pub-os</cbc:ActivityTypeCode>
		</cac:ContractingActivity>
		<cac:Party>
			<cac:PartyIdentification>
				<cbc:ID schemeName="organization">ORG-0001</cbc:ID>
			</cac:PartyIdentification>
		</cac:Party>
	</cac:ContractingParty>
	<cac:TenderingTerms>
		<cac:TendererQualificationRequest>
			<cac:SpecificTendererRequirement>
				<cbc:TendererRequirementTypeCode listName="exclusion-grounds-source">epo-procurement-document</cbc:TendererRequirementTypeCode>
			</cac:SpecificTendererRequirement>
		</cac:TendererQualificationRequest>
	</cac:TenderingTerms>
	<cac:TenderingProcess>
		<cbc:Description languageID="ENG">Main features of the procedure (BT-88-Procedure)</cbc:Description>
		<cbc:ProcedureCode listName="procurement-procedure-type">oth-mult</cbc:ProcedureCode>
	</cac:TenderingProcess>
	<cac:ProcurementProject>
		<cbc:Name languageID="ENG">Procurement title vol3</cbc:Name>
		<cbc:Description languageID="ENG">Procurement description text</cbc:Description>
		<cbc:ProcurementTypeCode listName="contract-nature">services</cbc:ProcurementTypeCode>
		<cac:MainCommodityClassification>
			<cbc:ItemClassificationCode listName="cpv">85000000</cbc:ItemClassificationCode>
		</cac:MainCommodityClassification>
	</cac:ProcurementProject>
	<cac:ProcurementProjectLot>
		<cbc:ID schemeName="Lot">LOT-0001</cbc:ID>
		<cac:TenderingTerms>
			<cac:TendererQualificationRequest>
				<cac:SpecificTendererRequirement>
					<cbc:TendererRequirementTypeCode listName="reserved-procurement">res-ws</cbc:TendererRequirementTypeCode>
				</cac:SpecificTendererRequirement>
			</cac:TendererQualificationRequest>
			<cac:TendererQualificationRequest>
				<cac:SpecificTendererRequirement>
					<cbc:TendererRequirementTypeCode listName="selection-criteria-source">epo-procurement-document</cbc:TendererRequirementTypeCode>
				</cac:SpecificTendererRequirement>
			</cac:TendererQualificationRequest>
			<cac:ContractExecutionRequirement>
				<cbc:ExecutionRequirementCode listName="reserved-execution">not-known</cbc:ExecutionRequirementCode>
			</cac:ContractExecutionRequirement>
			<cac:ContractExecutionRequirement>
				<cbc:ExecutionRequirementCode listName="ecatalog-submission">not-allowed</cbc:ExecutionRequirementCode>
			</cac:ContractExecutionRequirement>
			<cac:ContractExecutionRequirement>
				<cbc:ExecutionRequirementCode listName="esignature-submission">false</cbc:ExecutionRequirementCode>
			</cac:ContractExecutionRequirement>
			<cac:AdditionalInformationParty>
				<cac:PartyIdentification>
					<cbc:ID schemeName="organization">ORG-0001</cbc:ID>
				</cac:PartyIdentification>
			</cac:AdditionalInformationParty>
			<cac:DocumentProviderParty>
				<cac:PartyIdentification>
					<cbc:ID schemeName="organization">ORG-0001</cbc:ID>
				</cac:PartyIdentification>
			</cac:DocumentProviderParty>
			<cac:TenderRecipientParty>
				<cac:PartyIdentification>
					<cbc:ID schemeName="touchpoint">TPO-0001</cbc:ID>
				</cac:PartyIdentification>
			</cac:TenderRecipientParty>
			<cac:TenderEvaluationParty>
				<cac:PartyIdentification>
					<cbc:ID schemeName="organization">ORG-0001</cbc:ID>
				</cac:PartyIdentification>
			</cac:TenderEvaluationParty>
			<cac:AppealTerms>
				<cac:AppealInformationParty>
					<cac:PartyIdentification>
						<cbc:ID schemeName="touchpoint">TPO-0001</cbc:ID>
					</cac:PartyIdentification>
				</cac:AppealInformationParty>
				<cac:AppealReceiverParty>
					<cac:PartyIdentification>
						<cbc:ID schemeName="touchpoint">TPO-0001</cbc:ID>
					</cac:PartyIdentification>
				</cac:AppealReceiverParty>
				<cac:MediationParty>
					<cac:PartyIdentification>
						<cbc:ID schemeName="organization">ORG-0001</cbc:ID>
					</cac:PartyIdentification>
				</cac:MediationParty>
			</cac:AppealTerms>
			<cac:Language>
				<cbc:ID>AFR</cbc:ID>
			</cac:Language>
			<cac:PostAwardProcess>
				<cbc:ElectronicOrderUsageIndicator>true</cbc:ElectronicOrderUsageIndicator>
				<cbc:ElectronicPaymentUsageIndicator>true</cbc:ElectronicPaymentUsageIndicator>
			</cac:PostAwardProcess>
		</cac:TenderingTerms>
		<cac:TenderingProcess>
			<ext:UBLExtensions>
				<ext:UBLExtension>
					<ext:ExtensionContent>
						<efext:EformsExtension>
							<efac:InterestExpressionReceptionPeriod>
								<cbc:EndDate>2023-05-31+03:00</cbc:EndDate>
								<cbc:EndTime>15:00:00+03:00</cbc:EndTime>
							</efac:InterestExpressionReceptionPeriod>
						</efext:EformsExtension>
					</ext:ExtensionContent>
				</ext:UBLExtension>
			</ext:UBLExtensions>
		</cac:TenderingProcess>
		<cac:ProcurementProject>
			<cbc:ID schemeName="InternalID">EBA</cbc:ID>
			<cbc:Name languageID="ENG">Title vol3</cbc:Name>
			<cbc:Description languageID="ENG">Lot description text</cbc:Description>
			<cbc:ProcurementTypeCode listName="contract-nature">services</cbc:ProcurementTypeCode>
			<cac:MainCommodityClassification>
				<cbc:ItemClassificationCode listName="cpv">85000000</cbc:ItemClassificationCode>
			</cac:MainCommodityClassification>
		</cac:ProcurementProject>
	</cac:ProcurementProjectLot>
</urn:PriorInformationNotice>