<?xml version="1.0"?>
<!-- Based on https://ted.europa.eu/udl?uri=TED:NOTICE:168752-2020:TEXT:EN:HTML
-->
<PriorInformationNotice xmlns="urn:oasis:names:specification:ubl:schema:xsd:PriorInformationNotice-2" xmlns:ext="urn:oasis:names:specification:ubl:schema:xsd:CommonExtensionComponents-2" xmlns:cbc="urn:oasis:names:specification:ubl:schema:xsd:CommonBasicComponents-2" xmlns:efext="http://data.europa.eu/p27/eforms-ubl-extensions/1" xmlns:efbc="http://data.europa.eu/p27/eforms-ubl-extension-basic-components/1" xmlns:efac="http://data.europa.eu/p27/eforms-ubl-extension-aggregate-components/1" xmlns:cac="urn:oasis:names:specification:ubl:schema:xsd:CommonAggregateComponents-2" xmlns:xsi="http://www.w3.org/2001/XMLSchema-instance">
	<ext:UBLExtensions>
		<ext:UBLExtension>
			<ext:ExtensionContent>
				<efext:EformsExtension>
					<efac:NoticeSubType>
						<cbc:SubTypeCode listName="notice-subtype">1</cbc:SubTypeCode>
					</efac:NoticeSubType>
					<efac:Organizations>
						<efac:Organization>
							<efac:Company>
								<cac:PartyIdentification>
									<cbc:ID schemeName="organization">ORG-0001</cbc:ID>
								</cac:PartyIdentification>
								<cac:PartyName>
									<cbc:Name languageID="ITA">IRCCS Policlinico ospedale San Martino</cbc:Name>
								</cac:PartyName>
								<cac:PostalAddress>
									<cbc:CityName>Genova</cbc:CityName>
									<cbc:PostalZone>ABC123</cbc:PostalZone>
									<cbc:CountrySubentityCode listName="nuts">ITF14</cbc:CountrySubentityCode>
									<cac:Country>
										<cbc:IdentificationCode listName="country">ITA</cbc:IdentificationCode>
									</cac:Country>
								</cac:PostalAddress>
								<cac:PartyLegalEntity>
									<cbc:CompanyID>123 456 789</cbc:CompanyID>
								</cac:PartyLegalEntity>
								<cac:Contact>
									<cbc:Telephone>+39 0105552612</cbc:Telephone>
									<cbc:ElectronicMail>settore.patrimoniale@hsanmartino.it</cbc:ElectronicMail>
								</cac:Contact>
							</efac:Company>
						</efac:Organization>
					</efac:Organizations>
				</efext:EformsExtension>
			</ext:ExtensionContent>
		</ext:UBLExtension>
	</ext:UBLExtensions>
	<cbc:UBLVersionID>2.3</cbc:UBLVersionID>
	<cbc:CustomizationID>eforms-sdk-1.12</cbc:CustomizationID>
	<cbc:ID schemeName="notice-id">e45d1409-9944-4fb0-84c5-f41ce774d37f</cbc:ID>
	<cbc:IssueDate>2020-04-08+01:00</cbc:IssueDate>
	<cbc:IssueTime>03:57:07+01:00</cbc:IssueTime>
	<cbc:VersionID>01</cbc:VersionID>
	<cbc:RegulatoryDomain>32014L0024</cbc:RegulatoryDomain>
	<cbc:NoticeTypeCode listName="planning">pin-buyer</cbc:NoticeTypeCode>
	<cbc:NoticeLanguageCode>ITA</cbc:NoticeLanguageCode>
	<cac:ContractingParty>
		<cbc:BuyerProfileURI>https://www.hsanmartino.it</cbc:BuyerProfileURI>
		<cac:ContractingPartyType>
			<cbc:PartyTypeCode listName="buyer-legal-type">pub-undert-la</cbc:PartyTypeCode>
		</cac:ContractingPartyType>
		<cac:ContractingActivity>
			<cbc:ActivityTypeCode listName="authority-activity">health</cbc:ActivityTypeCode>
		</cac:ContractingActivity>
		<cac:Party>
			<cac:PartyIdentification>
				<cbc:ID schemeName="organization">ORG-0001</cbc:ID>
			</cac:PartyIdentification>
		</cac:Party>
	</cac:ContractingParty>
	<cac:ProcurementProject>
		<cbc:Name languageID="ITA">Avviso consultazione preliminare mat. dedicato a ventilatore polmonare mod. Monnal T75</cbc:Name>
		<cbc:Description languageID="ITA">Oggetto: Consultazione preliminare di mercato volta all’eventuale acquisizione, mediante procedura negoziata senza previa pubblicazione di un bando di gara, ex art. 63, comma 2, lett. b), del decreto legislativo del 18.4.2016, n. 50, per la fornitura di materiale dedicato a ventilatore polmonare mod. Monnal T75. Motivazione della pubblicazione: con il presente avviso si intende avviare una consultazione preliminare di mercato al fine di conoscere se, diversamente dalle informazioni in possesso di questa stazione appaltante, altri operatori economici oltre a Medival srl, possano fornire i prodotti di seguito indicati: — valvola espiratoria per ventilatori Monnal T75 autoclavabile blu, n. 50 pezzi, — sensore di flusso per ventilatori Monnal T75 autoclavabile blu, n. 50 pezzi, — valvola espiratoria per ventilator Monnal T75, n. 350 pezzi, — sensore di flusso per ventilatori Monnal T75, n. 350 pezzi.</cbc:Description>
		<cbc:ProcurementTypeCode listName="contract-nature">supplies</cbc:ProcurementTypeCode>
		<cac:MainCommodityClassification>
			<cbc:ItemClassificationCode listName="cpv">33157000</cbc:ItemClassificationCode>
		</cac:MainCommodityClassification>
	</cac:ProcurementProject>
</PriorInformationNotice>
