<?xml version="1.0" encoding="UTF-8"?>
<BusinessRegistrationInformationNotice xmlns:xsi="http://www.w3.org/2001/XMLSchema-instance" xmlns:cbc="urn:oasis:names:specification:ubl:schema:xsd:CommonBasicComponents-2" xmlns:cac="urn:oasis:names:specification:ubl:schema:xsd:CommonAggregateComponents-2" xmlns:efext="http://data.europa.eu/p27/eforms-ubl-extensions/1" xmlns:efac="http://data.europa.eu/p27/eforms-ubl-extension-aggregate-components/1" xmlns:efbc="http://data.europa.eu/p27/eforms-ubl-extension-basic-components/1" xmlns:ext="urn:oasis:names:specification:ubl:schema:xsd:CommonExtensionComponents-2" xmlns="http://data.europa.eu/p27/eforms-business-registration-information-notice/1">
	<ext:UBLExtensions>
		<ext:UBLExtension>
			<ext:ExtensionContent>
				<efext:EformsExtension>
					<efac:NoticeSubType>
						<cbc:SubTypeCode listName="notice-subtype">X02</cbc:SubTypeCode>
					</efac:NoticeSubType>
				</efext:EformsExtension>
			</ext:ExtensionContent>
		</ext:UBLExtension>
	</ext:UBLExtensions>
	<cbc:UBLVersionID>2.3</cbc:UBLVersionID>
	<cbc:CustomizationID>eforms-sdk-1.12</cbc:CustomizationID>
	<cbc:ID schemeName="notice-id">adc2cb72-0bd7-4fbe-a6b8-8efc308316b6</cbc:ID>
	<cbc:IssueDate>2020-11-26Z</cbc:IssueDate>
	<cbc:IssueTime>15:12:24Z</cbc:IssueTime>
	<!-- Additional information -->
	<cbc:Note languageID="ENG">The registrant declares ...</cbc:Note>
	<cbc:VersionID>01</cbc:VersionID>
	<cbc:RegulatoryDomain>32001R2157</cbc:RegulatoryDomain>
	<cbc:NoticeTypeCode listName="bri">brin-ecs</cbc:NoticeTypeCode>
	<cbc:NoticeLanguageCode>ENG</cbc:NoticeLanguageCode>
	<cac:SenderParty>
		<cac:Contact>
			<cbc:ElectronicMail>sender.example@example.com</cbc:ElectronicMail>
		</cac:Contact>
	</cac:SenderParty>
	<cac:BusinessParty>
		<!-- Main Internet Address -->
		<cbc:WebsiteURI>http://www.acme-solution.co.uk</cbc:WebsiteURI>
		<cac:PostalAddress>
			<!-- Postal Address -->
			<cbc:StreetName>Mainstreet 3B</cbc:StreetName>
			<cbc:AdditionalStreetName>Building C</cbc:AdditionalStreetName>
			<!-- Postal Address (to be continued) -->
			<!-- Town -->
			<cbc:CityName>South Tilport</cbc:CityName>
			<!-- Postal Code -->
			<cbc:PostalZone>STI543M</cbc:PostalZone>
			<!-- NUTS code (if applicable) -->
			<cbc:CountrySubentityCode listName="nuts3">UKC11</cbc:CountrySubentityCode>
			<!-- Country -->
			<!-- Postal Address (continuation) -->
			<cac:AddressLine>
				<cbc:Line>3rd floor</cbc:Line>
			</cac:AddressLine>
			<!-- Postal Address (end) -->
			<cac:Country>
				<cbc:IdentificationCode listName="country">GBR</cbc:IdentificationCode>
			</cac:Country>
		</cac:PostalAddress>
		<cac:PartyLegalEntity>
			<cbc:RegistrationName>ACME Solution</cbc:RegistrationName>
			<cbc:CompanyID schemeName="national">EU 123 456 7890</cbc:CompanyID>
		</cac:PartyLegalEntity>
		<cac:PartyLegalEntity>
			<cbc:CompanyID schemeName="EU">EU 123 456 7890</cbc:CompanyID>
			<cbc:RegistrationDate>2020-11-14+01:00</cbc:RegistrationDate>
			<cac:CorporateRegistrationScheme>
				<!-- Place of registration -->
				<cac:JurisdictionRegionAddress>
					<!-- Town -->
					<cbc:CityName>Hornfrestone</cbc:CityName>
					<!-- Postal Code -->
					<cbc:PostalZone>HRN765Z</cbc:PostalZone>
					<!-- Country -->
					<cac:Country>
						<cbc:IdentificationCode listName="country">GBR</cbc:IdentificationCode>
					</cac:Country>
				</cac:JurisdictionRegionAddress>
			</cac:CorporateRegistrationScheme>
		</cac:PartyLegalEntity>
		<!-- Contact Person -->
		<cac:Contact>
			<cbc:Name>John Doe</cbc:Name>
			<cbc:Telephone>(+123) 456 789 0123</cbc:Telephone>
			<cbc:Telefax>(+123) 456 789 0124</cbc:Telefax>
			<cbc:ElectronicMail>j.doe@acme-solution.co.uk</cbc:ElectronicMail>
		</cac:Contact>
	</cac:BusinessParty>
	<cac:AdditionalDocumentReference>
		<cbc:ID>DUMMY</cbc:ID>
		<!-- Date of publication of the announcement -->
		<cbc:IssueDate>2020-11-16+01:00</cbc:IssueDate>
		<!-- Title of the announcement -->
		<cbc:ReferencedDocumentInternalAddress>Registration of the "ACME Solution" European Company.</cbc:ReferencedDocumentInternalAddress>
		<!-- Name of publication -->
		<cbc:DocumentDescription>The Hornfrestone Gazette</cbc:DocumentDescription>
		<!--  URL of the announcement -->
		<cac:Attachment>
			<cac:ExternalReference>
				<cbc:URI>http://www.hornfrestone-gazette.co.uk/20201116/acme-solution.pdf</cbc:URI>
			</cac:ExternalReference>
		</cac:Attachment>
	</cac:AdditionalDocumentReference>
	<cac:BusinessCapability>
		<cbc:CapabilityTypeCode listName="main-activity">education</cbc:CapabilityTypeCode>
	</cac:BusinessCapability>
	<cac:BusinessCapability>
		<cbc:CapabilityTypeCode listName="main-activity">health</cbc:CapabilityTypeCode>
	</cac:BusinessCapability>
	<cac:BusinessCapability>
		<cbc:CapabilityTypeCode listName="main-activity">soc-pro</cbc:CapabilityTypeCode>
	</cac:BusinessCapability>
	<efac:NoticePurpose>
		<cbc:PurposeCode listName="notice-purpose">reg</cbc:PurposeCode>
	</efac:NoticePurpose>
</BusinessRegistrationInformationNotice>
