<?xml version="1.0" encoding="UTF-8"?>
<PriorInformationNotice
xmlns="urn:oasis:names:specification:ubl:schema:xsd:PriorInformationNotice-2"
xmlns:cbc="urn:oasis:names:specification:ubl:schema:xsd:CommonBasicComponents-2"
xmlns:cac="urn:oasis:names:specification:ubl:schema:xsd:CommonAggregateComponents-2">
  <cbc:IssueDate>2016-05-29</cbc:IssueDate>
  <cac:ContractingParty>
    <cac:Party>
      <cac:PartyIdentification>
        <cbc:ID>Other</cbc:ID>
      </cac:PartyIdentification>
    </cac:Party>
  </cac:ContractingParty>
  <cac:TenderingTerms>
    <cac:TenderPreparation>
      <cbc:TenderEnvelopeID>abc</cbc:TenderEnvelopeID>
      <cac:TenderEncryptionData>
        <cbc:MessageFormat>1.2.840.113549.1.9.16.0.1</cbc:MessageFormat>
        <cac:EncryptionCertificateAttachment>
          <cbc:EmbeddedDocument>;lkajdf;lkasd;ljkasdf;lkja;sdlfkja;sldfkja;sdlfjkas;dlkfjas;dlfjas;dlkfjas;dlkfja;slkdjf</cbc:EmbeddedDocument>
        </cac:EncryptionCertificateAttachment>
        <cac:EncryptionCertificatePathChain>
          <cbc:Value>TRUST2408 OCES Primary CA – TRUST2408 OCES CA II</cbc:Value>
        </cac:EncryptionCertificatePathChain>
        <cac:EncryptionSymmetricAlgorithm>
          <cbc:OID>2.16.840.1.101.3.4.1.2</cbc:OID>
        </cac:EncryptionSymmetricAlgorithm>
        <cac:EncryptionSymmetricAlgorithm>
          <cbc:OID>2.16.840.1.101.3.4.1.42</cbc:OID>
        </cac:EncryptionSymmetricAlgorithm>
      </cac:TenderEncryptionData>
    </cac:TenderPreparation>
  </cac:TenderingTerms>
</PriorInformationNotice>
