<?xml version="1.0" encoding="UTF-8"?>
<ImportCustomsDeclaration xmlns="urn:oasis:names:specification:ubl:schema:xsd:ImportCustomsDeclaration-2"
  xmlns:ext="urn:oasis:names:specification:ubl:schema:xsd:CommonExtensionComponents-2"
	xmlns:cac="urn:oasis:names:specification:ubl:schema:xsd:CommonAggregateComponents-2"
	xmlns:cbc="urn:oasis:names:specification:ubl:schema:xsd:CommonBasicComponents-2">
  <ext:UBLExtensions>
    <ext:UBLExtension>
      <ext:ExtensionContent>
        <itu:FunctionCode xmlns:itu="http://tulli.fi/schema/external/itu/dme/v1">9</itu:FunctionCode>
      </ext:ExtensionContent>
    </ext:UBLExtension>
  </ext:UBLExtensions>
	<cbc:ID>10158209175014500</cbc:ID>
	<cbc:IssueDate>2013-08-29</cbc:IssueDate>
	<cbc:IssueTime>11:32:00</cbc:IssueTime>
	<cbc:TypeCode>X</cbc:TypeCode>
	<cbc:SubTypeCode>IM</cbc:SubTypeCode>
	<cbc:NatureOfTransactionCode>11</cbc:NatureOfTransactionCode>
	<cac:ImporterParty>
		<cac:PartyIdentification>
			<cbc:ID>FI1234567-1</cbc:ID>
		</cac:PartyIdentification>
		<cac:PartyName>
			<cbc:Name>Elektroniikka Oy</cbc:Name>
		</cac:PartyName>
		<cac:Language>
			<cbc:ID>fi</cbc:ID>
		</cac:Language>
		<cac:PostalAddress>
			<cbc:StreetName>Vastuskatu 12</cbc:StreetName>
			<cbc:CityName>Helsinki</cbc:CityName>
			<cbc:PostalZone>00140</cbc:PostalZone>
			<cac:Country>
				<cbc:IdentificationCode>FI</cbc:IdentificationCode>
			</cac:Country>
		</cac:PostalAddress>
		<cac:AgentParty>
			<cac:PartyIdentification>
				<cbc:ID>FI1234569-8</cbc:ID>
				<!-- <cbc:IDExtension>T0001</cbc:IDExtension> -->
			</cac:PartyIdentification>
			<cac:PartyName>
				<cbc:Name>Huolitsija Oy</cbc:Name>
			</cac:PartyName>
			<cac:Contact>
				<cbc:Name>Tuula Tullaaja 02 13 4567</cbc:Name>
			</cac:Contact>
		</cac:AgentParty>
	</cac:ImporterParty>
	<cac:ConsignorParty>
		<cac:PartyIdentification>
			<cbc:ID>FI1234567-1</cbc:ID>
		</cac:PartyIdentification>
		<cac:PartyName>
			<cbc:Name>Elektroniikka Oy</cbc:Name>
		</cac:PartyName>
		<cac:PostalAddress>
			<cbc:StreetName>Vastuskatu 12</cbc:StreetName>
			<cbc:CityName>Helsinki</cbc:CityName>
			<cbc:PostalZone>00140</cbc:PostalZone>
			<cac:Country>
				<cbc:IdentificationCode>FI</cbc:IdentificationCode>
			</cac:Country>
		</cac:PostalAddress>
	</cac:ConsignorParty>
	<cac:ConsigneeParty>
		<cac:PartyName>
			<cbc:Name>Yang Mei Electronic Ltd</cbc:Name>
		</cac:PartyName>
		<cac:PostalAddress>
			<cbc:StreetName>Export Str. 143</cbc:StreetName>
			<cbc:CityName>Yang Mei</cbc:CityName>
			<cac:Country>
				<cbc:IdentificationCode>TH</cbc:IdentificationCode>
			</cac:Country>
		</cac:PostalAddress>
	</cac:ConsigneeParty>
	<cac:CustomsParty>
		<cac:PartyIdentification>
			<cbc:ID>FI0245442-8</cbc:ID>
		</cac:PartyIdentification>
	</cac:CustomsParty>
	<cac:NotifierParty>
		<cac:PartyIdentification>
			<cbc:ID>FI1234567-8</cbc:ID>
		</cac:PartyIdentification>
	</cac:NotifierParty>
	<cac:Shipment>
		<cbc:ID>S1</cbc:ID>
		<cbc:GrossWeightMeasure unitCode="KGM">1.5</cbc:GrossWeightMeasure>
		<cbc:DeclaredStatisticsValueAmount currencyID="USD">250.00</cbc:DeclaredStatisticsValueAmount>
		<cac:Consignment>
			<cbc:ID>C1</cbc:ID>
			<cbc:ContainerizedIndicator>0</cbc:ContainerizedIndicator>
			<cbc:TotalGoodsItemQuantity>1</cbc:TotalGoodsItemQuantity>
			<cbc:TotalPackagesQuantity>1</cbc:TotalPackagesQuantity>
			<cac:CustomsDeclaration>
				<cbc:ID>10158209175014500</cbc:ID>
			</cac:CustomsDeclaration>
		</cac:Consignment>
		<cac:GoodsItem>
			<cbc:SequenceNumberID>1</cbc:SequenceNumberID>
			<cbc:DeclaredStatisticsValueAmount currencyID="EUR">182.62</cbc:DeclaredStatisticsValueAmount>
			<cbc:ValueAmount currencyID="USD">250</cbc:ValueAmount>
			<cbc:NetWeightMeasure unitCode="KGM">1</cbc:NetWeightMeasure>
			<cbc:PreferenceCriterionCode>100</cbc:PreferenceCriterionCode>
			<cbc:CustomsProcedureCode>1011</cbc:CustomsProcedureCode>
			<cac:Item>
				<cbc:Description>Kuulokkeita</cbc:Description>
				<cac:CommodityClassification>
					<cbc:ItemClassificationCode>8518309590</cbc:ItemClassificationCode>
				</cac:CommodityClassification>
			</cac:Item>
			<cac:Pickup>
				<cac:PickupLocation>
					<cbc:ID>01530</cbc:ID>
					<cbc:LocationTypeCode>P</cbc:LocationTypeCode>
				</cac:PickupLocation>
			</cac:Pickup>
			<cac:ContainingPackage>
				<cbc:ID>YangMei</cbc:ID>
				<cbc:Quantity>1</cbc:Quantity>
				<cbc:PackagingTypeCode>CT</cbc:PackagingTypeCode>
			</cac:ContainingPackage>
		</cac:GoodsItem>
		<cac:ShipmentStage>
			<cbc:TransportModeCode>4</cbc:TransportModeCode>
			<cac:TransportMeans>
				<cbc:RegistrationNationalityID>FI</cbc:RegistrationNationalityID>
			</cac:TransportMeans>
		</cac:ShipmentStage>
		<cac:ShipmentStage>
			<cbc:TransportModeCode>4</cbc:TransportModeCode>
			<cac:TransportMeans>
				<cbc:RegistrationNationalityID>FI</cbc:RegistrationNationalityID>
				<cac:AirTransport>
					<cbc:AircraftID>AY-428 20130623</cbc:AircraftID>
				</cac:AirTransport>
			</cac:TransportMeans>
		</cac:ShipmentStage>
		<cac:Delivery>
			<cac:DeliveryTerms>
				<cbc:ID>FOB</cbc:ID>
				<cac:DeliveryLocation>
					<cbc:Name>BANGKOK</cbc:Name>
				</cac:DeliveryLocation>
			</cac:DeliveryTerms>
		</cac:Delivery>
		<cac:OriginAddress>
			<cac:Country>
				<cbc:IdentificationCode>TH</cbc:IdentificationCode>
			</cac:Country>
		</cac:OriginAddress>
		<cac:FirstArrivalPortLocation>
			<cbc:ID>FI015300</cbc:ID>
		</cac:FirstArrivalPortLocation>
		<cac:ExportCountry>
			<cbc:IdentificationCode>TH</cbc:IdentificationCode>
		</cac:ExportCountry>
	</cac:Shipment>
	<cac:PreviousCustomsDeclaration>
		<cbc:ID>FIRMA000000010</cbc:ID>
	</cac:PreviousCustomsDeclaration>
	<cac:AdditionalDocumentReference>
		<cbc:ID>108-3692468</cbc:ID>
		<cbc:IssueDate>2013-06-23</cbc:IssueDate>
		<cbc:DocumentTypeCode>741</cbc:DocumentTypeCode>
	</cac:AdditionalDocumentReference>
	<cac:AdditionalDocumentReference>
		<cbc:ID>0665/2003</cbc:ID>
		<cbc:IssueDate>2013-06-23</cbc:IssueDate>
		<cbc:DocumentTypeCode>N380</cbc:DocumentTypeCode>
	</cac:AdditionalDocumentReference>
</ImportCustomsDeclaration>