<?xml version="1.0"?>
<!-- Invalid PIN buyer profile notice, with just the elements to pass stage 1 of the validation.
-->
<PriorInformationNotice xmlns="urn:oasis:names:specification:ubl:schema:xsd:PriorInformationNotice-2" xmlns:ext="urn:oasis:names:specification:ubl:schema:xsd:CommonExtensionComponents-2" xmlns:cbc="urn:oasis:names:specification:ubl:schema:xsd:CommonBasicComponents-2" xmlns:efext="http://data.europa.eu/p27/eforms-ubl-extensions/1" xmlns:efbc="http://data.europa.eu/p27/eforms-ubl-extension-basic-components/1" xmlns:efac="http://data.europa.eu/p27/eforms-ubl-extension-aggregate-components/1" xmlns:cac="urn:oasis:names:specification:ubl:schema:xsd:CommonAggregateComponents-2" xmlns:xsi="http://www.w3.org/2001/XMLSchema-instance">
	<ext:UBLExtensions>
		<ext:UBLExtension>
			<ext:ExtensionContent>
				<efext:EformsExtension>
					<efac:NoticeSubType>
						<cbc:SubTypeCode>1</cbc:SubTypeCode>
					</efac:NoticeSubType>
					<efac:Organizations>
						<efac:Organization>
							<efac:Company>
								<cac:PartyIdentification>
									<cbc:ID></cbc:ID>
								</cac:PartyIdentification>
								<cac:PostalAddress>

								</cac:PostalAddress>
								<cac:Contact>

								</cac:Contact>
							</efac:Company>
						</efac:Organization>
					</efac:Organizations>
				</efext:EformsExtension>
			</ext:ExtensionContent>
		</ext:UBLExtension>
	</ext:UBLExtensions>
	<cbc:IssueDate>2020-04-08+01:00</cbc:IssueDate>
	<cbc:RegulatoryDomain>32014L0024</cbc:RegulatoryDomain>
	<cbc:NoticeTypeCode listName="planning">pin-buyer</cbc:NoticeTypeCode>
	<cac:ContractingParty>
		<cac:Party>

		</cac:Party>
	</cac:ContractingParty>
	<cac:ProcurementProject>

		<cac:MainCommodityClassification>
			<cbc:ItemClassificationCode listName=""></cbc:ItemClassificationCode>
		</cac:MainCommodityClassification>
	</cac:ProcurementProject>
</PriorInformationNotice>