<?xml version="1.0"?>
<!-- Based on https://ted.europa.eu/udl?uri=TED:NOTICE:599993-2020:TEXT:EN:HTML
-->
<PriorInformationNotice xmlns="urn:oasis:names:specification:ubl:schema:xsd:PriorInformationNotice-2" xmlns:ext="urn:oasis:names:specification:ubl:schema:xsd:CommonExtensionComponents-2" xmlns:cbc="urn:oasis:names:specification:ubl:schema:xsd:CommonBasicComponents-2" xmlns:efext="http://data.europa.eu/p27/eforms-ubl-extensions/1" xmlns:efbc="http://data.europa.eu/p27/eforms-ubl-extension-basic-components/1" xmlns:efac="http://data.europa.eu/p27/eforms-ubl-extension-aggregate-components/1" xmlns:cac="urn:oasis:names:specification:ubl:schema:xsd:CommonAggregateComponents-2" xmlns:xsi="http://www.w3.org/2001/XMLSchema-instance">
	<ext:UBLExtensions>
		<ext:UBLExtension>
			<ext:ExtensionContent>
				<efext:EformsExtension>
					<efac:NoticeSubType>
						<cbc:SubTypeCode listName="notice-subtype">6</cbc:SubTypeCode>
					</efac:NoticeSubType>
					<efac:Organizations>
						<efac:Organization>
							<efac:Company>
								<cbc:WebsiteURI>http://www.ixarm.com/fr</cbc:WebsiteURI>
								<!--<cbc:EndpointID></cbc:EndpointID>-->
								<cac:PartyIdentification>
									<cbc:ID schemeName="organization">ORG-0001</cbc:ID>
								</cac:PartyIdentification>
								<cac:PartyName>
									<cbc:Name languageID="FRA">Marine/DCSSF/DSSF Toulon</cbc:Name>
								</cac:PartyName>
								<cac:PostalAddress>
									<cbc:StreetName>BCRM de Toulon — BP 25</cbc:StreetName>
									<cbc:CityName>Toulon Cedex 9</cbc:CityName>
									<cbc:PostalZone>83800</cbc:PostalZone>
									<cbc:CountrySubentityCode listName="nuts">FRL04</cbc:CountrySubentityCode>
									<cac:Country>
										<cbc:IdentificationCode listName="country">FRA</cbc:IdentificationCode>
									</cac:Country>
								</cac:PostalAddress>
								<!--<cac:PartyLegalEntity/>-->
								<cac:Contact>
									<cbc:Name>mr le directeur du service de soutien de la flotte de Toulon</cbc:Name>
									<cbc:Telephone>+33 422424830</cbc:Telephone>
									<cbc:Telefax>+33 4224248309</cbc:Telefax>
									<cbc:ElectronicMail>pascale.bresson@intradef.gouv.fr</cbc:ElectronicMail>
								</cac:Contact>
							</efac:Company>
						</efac:Organization>
						<efac:Organization>
							<efac:Company>
								<cbc:WebsiteURI>https://esendercorp.eu</cbc:WebsiteURI>
								<cac:PartyIdentification>
									<cbc:ID schemeName="organization">ORG-0002</cbc:ID>
								</cac:PartyIdentification>
								<cac:PartyName>
									<cbc:Name languageID="FRA">eSendCorp</cbc:Name>
								</cac:PartyName>
								<cac:PostalAddress>
									<cbc:CityName>Luxembourg</cbc:CityName>
									<cbc:PostalZone>2985</cbc:PostalZone>
									<cbc:CountrySubentityCode listName="nuts">LU000</cbc:CountrySubentityCode>
									<cac:Country>
										<cbc:IdentificationCode listName="country">LUX</cbc:IdentificationCode>
									</cac:Country>
								</cac:PostalAddress>
								<cac:PartyLegalEntity>
									<cbc:CompanyID>111 222 333</cbc:CompanyID>
								</cac:PartyLegalEntity>
								<cac:Contact>
									<cbc:Telephone>+352 123456789</cbc:Telephone>
									<cbc:Telefax>+352 1234567899</cbc:Telefax>
									<cbc:ElectronicMail>esender@example.com</cbc:ElectronicMail>
								</cac:Contact>
							</efac:Company>
						</efac:Organization>
					</efac:Organizations>
				</efext:EformsExtension>
			</ext:ExtensionContent>
		</ext:UBLExtension>
	</ext:UBLExtensions>
	<cbc:UBLVersionID>2.3</cbc:UBLVersionID>
	<cbc:CustomizationID>eforms-sdk-1.10</cbc:CustomizationID>
	<cbc:ID schemeName="notice-id">3f60af90-c612-40bd-9943-866fe3ae21b4</cbc:ID>
	<cbc:IssueDate>2020-12-07+01:00</cbc:IssueDate>
	<cbc:IssueTime>12:35:04+01:00</cbc:IssueTime>
	<cbc:VersionID>01</cbc:VersionID>
	<cbc:PlannedDate>2021-05-07+02:00</cbc:PlannedDate>
	<cbc:RegulatoryDomain>32009L0081</cbc:RegulatoryDomain>
	<cbc:NoticeTypeCode listName="planning">pin-only</cbc:NoticeTypeCode>
	<cbc:NoticeLanguageCode>FRA</cbc:NoticeLanguageCode>
	<cac:ContractingParty>
		<cbc:BuyerProfileURI>http://www.ixarm.com/fr/node/861985/</cbc:BuyerProfileURI>
		<cac:ContractingPartyType>
			<cbc:PartyTypeCode listName="buyer-legal-type">def-cont</cbc:PartyTypeCode>
		</cac:ContractingPartyType>
		<cac:ContractingPartyType>
			<cbc:PartyTypeCode listName="buyer-contracting-type">not-cont-ent</cbc:PartyTypeCode>
		</cac:ContractingPartyType>
		<cac:ContractingActivity>
			<cbc:ActivityTypeCode listName="authority-activity">defence</cbc:ActivityTypeCode>
		</cac:ContractingActivity>
		<cac:Party>
			<cac:PartyIdentification>
				<cbc:ID schemeName="organization">ORG-0001</cbc:ID>
			</cac:PartyIdentification>
			<cac:ServiceProviderParty>
				<cbc:ServiceTypeCode listName="organisation=role">ted-esen</cbc:ServiceTypeCode>
				<cac:Party>
					<cac:PartyIdentification>
						<cbc:ID schemeName="organization">ORG-0002</cbc:ID>
					</cac:PartyIdentification>
				</cac:Party>
			</cac:ServiceProviderParty>
		</cac:Party>
	</cac:ContractingParty>
	<cac:ProcurementProject>
		<!--<cbc:ID>700032337</cbc:ID>-->
		<cbc:Name languageID="FRA">Demande d'informations nº DI 123/DSSFT ayant pour objet le recueil d'informations sur les solutions industrielles dans le domaine des recycleurs de plongée destinés à la guerre des mines</cbc:Name>
		<cbc:Description languageID="FRA">
Dans le cadre de l'approvisionnement en matériel de plongée pour les armées françaises, le SSF souhaite approfondir sa connaissance de l'offre industrielle en matière de recycleurs destinés à la guerre des mines.
Cette Demande d'informations (DI) vise à identifier et évaluer les solutions possibles, sous les angles techniques et financiers.
Elle ne constitue pas une consultation liée à un marché public, ni un acte d'achat, ni un quelconque engagement de l'administration à lancer ultérieurement une opération sur le même objet. Le dossier de consultation complet incluant modalités de réponse est consultable sur le site https://www.ixarm.com/fr/node/861985 (RFI nº 123).
		</cbc:Description>
		<cbc:ProcurementTypeCode listName="contract-nature">supplies</cbc:ProcurementTypeCode>
		<cac:MainCommodityClassification>
			<cbc:ItemClassificationCode listName="cpv">35520000</cbc:ItemClassificationCode>
		</cac:MainCommodityClassification>
		<!--added data-->
		<cac:RealizedLocation>
			<cac:Address>
				<cbc:Region>anyw-cou</cbc:Region>
				<cac:Country>
					<cbc:IdentificationCode listName="country">FRA</cbc:IdentificationCode>
				</cac:Country>
			</cac:Address>
		</cac:RealizedLocation>
	</cac:ProcurementProject>
	<cac:ProcurementProjectLot>
		<cbc:ID schemeName="Part">PAR-0000</cbc:ID>
		<cac:TenderingTerms>
			<cac:FiscalLegislationDocumentReference>
				<cbc:ID>ID1</cbc:ID>
				<cac:IssuerParty>
					<cac:PartyIdentification>
						<cbc:ID schemeName="organization">ORG-0001</cbc:ID>
					</cac:PartyIdentification>
				</cac:IssuerParty>
			</cac:FiscalLegislationDocumentReference>
			<cac:EnvironmentalLegislationDocumentReference>
				<cbc:ID>ID2</cbc:ID>
				<cac:IssuerParty>
					<cac:PartyIdentification>
						<cbc:ID schemeName="organization">ORG-0001</cbc:ID>
					</cac:PartyIdentification>
				</cac:IssuerParty>
			</cac:EnvironmentalLegislationDocumentReference>
			<cac:EmploymentLegislationDocumentReference>
				<cbc:ID>ID3</cbc:ID>
				<cac:IssuerParty>
					<cac:PartyIdentification>
						<cbc:ID schemeName="organization">ORG-0001</cbc:ID>
					</cac:PartyIdentification>
				</cac:IssuerParty>
			</cac:EmploymentLegislationDocumentReference>
			<cac:AdditionalInformationParty>
				<cac:PartyIdentification>
					<cbc:ID schemeName="organization">ORG-0001</cbc:ID>
				</cac:PartyIdentification>
			</cac:AdditionalInformationParty>
			<cac:AppealTerms>
				<cac:AppealReceiverParty>
					<cac:PartyIdentification>
						<cbc:ID schemeName="organization">ORG-0001</cbc:ID>
					</cac:PartyIdentification>
				</cac:AppealReceiverParty>
				<cac:MediationParty>
					<cac:PartyIdentification>
						<cbc:ID schemeName="organization">ORG-0001</cbc:ID>
					</cac:PartyIdentification>
				</cac:MediationParty>
			</cac:AppealTerms>
		</cac:TenderingTerms>
		<cac:TenderingProcess>
			<cac:ContractingSystem>
				<cbc:ContractingSystemTypeCode listName="framework-agreement">none</cbc:ContractingSystemTypeCode>
			</cac:ContractingSystem>
		</cac:TenderingProcess>
		<cac:ProcurementProject>
			<cbc:Name languageID="FRA">Demande d'informations nº DI 123/DSSFT ayant pour objet le recueil d'informations sur les solutions industrielles dans le domaine des recycleurs de plongée destinés à la guerre des mines</cbc:Name>
			<cbc:Description languageID="FRA">
Dans le cadre de l'approvisionnement en matériel de plongée pour les armées françaises, le SSF souhaite approfondir sa connaissance de l'offre industrielle en matière de recycleurs destinés à la guerre des mines.
Cette Demande d'informations (DI) vise à identifier et évaluer les solutions possibles, sous les angles techniques et financiers.
Elle ne constitue pas une consultation liée à un marché public, ni un acte d'achat, ni un quelconque engagement de l'administration à lancer ultérieurement une opération sur le même objet. Le dossier de consultation complet incluant modalités de réponse est consultable sur le site https://www.ixarm.com/fr/node/861985 (RFI nº 123).
			</cbc:Description>
			<cbc:ProcurementTypeCode listName="contract-nature">supplies</cbc:ProcurementTypeCode>
			<cac:MainCommodityClassification>
				<cbc:ItemClassificationCode listName="cpv">35520000</cbc:ItemClassificationCode>
			</cac:MainCommodityClassification>
			<cac:RealizedLocation>
				<cac:Address>
					<cbc:Region>anyw-cou</cbc:Region>
					<cac:Country>
						<cbc:IdentificationCode listName="country">FRA</cbc:IdentificationCode>
					</cac:Country>
				</cac:Address>
			</cac:RealizedLocation>
		</cac:ProcurementProject>
	</cac:ProcurementProjectLot>
</PriorInformationNotice>
