<?xml version="1.0"?>
<!-- Currently filled in with fake values.
	 The legal basis is the Financial Regulation for the EU budget, so only applicable to EU institutions.
-->
<PriorInformationNotice xmlns="urn:oasis:names:specification:ubl:schema:xsd:PriorInformationNotice-2" xmlns:ext="urn:oasis:names:specification:ubl:schema:xsd:CommonExtensionComponents-2" xmlns:cbc="urn:oasis:names:specification:ubl:schema:xsd:CommonBasicComponents-2" xmlns:efext="http://data.europa.eu/p27/eforms-ubl-extensions/1" xmlns:efbc="http://data.europa.eu/p27/eforms-ubl-extension-basic-components/1" xmlns:efac="http://data.europa.eu/p27/eforms-ubl-extension-aggregate-components/1" xmlns:cac="urn:oasis:names:specification:ubl:schema:xsd:CommonAggregateComponents-2" xmlns:xsi="http://www.w3.org/2001/XMLSchema-instance">
	<ext:UBLExtensions>
		<ext:UBLExtension>
			<ext:ExtensionContent>
				<efext:EformsExtension>
					<efac:NoticeSubType>
						<cbc:SubTypeCode listName="notice-subtype">4</cbc:SubTypeCode>
					</efac:NoticeSubType>
					<efac:Organizations>
						<efac:Organization>
							<efac:Company>
								<cbc:WebsiteURI>https://www.partywebsiteuri1234.com</cbc:WebsiteURI>
								<cbc:EndpointID>https://endpointuri1234.com</cbc:EndpointID>
								<cac:PartyIdentification>
									<cbc:ID schemeName="organization">ORG-0001</cbc:ID>
								</cac:PartyIdentification>
								<cac:PartyName>
									<cbc:Name languageID="ENG">PartyName1234</cbc:Name>
								</cac:PartyName>
								<cac:PostalAddress>
									<cbc:StreetName>PartyNameStreetName1234</cbc:StreetName>
									<cbc:CityName>City1234</cbc:CityName>
									<cbc:PostalZone>ABC123</cbc:PostalZone>
									<cbc:CountrySubentityCode listName="nuts">DE113</cbc:CountrySubentityCode>
									<cac:Country>
										<cbc:IdentificationCode listName="country">DEU</cbc:IdentificationCode>
									</cac:Country>
								</cac:PostalAddress>
								<cac:PartyLegalEntity>
									<cbc:CompanyID>PartyLegalEntityCID1234</cbc:CompanyID>
								</cac:PartyLegalEntity>
								<cac:PartyLegalEntity>
									<cbc:CompanyID>OtherID 9876</cbc:CompanyID>
								</cac:PartyLegalEntity>
								<cac:Contact>
									<cbc:Name>Contactname1234</cbc:Name>
									<cbc:Telephone>123456789</cbc:Telephone>
									<cbc:Telefax>1234567899</cbc:Telefax>
									<cbc:ElectronicMail>contact@example.com</cbc:ElectronicMail>
								</cac:Contact>
							</efac:Company>
						</efac:Organization>
						<efac:Organization>
							<efac:Company>
								<cbc:WebsiteURI>https://appeal-example.com</cbc:WebsiteURI>
								<cac:PartyIdentification>
									<cbc:ID schemeName="organization">ORG-0002</cbc:ID>
								</cac:PartyIdentification>
								<cac:PartyName>
									<cbc:Name languageID="ENG">AppealReceiverParty Name</cbc:Name>
								</cac:PartyName>
								<cac:PostalAddress>
									<cbc:StreetName>Some street</cbc:StreetName>
									<cbc:CityName>AppealCity</cbc:CityName>
									<cbc:PostalZone>12354</cbc:PostalZone>
									<cbc:CountrySubentityCode listName="nuts">DE113</cbc:CountrySubentityCode>
									<cac:Country>
										<cbc:IdentificationCode listName="country">DEU</cbc:IdentificationCode>
									</cac:Country>
								</cac:PostalAddress>
								<cac:PartyLegalEntity>
									<cbc:CompanyID>123 456 789</cbc:CompanyID>
								</cac:PartyLegalEntity>
								<cac:Contact>
									<cbc:Telephone>123456789</cbc:Telephone>
									<cbc:Telefax>1234567899</cbc:Telefax>
									<cbc:ElectronicMail>contact@example.com</cbc:ElectronicMail>
								</cac:Contact>
							</efac:Company>
						</efac:Organization>
						<efac:Organization>
							<efac:Company>
								<cbc:WebsiteURI>https://esendercorp.eu</cbc:WebsiteURI>
								<cac:PartyIdentification>
									<cbc:ID schemeName="organization">ORG-0003</cbc:ID>
								</cac:PartyIdentification>
								<cac:PartyName>
									<cbc:Name languageID="ENG">eSendCorp</cbc:Name>
								</cac:PartyName>
								<cac:PostalAddress>
									<cbc:CityName>Luxembourg</cbc:CityName>
									<cbc:PostalZone>2985</cbc:PostalZone>
									<cbc:CountrySubentityCode listName="nuts">LU000</cbc:CountrySubentityCode>
									<cac:Country>
										<cbc:IdentificationCode listName="country">LUX</cbc:IdentificationCode>
									</cac:Country>
								</cac:PostalAddress>
								<cac:PartyLegalEntity>
									<cbc:CompanyID>111 222 333</cbc:CompanyID>
								</cac:PartyLegalEntity>
								<cac:Contact>
									<cbc:Telephone>+352 123456789</cbc:Telephone>
									<cbc:Telefax>+352 1234567899</cbc:Telefax>
									<cbc:ElectronicMail>esender@example.com</cbc:ElectronicMail>
								</cac:Contact>
							</efac:Company>
						</efac:Organization>
					</efac:Organizations>
				</efext:EformsExtension>
			</ext:ExtensionContent>
		</ext:UBLExtension>
	</ext:UBLExtensions>
	<cbc:UBLVersionID>2.3</cbc:UBLVersionID>
	<cbc:CustomizationID>eforms-sdk-1.10</cbc:CustomizationID>
	<cbc:ID schemeName="notice-id">10579b4a-9769-490e-94a1-c4327285487c</cbc:ID>
	<cbc:IssueDate>2020-05-05+01:00</cbc:IssueDate>
	<cbc:IssueTime>12:00:00+01:00</cbc:IssueTime>
	<cbc:VersionID>01</cbc:VersionID>
	<cbc:PlannedDate>2020-12-31+01:00</cbc:PlannedDate>
	<cbc:RegulatoryDomain>32018R1046</cbc:RegulatoryDomain>
	<cbc:NoticeTypeCode listName="planning">pin-only</cbc:NoticeTypeCode>
	<cbc:NoticeLanguageCode>ENG</cbc:NoticeLanguageCode>
	<cac:ContractingParty>
		<cac:ContractingPartyType>
			<cbc:PartyTypeCode listName="buyer-legal-type">eu-ins-bod-ag</cbc:PartyTypeCode>
		</cac:ContractingPartyType>
		<cac:ContractingActivity>
			<cbc:ActivityTypeCode listName="authority-activity">gen-pub</cbc:ActivityTypeCode>
		</cac:ContractingActivity>
		<cac:Party>
			<cac:PartyIdentification>
				<cbc:ID schemeName="organization">ORG-0001</cbc:ID>
			</cac:PartyIdentification>
			<cac:ServiceProviderParty>
				<cbc:ServiceTypeCode listName="organisation-role">ted-esen</cbc:ServiceTypeCode>
				<cac:Party>
					<cac:PartyIdentification>
						<cbc:ID schemeName="organization">ORG-0003</cbc:ID>
					</cac:PartyIdentification>
				</cac:Party>
			</cac:ServiceProviderParty>
		</cac:Party>
	</cac:ContractingParty>
	<cac:ProcurementProject>
		<cbc:ID>ProPrID1234</cbc:ID>
		<cbc:Name languageID="ENG">ProPrName1234</cbc:Name>
		<cbc:Description languageID="ENG">PrPrDescblabla</cbc:Description>
		<cbc:ProcurementTypeCode listName="contract-nature">services</cbc:ProcurementTypeCode>
		<cbc:Note languageID="ENG">Noteblablabla</cbc:Note>
		<cbc:SMESuitableIndicator>true</cbc:SMESuitableIndicator>
		<cac:RequestedTenderTotal>
			<cbc:EstimatedOverallContractAmount currencyID="EUR">100000</cbc:EstimatedOverallContractAmount>
		</cac:RequestedTenderTotal>
		<cac:MainCommodityClassification>
			<cbc:ItemClassificationCode listName="cpv">72000000</cbc:ItemClassificationCode>
		</cac:MainCommodityClassification>
		<cac:RealizedLocation>
			<cbc:Description languageID="ENG">RealizedLocDesc1234</cbc:Description>
			<cac:Address>
				<cbc:StreetName>RealizedLocStreet1234</cbc:StreetName>
				<cbc:CityName>RealizedLocCity1234</cbc:CityName>
				<cbc:PostalZone>RealizedLocPostalZone1234</cbc:PostalZone>
				<cbc:CountrySubentityCode listName="nuts">DE123</cbc:CountrySubentityCode>
				<cac:Country>
					<cbc:IdentificationCode listName="country">DEU</cbc:IdentificationCode>
				</cac:Country>
			</cac:Address>
		</cac:RealizedLocation>
	</cac:ProcurementProject>
	<cac:ProcurementProjectLot>
		<cbc:ID schemeName="Part">PAR-0000</cbc:ID>
		<cac:TenderingTerms>
			<cac:AdditionalInformationParty>
				<cac:PartyIdentification>
					<cbc:ID schemeName="organization">ORG-0001</cbc:ID>
				</cac:PartyIdentification>
			</cac:AdditionalInformationParty>
			<cac:TenderRecipientParty>
				<cac:PartyIdentification>
					<cbc:ID schemeName="organization">ORG-0001</cbc:ID>
				</cac:PartyIdentification>
			</cac:TenderRecipientParty>
			<cac:AppealTerms>
				<cac:AppealInformationParty>
					<cac:PartyIdentification>
						<cbc:ID schemeName="organization">ORG-0001</cbc:ID>
					</cac:PartyIdentification>
				</cac:AppealInformationParty>
				<cac:AppealReceiverParty>
					<cac:PartyIdentification>
						<cbc:ID schemeName="organization">ORG-0002</cbc:ID>
					</cac:PartyIdentification>
				</cac:AppealReceiverParty>
				<cac:MediationParty>
					<cac:PartyIdentification>
						<cbc:ID schemeName="organization">ORG-0002</cbc:ID>
					</cac:PartyIdentification>
				</cac:MediationParty>
			</cac:AppealTerms>
		</cac:TenderingTerms>
		<cac:ProcurementProject>
			<cbc:Name languageID="ENG">ProPrName1234-1</cbc:Name>
			<cbc:Description languageID="ENG">PrPrDescblabla</cbc:Description>
			<cbc:ProcurementTypeCode listName="contract-nature">services</cbc:ProcurementTypeCode>
			<cac:MainCommodityClassification>
				<cbc:ItemClassificationCode listName="cpv">50000000</cbc:ItemClassificationCode>
			</cac:MainCommodityClassification>		
			<cac:RealizedLocation>
				<cbc:Description languageID="ENG">RealizedLocDesc1234</cbc:Description>
				<cac:Address>
					<cbc:StreetName>RealizedLocStreet1234</cbc:StreetName>
					<cbc:CityName>RealizedLocCity1234</cbc:CityName>
					<cbc:PostalZone>RealizedLocPostalZone1234</cbc:PostalZone>
					<cbc:CountrySubentityCode listName="nuts">DE123</cbc:CountrySubentityCode>
					<cac:Country>
						<cbc:IdentificationCode listName="country">DEU</cbc:IdentificationCode>
					</cac:Country>
				</cac:Address>
			</cac:RealizedLocation>
		</cac:ProcurementProject>
	</cac:ProcurementProjectLot>
</PriorInformationNotice>
