<?xml version="1.0" encoding="utf-8" standalone="no"?>
<Invoice xmlns="urn:oasis:names:specification:ubl:schema:xsd:Invoice-2" xmlns:cac="urn:oasis:names:specification:ubl:schema:xsd:CommonAggregateComponents-2" xmlns:cbc="urn:oasis:names:specification:ubl:schema:xsd:CommonBasicComponents-2" xmlns:ext="urn:oasis:names:specification:ubl:schema:xsd:CommonExtensionComponents-2" xmlns:sts="dian:gov:co:facturaelectronica:Structures-2-1" xmlns:xades="http://uri.etsi.org/01903/v1.3.2#" xmlns:xades141="http://uri.etsi.org/01903/v1.4.1#" xmlns:ds="http://www.w3.org/2000/09/xmldsig#" xmlns:xsi="http://www.w3.org/2001/XMLSchema-instance" xsi:schemaLocation="urn:oasis:names:specification:ubl:schema:xsd:Invoice-2     http://docs.oasis-open.org/ubl/os-UBL-2.1/xsd/maindoc/UBL-Invoice-2.1.xsd">
	<ext:UBLExtensions>
		<ext:UBLExtension>
			<ext:ExtensionContent>
				<sts:DianExtensions>
					<sts:InvoiceControl>
						<sts:InvoiceAuthorization>18760000001</sts:InvoiceAuthorization>
						<sts:AuthorizationPeriod>
							<cbc:StartDate>2019-01-19</cbc:StartDate>
							<cbc:EndDate>2030-01-19</cbc:EndDate>
						</sts:AuthorizationPeriod>
						<sts:AuthorizedInvoices>
							<sts:Prefix>SETG</sts:Prefix>
							<sts:From>980000000</sts:From>
							<sts:To>985000000</sts:To>
						</sts:AuthorizedInvoices>
					</sts:InvoiceControl>
					<sts:InvoiceSource>
						<cbc:IdentificationCode listAgencyID="6" listAgencyName="United Nations Economic Commission for Europe" listSchemeURI="urn:oasis:names:specification:ubl:codelist:gc:CountryIdentificationCode-2.1">CO</cbc:IdentificationCode>
					</sts:InvoiceSource>
					<sts:SoftwareProvider>
						<sts:ProviderID schemeID="4" schemeName="31" schemeAgencyID="195" schemeAgencyName="CO, DIAN (Dirección de Impuestos y Aduanas Nacionales)">800197268</sts:ProviderID>
						<sts:SoftwareID schemeAgencyID="195" schemeAgencyName="CO, DIAN (Dirección de Impuestos y Aduanas Nacionales)">fa326ca7-c1f8-40d3-a6fc-24d7c1040607</sts:SoftwareID>
					</sts:SoftwareProvider>
					<sts:SoftwareSecurityCode schemeAgencyID="195" schemeAgencyName="CO, DIAN (Dirección de Impuestos y Aduanas Nacionales)">bc2bfb5f5981c2baa459f09cdb986cfe67843db593f541f0683a54023d5e0eccacb4a5bb1f9654e8456741d3b3290f52</sts:SoftwareSecurityCode>
					<sts:AuthorizationProvider>
						<sts:AuthorizationProviderID schemeID="4" schemeName="31" schemeAgencyID="195" schemeAgencyName="CO, DIAN (Dirección de Impuestos y Aduanas Nacionales)">800197268</sts:AuthorizationProviderID>
					</sts:AuthorizationProvider>
					<sts:QRCode>https://gtpa-web-prototype-test.azurewebsites.net/document/searchqr?documentkey=6674b21dc2a89d0923493bb09bd61b0e2b23ee9764f399cd20a07c1325eb0744bf202e880587751bc6490f77eada3cb9</sts:QRCode>
				</sts:DianExtensions>
			</ext:ExtensionContent>
		</ext:UBLExtension>
		<ext:UBLExtension>
			<ext:ExtensionContent>
				<DebidaDiligencia>
					<Name>Cod_Diligencia</Name>
					<Value>01</Value> <!--Debe corresponder a un valor de la tabla correspondiente del campo codigo -->
				</DebidaDiligencia>
			</ext:ExtensionContent>
		</ext:UBLExtension>
	</ext:UBLExtensions>
	<cbc:UBLVersionID>UBL 2.1</cbc:UBLVersionID>
	<cbc:CustomizationID>15</cbc:CustomizationID> <!--Modo operacion puede ser 15 o 16 para compra y venta de divisas-->
	<cbc:ProfileID>DIAN 2.1: Factura Electrónica de Venta</cbc:ProfileID>
	<cbc:ProfileExecutionID>2</cbc:ProfileExecutionID>
	<cbc:ID>SETG980000007</cbc:ID>
	<cbc:UUID schemeID="2" schemeName="CUDE-SHA384">40223e2f1e27b005e4ef0c909ccaa4ecc4813cc6f6543a12325d8f885ceb671d62c79fe19839e38e4e48529dcab0647d</cbc:UUID>
	<cbc:IssueDate>2023-06-20</cbc:IssueDate>
	<cbc:IssueTime>18:04:10-05:00</cbc:IssueTime>
	<cbc:DueDate>2023-06-30</cbc:DueDate>
	<cbc:InvoiceTypeCode>03</cbc:InvoiceTypeCode>
	<cbc:Note>Linea de negocio: </cbc:Note>
	<cbc:DocumentCurrencyCode listID="ISO 4217 Alpha" listAgencyID="6" listAgencyName="United Nations Economic Commission for Europe">COP</cbc:DocumentCurrencyCode>
	<cbc:LineCountNumeric>2</cbc:LineCountNumeric>
	<cac:OrderReference>
	    <cbc:ID>0001</cbc:ID>
		<cbc:IssueDate>2023-06-20</cbc:IssueDate>
	</cac:OrderReference>
	<cac:AccountingSupplierParty>
		<cbc:AdditionalAccountID>1</cbc:AdditionalAccountID>
		<cac:Party>
			<cbc:IndustryClassificationCode>0121</cbc:IndustryClassificationCode>
			<cac:PartyName>
				<cbc:Name>PRUEBAS PILOTO III-2021</cbc:Name>
			</cac:PartyName>
			<cac:PhysicalLocation>
				<cac:Address>
					<cbc:ID>11001</cbc:ID>
					<cbc:CityName>Bogotá, D.c. </cbc:CityName>
					<cbc:PostalZone>110521</cbc:PostalZone>
					<cbc:CountrySubentity>Bogotá</cbc:CountrySubentity>
					<cbc:CountrySubentityCode>11</cbc:CountrySubentityCode>
					<cac:AddressLine>
						<cbc:Line>ED SENDAS</cbc:Line>
					</cac:AddressLine>
					<cac:Country>
						<cbc:IdentificationCode>CO</cbc:IdentificationCode>
						<cbc:Name languageID="es">Colombia</cbc:Name>
					</cac:Country>
				</cac:Address>
			</cac:PhysicalLocation>
			<cac:PartyTaxScheme>
				<cbc:RegistrationName>PRUEBAS PILOTO III-2021</cbc:RegistrationName>
				<cbc:CompanyID schemeID="3" schemeName="31" schemeAgencyID="195" schemeAgencyName="CO, DIAN (Dirección de Impuestos y Aduanas Nacionales)">900374636</cbc:CompanyID>
				<cbc:TaxLevelCode listName="">R-99-PN</cbc:TaxLevelCode>
				<cac:RegistrationAddress>
					<cbc:ID>11001</cbc:ID>
					<cbc:CityName>Bogotá, D.c. </cbc:CityName>
					<cbc:PostalZone>110111</cbc:PostalZone>
					<cbc:CountrySubentity>Bogotá</cbc:CountrySubentity>
					<cbc:CountrySubentityCode>11</cbc:CountrySubentityCode>
					<cac:AddressLine>
						<cbc:Line>ED SENDAS</cbc:Line>
					</cac:AddressLine>
					<cac:Country>
						<cbc:IdentificationCode>CO</cbc:IdentificationCode>
						<cbc:Name languageID="es">Colombia</cbc:Name>
					</cac:Country>
				</cac:RegistrationAddress>
				<cac:TaxScheme>
					<cbc:ID>01</cbc:ID>
					<cbc:Name>IVA</cbc:Name>
				</cac:TaxScheme>
			</cac:PartyTaxScheme>
			<cac:PartyLegalEntity>
				<cbc:RegistrationName>PRUEBAS PILOTO III-2021</cbc:RegistrationName>
				<cbc:CompanyID schemeID="3" schemeName="31" schemeAgencyID="195" schemeAgencyName="CO, DIAN (Dirección de Impuestos y Aduanas Nacionales)">900374636</cbc:CompanyID>
				<cac:CorporateRegistrationScheme>
					<cbc:ID>SETG</cbc:ID>
				</cac:CorporateRegistrationScheme>
			</cac:PartyLegalEntity>
			<cac:Contact>
				<cbc:Telephone>7450999</cbc:Telephone>
				<cbc:ElectronicMail>lcanono@dian.gov.co</cbc:ElectronicMail>
			</cac:Contact>
		</cac:Party>
	</cac:AccountingSupplierParty>
	<cac:AccountingCustomerParty>
		<cbc:AdditionalAccountID>1</cbc:AdditionalAccountID>
		<cac:Party>
			<cac:PartyName>
				<cbc:Name>PRUEBAS2</cbc:Name>
			</cac:PartyName>
			<cac:PhysicalLocation>
				<cac:Address>
					<cbc:ID>11001</cbc:ID>
					<cbc:CityName>Bogotá, D.c. </cbc:CityName>
					<cbc:PostalZone>110111</cbc:PostalZone>
					<cbc:CountrySubentity>Bogotá</cbc:CountrySubentity>
					<cbc:CountrySubentityCode>11</cbc:CountrySubentityCode>
					<cac:AddressLine>
						<cbc:Line>Cra 6 # 15 - 32</cbc:Line>
					</cac:AddressLine>
					<cac:Country>
						<cbc:IdentificationCode>CO</cbc:IdentificationCode>
						<cbc:Name languageID="es">Colombia</cbc:Name>
					</cac:Country>
				</cac:Address>
			</cac:PhysicalLocation>
			<cac:PartyTaxScheme>
				<cbc:RegistrationName>PRUEBAS2</cbc:RegistrationName>
				<cbc:CompanyID schemeID="9" schemeName="31" schemeAgencyID="195" schemeAgencyName="CO, DIAN (Dirección de Impuestos y Aduanas Nacionales)">900374634</cbc:CompanyID>
				<cbc:TaxLevelCode listName="">O-13</cbc:TaxLevelCode>
				<cac:RegistrationAddress>
					<cbc:ID>11001</cbc:ID>
					<cbc:CityName>Bogotá, D.c. </cbc:CityName>
					<cbc:PostalZone>110111</cbc:PostalZone>
					<cbc:CountrySubentity>Bogotá</cbc:CountrySubentity>
					<cbc:CountrySubentityCode>11</cbc:CountrySubentityCode>
					<cac:AddressLine>
						<cbc:Line>Cra 6 # 15 - 32</cbc:Line>
					</cac:AddressLine>
					<cac:Country>
						<cbc:IdentificationCode>CO</cbc:IdentificationCode>
						<cbc:Name languageID="es">Colombia</cbc:Name>
					</cac:Country>
				</cac:RegistrationAddress>
				<cac:TaxScheme>
					<cbc:ID>01</cbc:ID>
					<cbc:Name>IVA</cbc:Name>
				</cac:TaxScheme>
			</cac:PartyTaxScheme>
			<cac:PartyLegalEntity>
				<cbc:RegistrationName>PRUEBAS2</cbc:RegistrationName>
				<cbc:CompanyID schemeID="9" schemeName="31" schemeAgencyID="195" schemeAgencyName="CO, DIAN (Dirección de Impuestos y Aduanas Nacionales)">900374634</cbc:CompanyID>
			</cac:PartyLegalEntity>
			<cac:Contact>
				<cbc:Telephone>222222222</cbc:Telephone>
				<cbc:ElectronicMail>lcanono@dian.gov.co</cbc:ElectronicMail>
			</cac:Contact>
		</cac:Party>
	</cac:AccountingCustomerParty>
	<cac:Delivery>
		<cbc:ActualDeliveryDate>2022-02-15</cbc:ActualDeliveryDate>
		<cac:DeliveryAddress>
			<cbc:ID>11001</cbc:ID>
			<cbc:CityName>Bogotá, D.c. </cbc:CityName>
			<cbc:PostalZone>110111</cbc:PostalZone>
			<cbc:CountrySubentity>Bogotá, D.c. </cbc:CountrySubentity>
			<cbc:CountrySubentityCode>11</cbc:CountrySubentityCode>
			<cac:AddressLine>
				<cbc:Line>Cra 6 # 15 - 32</cbc:Line>
			</cac:AddressLine>
			<cac:Country>
				<cbc:IdentificationCode>CO</cbc:IdentificationCode>
				<cbc:Name languageID="es">Colombia</cbc:Name>
			</cac:Country>
		</cac:DeliveryAddress>
	</cac:Delivery>
	<cac:PaymentMeans>
		<cbc:ID>1</cbc:ID>
		<cbc:PaymentMeansCode>21</cbc:PaymentMeansCode>
		<cbc:PaymentDueDate>2022-02-15</cbc:PaymentDueDate>
	</cac:PaymentMeans>
	<cac:PrepaidPayment>
		<cbc:ID />
		<cbc:PaidAmount currencyID="COP">0</cbc:PaidAmount>
	</cac:PrepaidPayment>
	<cac:TaxTotal>
		<cbc:TaxAmount currencyID="COP">380000.00</cbc:TaxAmount>
		<cac:TaxSubtotal>
			<cbc:TaxableAmount currencyID="COP">2000000.00</cbc:TaxableAmount>
			<cbc:TaxAmount currencyID="COP">380000.00</cbc:TaxAmount>
			<cac:TaxCategory>
				<cbc:Percent>19.00</cbc:Percent>
				<cac:TaxScheme>
					<cbc:ID>01</cbc:ID>
					<cbc:Name>IVA</cbc:Name>
				</cac:TaxScheme>
			</cac:TaxCategory>
		</cac:TaxSubtotal>
	</cac:TaxTotal>
	<cac:LegalMonetaryTotal>
		<cbc:LineExtensionAmount currencyID="COP">2020000.00</cbc:LineExtensionAmount>
		<cbc:TaxExclusiveAmount currencyID="COP">2000000.00</cbc:TaxExclusiveAmount>
		<cbc:TaxInclusiveAmount currencyID="COP">2400000.00</cbc:TaxInclusiveAmount>
		<cbc:PrepaidAmount currencyID="COP">0.00</cbc:PrepaidAmount>
		<cbc:PayableAmount currencyID="COP">2400000.00</cbc:PayableAmount>
	</cac:LegalMonetaryTotal>
	<cac:InvoiceLine>
		<cbc:ID schemeID="1">1</cbc:ID>
		<cbc:InvoicedQuantity unitCode="KGM">10.00</cbc:InvoicedQuantity>
		<cbc:LineExtensionAmount currencyID="COP">2000000.00</cbc:LineExtensionAmount>
		<cbc:FreeOfChargeIndicator>false</cbc:FreeOfChargeIndicator>
		<cac:TaxTotal>
			<cbc:TaxAmount currencyID="COP">380000.00</cbc:TaxAmount>
			<cac:TaxSubtotal>
				<cbc:TaxableAmount currencyID="COP">2000000.00</cbc:TaxableAmount>
				<cbc:TaxAmount currencyID="COP">380000.00</cbc:TaxAmount>
				<cac:TaxCategory>
					<cbc:Percent>19.00</cbc:Percent>
					<cac:TaxScheme>
						<cbc:ID>01</cbc:ID>
						<cbc:Name>IVA</cbc:Name>
					</cac:TaxScheme>
				</cac:TaxCategory>
			</cac:TaxSubtotal>
		</cac:TaxTotal>
		<cac:Item>
			<cbc:Description>Dolares</cbc:Description>
			<cac:StandardItemIdentification>
				<cbc:ID schemeID="001">18234000-8</cbc:ID>
			</cac:StandardItemIdentification>
		</cac:Item>
		<cac:Price>
			<cbc:PriceAmount currencyID="COP">200000.00</cbc:PriceAmount>
			<cbc:BaseQuantity unitCode="NIU">10.00</cbc:BaseQuantity>
		</cac:Price>
	</cac:InvoiceLine>
	<cac:InvoiceLine>
		<cbc:ID schemeID="0">2</cbc:ID>
		<cbc:InvoicedQuantity unitCode="NIU">1.00</cbc:InvoicedQuantity>
		<cbc:LineExtensionAmount currencyID="COP">20000.00</cbc:LineExtensionAmount>
		<cac:Item>
			<cbc:Description>Euros</cbc:Description>
			<cac:StandardItemIdentification>
				<cbc:ID schemeID="001">18234000-8</cbc:ID>
			</cac:StandardItemIdentification>
		</cac:Item>
		<cac:Price>
			<cbc:PriceAmount currencyID="COP">20000.00</cbc:PriceAmount>
			<cbc:BaseQuantity unitCode="NIU">1.00</cbc:BaseQuantity>
		</cac:Price>
	</cac:InvoiceLine>
</Invoice>