{
	"CA": {
		"efx": "{ND-Root} ${/BT-500-Organization-Company[(BT-500-Organization-Company/@languageID is not empty) and (OPT-200-Organization-Company == OPT-300-Procedure-Buyer)]}",
		"comment": "Buyer name"
	},
	"CN": {
		"efx": "{ND-Root, text:$vRES} ${/BT-150-Contract[OPT-316-Contract == OPT-315-LotResult[BT-13713-LotResult == '$vRES']]}",
		"comment": "List of 'Contract Identifier' of the result of a specific Result"
	},
	"CT": {
		"efx": "{ND-Root, text:$vRES} ${/BT-721-Contract[(BT-721-Contract/@languageID is not empty) and (OPT-316-Contract == OPT-315-LotResult [BT-13713-LotResult == '$vRES'])]}",
		"comment": "List of 'name of Contract' of the result of a specific result"
	},
	"Con_award_list": {
		"efx": "{ND-Root, text:$vRES} ${/OPT-310-Tender[(OPT-321-Tender == OPT-320-LotResult[BT-13713-LotResult == '$vRES']) and (OPT-321-Tender == BT-3202-Contract)]}",
		"comment": "Tendering Party ID Reference of a specific result"
	},
	"Con_award_names": {
		"efx": "{ND-Root, text:$vTPA} ${/BT-500-Organization-Company[(BT-500-Organization-Company/@languageID is not empty) and (OPT-200-Organization-Company == OPT-300-Tenderer[OPT-210-Tenderer == '$vTPA'])]}",
		"comment": "Contractor awarded (winning tenderer)"
	},
	"Currency": {
		"efx": "{ND-Root, text:$vRES, text:$vCON} ${/BT-720-Tender[(OPT-321-Tender == OPT-320-LotResult[BT-13714-Tender == '$vRES']) and (OPT-321-Tender == BT-3202-Contract[OPT-316-Contract == '$vCON' ])] /@currencyID}",
		"comment": "Currency"
	},
	"currency_backup": {
		"efx": "{ND-Root, text:$vRES} ${/BT-711-LotResult[BT-13713-LotResult == '$vRES']/@currencyID}",
		"comment": "Currency"
	},
	"FA_contracts": {
		"efx": "{ND-Root, text:$vRES} ${/OPT-315-LotResult[BT-13713-LotResult == '$vRES']}",
		"comment": "Contract Identifier Reference of a specific result"
	},
	"FA_indicator": {
		"efx": "{ND-Root, text:$vCON} ${/BT-768-Contract[OPT-316-Contract == '$vCON']}",
		"comment": "'Contract Framework Agreement' of a specific contract"
	},
	"HO": {
		"efx": "{ND-Root, text:$vRES}  ${/BT-711-LotResult[BT-13713-LotResult == '$vRES']}",
		"comment": "'Tender Value Highest' of a specific result"
	},
	"LO": {
		"efx": "{ND-Root, text:$vRES}  ${/BT-710-LotResult[BT-13713-LotResult == '$vRES']}",
		"comment": "'Tender Value Lowest' of a specific result"
	},
	"LOL": {
		"efx": "{ND-Root}  ${/BT-13713-LotResult[(BT-142-LotResult == 'selec-w') and (OPT-315-LotResult == OPT-315-LotResult)]}",
		"comment": "'Result Identifier'when winner was chosen "
	},
	"NO": {
		"efx": "{ND-Root, text:$vRES}  ${/BT-759-LotResult[(BT-13713-LotResult == '$vRES') and (BT-760-LotResult == 'tenders')]}",
		"comment": "'Received Submissions Count' of a specific result"
	},
	"PD": {
		"efx": "{ND-Root}  ${/OPP-012-notice}",
		"comment": "Publication date"
	},
	"PT": {
		"efx": "{ND-Root}  ${/BT-105-Procedure}",
		"comment": "Procedure Type"
	},
	"TN": {
		"efx": "{ND-Root}  ${/BT-21-Procedure[BT-21-Procedure/@languageID is not empty]}",
		"comment": "Procurement title"
	},
	"NoticePublicationID": {
		"efx": "{ND-Root}  ${/OPP-010-notice}",
		"comment": "Notice Publication Number"
	},
	"VC_Contract_ID": {
		"efx": "{ND-Root, text:$vRES}  ${/OPT-315-LotResult[BT-13713-LotResult == '$vRES']}",
		"comment": "'Contract Identifier Reference' of a specific result"
	},
	"VC_Tender_value": {
		"efx": "{ND-Root, text:$vRES,text:$vCON} ${/BT-720-Tender[(OPT-321-Tender == OPT-320-LotResult[BT-13714-Tender == '$vRES']) and (OPT-321-Tender == BT-3202-Contract[OPT-316-Contract == '$vCON'])]}",
		"comment": "'Tender Value' of a specific contract in a specific result"
	},
	"OL": {
		"efx": "{ND-Root}  ${value-union(/BT-702(a)-notice, /BT-702(b)-notice)}",
		"comment": "Notice Official Language"
	},
	"NoAward": {
		"efx": "{ND-Root}  ${/BT-13713-LotResult[(BT-142-LotResult == 'clos-nw') and (OPT-315-LotResult == OPT-315-LotResult )]}",
		"comment": "Result Lot Identifier'when no winner was chosen and the competition is closed"
	}
}