<?xml version="1.0" encoding="utf-8"?>
<!-- Change notice for cn_24_minimal, to void/cancel that notice.
-->
<ContractNotice xmlns:cac="urn:oasis:names:specification:ubl:schema:xsd:CommonAggregateComponents-2" xmlns:ext="urn:oasis:names:specification:ubl:schema:xsd:CommonExtensionComponents-2" xmlns="urn:oasis:names:specification:ubl:schema:xsd:ContractNotice-2" xmlns:cbc="urn:oasis:names:specification:ubl:schema:xsd:CommonBasicComponents-2" xmlns:efac="http://data.europa.eu/p27/eforms-ubl-extension-aggregate-components/1" xmlns:efext="http://data.europa.eu/p27/eforms-ubl-extensions/1" xmlns:efbc="http://data.europa.eu/p27/eforms-ubl-extension-basic-components/1" xmlns:xsi="http://www.w3.org/2001/XMLSchema-instance">
	<ext:UBLExtensions>
		<ext:UBLExtension>
			<ext:ExtensionContent>
				<efext:EformsExtension>
					<efac:Changes>
						<efbc:ChangedNoticeIdentifier>f42be27e-09cf-4f0e-a745-63ec689631e6-01</efbc:ChangedNoticeIdentifier>
						<efac:ChangeReason>
							<cbc:ReasonCode listName="change-corrig-justification">cancel</cbc:ReasonCode>
							<efbc:ReasonDescription languageID="ENG">We cancel because...</efbc:ReasonDescription>
						</efac:ChangeReason>
					</efac:Changes>
					<efac:NoticeSubType>
						<cbc:SubTypeCode listName="notice-subtype">16</cbc:SubTypeCode>
					</efac:NoticeSubType>
					<efac:Organizations>
						<efac:Organization>
							<efac:Company>
								<cac:PartyIdentification>
									<cbc:ID schemeName="organization">ORG-0001</cbc:ID>
								</cac:PartyIdentification>
								<cac:PartyName>
									<cbc:Name languageID="ENG">Publications Office of the European Union</cbc:Name>
								</cac:PartyName>
								<cac:PostalAddress>
									<cbc:CityName>Luxembourg</cbc:CityName>
									<cbc:PostalZone>2985</cbc:PostalZone>
									<cbc:CountrySubentityCode listName="nuts">LU000</cbc:CountrySubentityCode>
									<cac:Country>
										<cbc:IdentificationCode listName="country">LUX</cbc:IdentificationCode>
									</cac:Country>
								</cac:PostalAddress>
								<cac:PartyLegalEntity>
									<cbc:CompanyID>EU-PO</cbc:CompanyID>
								</cac:PartyLegalEntity>
								<cac:Contact>
									<cbc:Telephone>+352 292944331</cbc:Telephone>
									<cbc:ElectronicMail>op-appels-offres@publications.europa.eu</cbc:ElectronicMail>
								</cac:Contact>
							</efac:Company>
						</efac:Organization>
						<efac:Organization>
							<efac:Company>
								<cac:PartyIdentification>
									<cbc:ID schemeName="organization">ORG-0003</cbc:ID>
								</cac:PartyIdentification>
								<cac:PartyName>
									<cbc:Name languageID="ENG">General Court of the European Union</cbc:Name>
								</cac:PartyName>
								<cac:PostalAddress>
									<cbc:CityName>Luxembourg</cbc:CityName>
									<cbc:PostalZone>2985</cbc:PostalZone>
									<cbc:CountrySubentityCode listName="nuts">LU000</cbc:CountrySubentityCode>
									<cac:Country>
										<cbc:IdentificationCode listName="country">LUX</cbc:IdentificationCode>
									</cac:Country>
								</cac:PostalAddress>
								<cac:PartyLegalEntity>
									<cbc:CompanyID schemeName="eu">GCEU</cbc:CompanyID>
								</cac:PartyLegalEntity>
							</efac:Company>
						</efac:Organization>
					</efac:Organizations>
				</efext:EformsExtension>
			</ext:ExtensionContent>
		</ext:UBLExtension>
	</ext:UBLExtensions>
	<cbc:UBLVersionID>2.3</cbc:UBLVersionID>
	<cbc:CustomizationID>eforms-sdk-1.13</cbc:CustomizationID>
	<cbc:ID schemeName="notice-id">1d192942-a4a3-4833-8775-ca38f7ec09ca</cbc:ID>
	<cbc:ContractFolderID>4805c409-5939-4be9-8abd-837f7a5fee23</cbc:ContractFolderID>
	<cbc:IssueDate>2019-12-21+01:00</cbc:IssueDate>
	<cbc:IssueTime>12:00:00+01:00</cbc:IssueTime>
	<cbc:VersionID>01</cbc:VersionID>
	<cbc:RegulatoryDomain>32014L0024</cbc:RegulatoryDomain>
	<cbc:NoticeTypeCode listName="competition">cn-standard</cbc:NoticeTypeCode>
	<cbc:NoticeLanguageCode>ENG</cbc:NoticeLanguageCode>
	<cac:ContractingParty>
		<cac:ContractingPartyType>
			<cbc:PartyTypeCode listName="buyer-legal-type">eu-ins-bod-ag</cbc:PartyTypeCode>
		</cac:ContractingPartyType>
		<cac:ContractingActivity>
			<cbc:ActivityTypeCode listName="authority-activity">gen-pub</cbc:ActivityTypeCode>
		</cac:ContractingActivity>
		<cac:Party>
			<cac:PartyIdentification>
				<cbc:ID schemeName="organization">ORG-0001</cbc:ID>
			</cac:PartyIdentification>
		</cac:Party>
	</cac:ContractingParty>
	<cac:TenderingTerms>
		<cac:TendererQualificationRequest>
			<cac:SpecificTendererRequirement>
				<cbc:TendererRequirementTypeCode listName="exclusion-grounds-source">epo-procurement-document</cbc:TendererRequirementTypeCode>
			</cac:SpecificTendererRequirement>
		</cac:TendererQualificationRequest>
	</cac:TenderingTerms>
	<cac:TenderingProcess>
		<cbc:ProcedureCode listName="procurement-procedure-type">open</cbc:ProcedureCode>
		<cac:ProcessJustification>
			<cbc:ProcessReasonCode listName="accelerated-procedure">false</cbc:ProcessReasonCode>
		</cac:ProcessJustification>
	</cac:TenderingProcess>
	<cac:ProcurementProject>
		<cbc:Name languageID="ENG">Provision of IT Services Related to OP IT Systems (EUR-Lex, N-Lex, Search Layer, and Others)</cbc:Name>
		<cbc:Description languageID="ENG">Provision of IT services related to the information systems of the publications office (namely EUR-Lex, N-Lex, and Search Layer),
			with the possibility to extend the provision to other information systems.</cbc:Description>
		<cbc:ProcurementTypeCode listName="contract-nature">services</cbc:ProcurementTypeCode>
		<cac:MainCommodityClassification>
			<cbc:ItemClassificationCode listName="cpv">72230000</cbc:ItemClassificationCode>
		</cac:MainCommodityClassification>
		<cac:RealizedLocation>
			<cac:Address>
				<cbc:CountrySubentityCode listName="nuts">FRD22</cbc:CountrySubentityCode>
				<cac:Country>
					<cbc:IdentificationCode listName="country">FRA</cbc:IdentificationCode>
				</cac:Country>
			</cac:Address>
		</cac:RealizedLocation>
	</cac:ProcurementProject>
	<cac:ProcurementProjectLot>
		<cbc:ID schemeName="Lot">LOT-0000</cbc:ID>
		<cac:TenderingTerms>
			<cbc:VariantConstraintCode listName="permission">not-allowed</cbc:VariantConstraintCode>
			<cbc:FundingProgramCode listName="eu-funded">eu-funds</cbc:FundingProgramCode>
			<cac:CallForTendersDocumentReference>
				<cbc:ID>5629</cbc:ID>
				<cbc:DocumentType>restricted-document</cbc:DocumentType>
				<cac:Attachment>
					<cac:ExternalReference>
						<cbc:URI>https://etendering.ted.europa.eu/cft/cft-display.html?cftId=5629</cbc:URI>
					</cac:ExternalReference>
				</cac:Attachment>
			</cac:CallForTendersDocumentReference>
			<cac:TendererQualificationRequest>
				<cac:SpecificTendererRequirement>
					<cbc:TendererRequirementTypeCode listName="reserved-procurement">none</cbc:TendererRequirementTypeCode>
				</cac:SpecificTendererRequirement>
			</cac:TendererQualificationRequest>
			<cac:TendererQualificationRequest>
				<cac:SpecificTendererRequirement>
					<cbc:TendererRequirementTypeCode listName="selection-criteria-source">epo-procurement-document</cbc:TendererRequirementTypeCode>
				</cac:SpecificTendererRequirement>
			</cac:TendererQualificationRequest>
			<cac:ContractExecutionRequirement>
				<cbc:ExecutionRequirementCode listName="reserved-execution">no</cbc:ExecutionRequirementCode>
			</cac:ContractExecutionRequirement>
			<cac:ContractExecutionRequirement>
				<cbc:ExecutionRequirementCode listName="einvoicing">required</cbc:ExecutionRequirementCode>
			</cac:ContractExecutionRequirement>
			<cac:ContractExecutionRequirement>
				<cbc:ExecutionRequirementCode listName="ecatalog-submission">allowed</cbc:ExecutionRequirementCode>
			</cac:ContractExecutionRequirement>
			<cac:TenderRecipientParty>
				<cbc:EndpointID>https://etendering.ted.europa.eu/cft/cft-display.html?cftId=5629</cbc:EndpointID>
				<cac:PartyIdentification>
					<cbc:ID schemeName="organization">ORG-0001</cbc:ID>
				</cac:PartyIdentification>
			</cac:TenderRecipientParty>
			<cac:TenderValidityPeriod>
				<cbc:DurationMeasure unitCode="MONTH">6</cbc:DurationMeasure>
			</cac:TenderValidityPeriod>
			<cac:AppealTerms>
				<cac:PresentationPeriod>
					<cbc:Description languageID="ENG">Within 2 months of the notification to the plaintiff, or, in absence thereof, of the day on which it came to the knowledge of the plaintiff. A complaint to the European Ombudsman does not have as an effect either to suspend this period or to open a new period for lodging appeals.</cbc:Description>
				</cac:PresentationPeriod>
				<cac:AppealInformationParty>
					<cac:PartyIdentification>
						<cbc:ID schemeName="organization">ORG-0001</cbc:ID>
					</cac:PartyIdentification>
				</cac:AppealInformationParty>
				<cac:AppealReceiverParty>
					<cac:PartyIdentification>
						<cbc:ID schemeName="organization">ORG-0003</cbc:ID>
					</cac:PartyIdentification>
				</cac:AppealReceiverParty>
			</cac:AppealTerms>
			<cac:Language>
				<cbc:ID>ENG</cbc:ID>
			</cac:Language>
			<cac:PostAwardProcess>
				<cbc:ElectronicOrderUsageIndicator>true</cbc:ElectronicOrderUsageIndicator>
				<cbc:ElectronicPaymentUsageIndicator>true</cbc:ElectronicPaymentUsageIndicator>
			</cac:PostAwardProcess>
		</cac:TenderingTerms>
		<cac:TenderingProcess>
			<cbc:SubmissionMethodCode listName="esubmission">required</cbc:SubmissionMethodCode>
			<cbc:GovernmentAgreementConstraintIndicator>true</cbc:GovernmentAgreementConstraintIndicator>
			<cac:TenderSubmissionDeadlinePeriod>
				<cbc:EndDate>2020-02-04+02:00</cbc:EndDate>
				<cbc:EndTime>10:00:00+02:00</cbc:EndTime>
			</cac:TenderSubmissionDeadlinePeriod>
			<cac:OpenTenderEvent>
				<cbc:OccurrenceDate>2020-02-04+01:00</cbc:OccurrenceDate>
				<cbc:OccurrenceTime>10:00:00+01:00</cbc:OccurrenceTime>
				<cac:OccurenceLocation>
					<cbc:Description languageID="ENG">Premises of the Publications Office in LUXEMBOURG.</cbc:Description>
				</cac:OccurenceLocation>
			</cac:OpenTenderEvent>
			<cac:AuctionTerms>
				<cbc:AuctionConstraintIndicator>false</cbc:AuctionConstraintIndicator>
			</cac:AuctionTerms>
			<cac:FrameworkAgreement>
				<cbc:MaximumOperatorQuantity>3</cbc:MaximumOperatorQuantity>
			</cac:FrameworkAgreement>
			<cac:ContractingSystem>
				<cbc:ContractingSystemTypeCode listName="framework-agreement">fa-wo-rc</cbc:ContractingSystemTypeCode>
			</cac:ContractingSystem>
			<cac:ContractingSystem>
				<cbc:ContractingSystemTypeCode listName="dps-usage">none</cbc:ContractingSystemTypeCode>
			</cac:ContractingSystem>
		</cac:TenderingProcess>
		<cac:ProcurementProject>
			<cbc:ID schemeName="InternalID">1</cbc:ID>
			<cbc:Name languageID="ENG">Provision of IT Services Related to OP IT Systems (EUR-Lex, N-Lex, Search Layer, and Others)</cbc:Name>
			<cbc:Description languageID="ENG">Provision of IT services related to the information systems of the publications office (namely EUR-Lex, N-Lex, and Search Layer),
			with the possibility to extend the provision to other information systems.</cbc:Description>
			<cbc:ProcurementTypeCode listName="contract-nature">services</cbc:ProcurementTypeCode>
			<cac:MainCommodityClassification>
				<cbc:ItemClassificationCode listName="cpv">72230000</cbc:ItemClassificationCode>
			</cac:MainCommodityClassification>
			<cac:RealizedLocation>
				<cac:Address>
					<cbc:CountrySubentityCode listName="nuts">FRD22</cbc:CountrySubentityCode>
					<cac:Country>
						<cbc:IdentificationCode listName="country">FRA</cbc:IdentificationCode>
					</cac:Country>
				</cac:Address>
			</cac:RealizedLocation>
			<cac:PlannedPeriod>
				<cbc:DurationMeasure unitCode="MONTH">48</cbc:DurationMeasure>
			</cac:PlannedPeriod>
		</cac:ProcurementProject>
	</cac:ProcurementProjectLot>
</ContractNotice>
