<?xml version="1.0"?>
<!-- Based on https://ted.europa.eu/udl?uri=TED:NOTICE:175545-2020:TEXT:EN:HTML
-->
<ContractNotice xmlns="urn:oasis:names:specification:ubl:schema:xsd:ContractNotice-2" xmlns:ext="urn:oasis:names:specification:ubl:schema:xsd:CommonExtensionComponents-2" xmlns:cbc="urn:oasis:names:specification:ubl:schema:xsd:CommonBasicComponents-2" xmlns:efext="http://data.europa.eu/p27/eforms-ubl-extensions/1" xmlns:efbc="http://data.europa.eu/p27/eforms-ubl-extension-basic-components/1" xmlns:efac="http://data.europa.eu/p27/eforms-ubl-extension-aggregate-components/1" xmlns:cac="urn:oasis:names:specification:ubl:schema:xsd:CommonAggregateComponents-2" xmlns:xsi="http://www.w3.org/2001/XMLSchema-instance">
	<ext:UBLExtensions>
		<ext:UBLExtension>
			<ext:ExtensionContent>
				<efext:EformsExtension>
					<efac:Changes>
						<efbc:ChangedNoticeIdentifier>6bc75979-ce6c-46eb-81a6-eee543697dec-01</efbc:ChangedNoticeIdentifier>
						<efac:Change>
							<efbc:ChangeDescription languageID="ENG">Short description modified</efbc:ChangeDescription>
							<efbc:ProcurementDocumentsChangeDate>2020-04-14+02:00</efbc:ProcurementDocumentsChangeDate>
							<efbc:ProcurementDocumentsChangeIndicator>true</efbc:ProcurementDocumentsChangeIndicator>
							<efac:ChangedSection>
								<efbc:ChangedSectionIdentifier>PROCEDURE</efbc:ChangedSectionIdentifier>
							</efac:ChangedSection>
						</efac:Change>
						<efac:Change>
							<efbc:ChangeDescription languageID="ENG">Description of the procurement modified</efbc:ChangeDescription>
							<efbc:ProcurementDocumentsChangeDate>2020-04-14+02:00</efbc:ProcurementDocumentsChangeDate>
							<efbc:ProcurementDocumentsChangeIndicator>true</efbc:ProcurementDocumentsChangeIndicator>
							<efac:ChangedSection>
								<efbc:ChangedSectionIdentifier>LOT-0000</efbc:ChangedSectionIdentifier>
							</efac:ChangedSection>
						</efac:Change>
						<efac:ChangeReason>
							<cbc:ReasonCode listName="change-corrig-justification">cor-buy</cbc:ReasonCode>
							<efbc:ReasonDescription languageID="ENG">Change number of suppliers envisaged.</efbc:ReasonDescription>
						</efac:ChangeReason>
					</efac:Changes>
					<efac:NoticeSubType>
						<cbc:SubTypeCode listName="notice-subtype">16</cbc:SubTypeCode>
					</efac:NoticeSubType>
					<efac:Organizations>
						<efac:Organization>
							<efac:Company>
								<cbc:WebsiteURI>http://www.cumbria.gov.uk/</cbc:WebsiteURI>
								<cbc:EndpointID>http://www.cumbria.gov.uk/</cbc:EndpointID>
								<cac:PartyIdentification>
									<cbc:ID schemeName="organization">ORG-0001</cbc:ID>
								</cac:PartyIdentification>
								<cac:PartyName>
									<cbc:Name languageID="ENG">Cumbria County Council</cbc:Name>
								</cac:PartyName>
								<cac:PostalAddress>
									<cbc:StreetName>Cumbria House, 107-117 Botchergate</cbc:StreetName>
									<cbc:CityName>Carlisle</cbc:CityName>
									<cbc:PostalZone>CA1 1RD</cbc:PostalZone>
									<cac:Country>
										<cbc:IdentificationCode listName="country">GBR</cbc:IdentificationCode>
									</cac:Country>
								</cac:PostalAddress>
								<cac:PartyLegalEntity>
									<cbc:CompanyID>xyz</cbc:CompanyID>
								</cac:PartyLegalEntity>
								<cac:Contact>
									<cbc:Name>Procurement contact point</cbc:Name>
									<cbc:Telephone>+44 1228221743</cbc:Telephone>
									<cbc:Telefax>+44 12282217439</cbc:Telefax>
									<cbc:ElectronicMail>procurement@cumbria.gov.uk</cbc:ElectronicMail>
								</cac:Contact>
							</efac:Company>
						</efac:Organization>
						<efac:Organization>
							<efac:Company>
								<cbc:WebsiteURI>https://court.gov.uk</cbc:WebsiteURI>
								<cac:PartyIdentification>
									<cbc:ID schemeName="organization">ORG-0002</cbc:ID>
								</cac:PartyIdentification>
								<cac:PartyName>
									<cbc:Name languageID="ENG">Her Majestys Court Service</cbc:Name>
								</cac:PartyName>
								<cac:PostalAddress>
									<cbc:CityName>London</cbc:CityName>
									<cbc:PostalZone>ABC123</cbc:PostalZone>
									<cac:Country>
										<cbc:IdentificationCode listName="country">GBR</cbc:IdentificationCode>
									</cac:Country>
								</cac:PostalAddress>
								<cac:PartyLegalEntity>
									<cbc:CompanyID>123 456 789</cbc:CompanyID>
								</cac:PartyLegalEntity>
								<cac:Contact>
									<cbc:Telephone>(+12)34567890</cbc:Telephone>
									<cbc:Telefax>(+12)345678909</cbc:Telefax>
									<cbc:ElectronicMail>contact@example.com</cbc:ElectronicMail>
								</cac:Contact>
							</efac:Company>
						</efac:Organization>
						<efac:Organization>
							<efac:Company>
								<cbc:WebsiteURI>https://example-mediator.eu</cbc:WebsiteURI>
								<cac:PartyIdentification>
									<cbc:ID schemeName="organization">ORG-0003</cbc:ID>
								</cac:PartyIdentification>
								<cac:PartyName>
									<cbc:Name languageID="ENG">Example Mediator</cbc:Name>
								</cac:PartyName>
								<cac:PostalAddress>
									<cbc:StreetName>Some Street</cbc:StreetName>
									<cbc:CityName>Example City</cbc:CityName>
									<cbc:PostalZone>ABC123</cbc:PostalZone>
									<cac:Country>
										<cbc:IdentificationCode listName="country">GBR</cbc:IdentificationCode>
									</cac:Country>
								</cac:PostalAddress>
								<cac:PartyLegalEntity>
									<cbc:CompanyID schemeName="abc">111 111 111</cbc:CompanyID>
								</cac:PartyLegalEntity>
								<cac:Contact>
									<cbc:Telephone>+123 456 789</cbc:Telephone>
									<cbc:Telefax>+123 456 7899</cbc:Telefax>
									<cbc:ElectronicMail>contact@example-mediator.com</cbc:ElectronicMail>
								</cac:Contact>
							</efac:Company>
						</efac:Organization>
						<efac:Organization>
							<efac:Company>
								<cbc:WebsiteURI>https://esendercorp.eu</cbc:WebsiteURI>
								<cac:PartyIdentification>
									<cbc:ID schemeName="organization">ORG-0004</cbc:ID>
								</cac:PartyIdentification>
								<cac:PartyName>
									<cbc:Name languageID="ENG">eSendCorp</cbc:Name>
								</cac:PartyName>
								<cac:PostalAddress>
									<cbc:CityName>Luxembourg</cbc:CityName>
									<cbc:PostalZone>2985</cbc:PostalZone>
									<cbc:CountrySubentityCode listName="nuts">LU000</cbc:CountrySubentityCode>
									<cac:Country>
										<cbc:IdentificationCode listName="country">LUX</cbc:IdentificationCode>
									</cac:Country>
								</cac:PostalAddress>
								<cac:PartyLegalEntity>
									<cbc:CompanyID>111 222 333</cbc:CompanyID>
								</cac:PartyLegalEntity>
								<cac:Contact>
									<cbc:Telephone>+352 123456789</cbc:Telephone>
									<cbc:Telefax>+352 1234567899</cbc:Telefax>
									<cbc:ElectronicMail>esender@example.com</cbc:ElectronicMail>
								</cac:Contact>
							</efac:Company>
						</efac:Organization>
					</efac:Organizations>
				</efext:EformsExtension>
			</ext:ExtensionContent>
		</ext:UBLExtension>
	</ext:UBLExtensions>
	<cbc:UBLVersionID>2.3</cbc:UBLVersionID>
	<cbc:CustomizationID>eforms-sdk-1.13</cbc:CustomizationID>
	<cbc:ID schemeName="notice-id">92521e66-3cd5-4a5f-bea1-51991d5871ea</cbc:ID>
	<cbc:ContractFolderID>9af3b735-9d6c-45c8-8c39-d58fb9fa824b</cbc:ContractFolderID>
	<cbc:IssueDate>2020-04-09+01:00</cbc:IssueDate>
	<cbc:IssueTime>12:00:00+01:00</cbc:IssueTime>
	<cbc:VersionID>01</cbc:VersionID>
	<cbc:RegulatoryDomain>32014L0024</cbc:RegulatoryDomain>
	<cbc:NoticeTypeCode listName="competition">cn-standard</cbc:NoticeTypeCode>
	<cbc:NoticeLanguageCode>ENG</cbc:NoticeLanguageCode>
	<cac:ContractingParty>
		<cac:ContractingPartyType>
			<cbc:PartyTypeCode listName="buyer-legal-type">la</cbc:PartyTypeCode>
		</cac:ContractingPartyType>
		<cac:ContractingActivity>
			<cbc:ActivityTypeCode listName="authority-activity">gen-pub</cbc:ActivityTypeCode>
		</cac:ContractingActivity>
		<cac:Party>
			<cac:PartyIdentification>
				<cbc:ID schemeName="organization">ORG-0001</cbc:ID>
			</cac:PartyIdentification>
			<cac:ServiceProviderParty>
				<cbc:ServiceTypeCode listName="organisation-role">ted-esen</cbc:ServiceTypeCode>
				<cac:Party>
					<cac:PartyIdentification>
						<cbc:ID schemeName="organization">ORG-0004</cbc:ID>
					</cac:PartyIdentification>
				</cac:Party>
			</cac:ServiceProviderParty>
		</cac:Party>
	</cac:ContractingParty>
	<cac:TenderingTerms>
		<cac:TendererQualificationRequest>
			<cac:SpecificTendererRequirement>
				<cbc:TendererRequirementTypeCode listName="exclusion-grounds-source">epo-notice</cbc:TendererRequirementTypeCode>
			</cac:SpecificTendererRequirement>
		</cac:TendererQualificationRequest>
		<cac:TendererQualificationRequest>
			<cac:SpecificTendererRequirement>
				<cbc:TendererRequirementTypeCode listName="exclusion-ground">exg-crim-part</cbc:TendererRequirementTypeCode>
				<cbc:Description languageID="ENG">Applicants not satisfying...</cbc:Description>
			</cac:SpecificTendererRequirement>
			<cac:SpecificTendererRequirement>
				<cbc:TendererRequirementTypeCode listName="exclusion-ground">exg-crim-corrpt</cbc:TendererRequirementTypeCode>
				<cbc:Description languageID="ENG">Applicants not satisfying...</cbc:Description>
			</cac:SpecificTendererRequirement>
			<cac:SpecificTendererRequirement>
				<cbc:TendererRequirementTypeCode listName="exclusion-ground">exg-crim-fraud</cbc:TendererRequirementTypeCode>
				<cbc:Description languageID="ENG">Applicants not satisfying...</cbc:Description>
			</cac:SpecificTendererRequirement>
			<cac:SpecificTendererRequirement>
				<cbc:TendererRequirementTypeCode listName="exclusion-ground">exg-crim-terror</cbc:TendererRequirementTypeCode>
				<cbc:Description languageID="ENG">Applicants not satisfying...</cbc:Description>
			</cac:SpecificTendererRequirement>
			<cac:SpecificTendererRequirement>
				<cbc:TendererRequirementTypeCode listName="exclusion-ground">exg-crim-laund</cbc:TendererRequirementTypeCode>
				<cbc:Description languageID="ENG">Applicants not satisfying...</cbc:Description>
			</cac:SpecificTendererRequirement>
			<cac:SpecificTendererRequirement>
				<cbc:TendererRequirementTypeCode listName="exclusion-ground">exg-crim-traffick</cbc:TendererRequirementTypeCode>
				<cbc:Description languageID="ENG">Applicants not satisfying...</cbc:Description>
			</cac:SpecificTendererRequirement>
			<cac:SpecificTendererRequirement>
				<cbc:TendererRequirementTypeCode listName="exclusion-ground">exg-pmt-bre-tax</cbc:TendererRequirementTypeCode>
				<cbc:Description languageID="ENG">Applicants not satisfying...</cbc:Description>
			</cac:SpecificTendererRequirement>
			<cac:SpecificTendererRequirement>
				<cbc:TendererRequirementTypeCode listName="exclusion-ground">exg-mis-unrel-sec</cbc:TendererRequirementTypeCode>
				<cbc:Description languageID="ENG">Applicants not satisfying...</cbc:Description>
			</cac:SpecificTendererRequirement>
			<cac:SpecificTendererRequirement>
				<cbc:TendererRequirementTypeCode listName="exclusion-ground">exg-mis-bre-env-law</cbc:TendererRequirementTypeCode>
				<cbc:Description languageID="ENG">Applicants not satisfying...</cbc:Description>
			</cac:SpecificTendererRequirement>
			<cac:SpecificTendererRequirement>
				<cbc:TendererRequirementTypeCode listName="exclusion-ground">exg-mis-bre-soc-law</cbc:TendererRequirementTypeCode>
				<cbc:Description languageID="ENG">Applicants not satisfying...</cbc:Description>
			</cac:SpecificTendererRequirement>
			<cac:SpecificTendererRequirement>
				<cbc:TendererRequirementTypeCode listName="exclusion-ground">exg-mis-bre-lab-law</cbc:TendererRequirementTypeCode>
				<cbc:Description languageID="ENG">Applicants not satisfying...</cbc:Description>
			</cac:SpecificTendererRequirement>
			<cac:SpecificTendererRequirement>
				<cbc:TendererRequirementTypeCode listName="exclusion-ground">exg-sitn-insolvency</cbc:TendererRequirementTypeCode>
				<cbc:Description languageID="ENG">Applicants not satisfying...</cbc:Description>
			</cac:SpecificTendererRequirement>
		</cac:TendererQualificationRequest>
	</cac:TenderingTerms>
	<cac:TenderingProcess>
		<cbc:ProcedureCode listName="procurement-procedure-type">open</cbc:ProcedureCode>
		<cac:ProcessJustification>
			<cbc:ProcessReasonCode listName="accelerated-procedure">false</cbc:ProcessReasonCode>
		</cac:ProcessJustification>
	</cac:TenderingProcess>
	<cac:ProcurementProject>
		<cbc:ID schemeName="InternalID">DN474002</cbc:ID>
		<cbc:Name languageID="ENG">School Payroll and HR Admin Services</cbc:Name>
		<cbc:Description languageID="ENG">The Council plans to establish a framework of suppliers who can offer an effective, timely and cost effective payroll and HR administration service to Non-Cheque Book Maintained Schools in Cumbria.
			Currently there are 180 schools who plan to initially use this framework which are predominantly primary schools and range in size of staffing numbers however numbers may change subject to individual school needs.
			It is envisaged that between four and six suppliers will be awarded onto the framework. Please note that any supplier scoring less than 50 % of the quality marks available will not be awarded a place on the framework.
			Further competitions will be conducted under the framework by individual schools (or by the Council on behalf of individual schools) and these will be awarded on price alone.
		</cbc:Description>
		<cbc:ProcurementTypeCode listName="contract-nature">services</cbc:ProcurementTypeCode>
		<cac:RequestedTenderTotal>
			<cbc:EstimatedOverallContractAmount currencyID="EUR">1230000</cbc:EstimatedOverallContractAmount>
		</cac:RequestedTenderTotal>
		<cac:MainCommodityClassification>
			<cbc:ItemClassificationCode listName="cpv">79000000</cbc:ItemClassificationCode>
		</cac:MainCommodityClassification>
		<cac:RealizedLocation>
			<cac:Address>
				<cbc:Region>anyw-cou</cbc:Region>
				<cac:Country>
					<cbc:IdentificationCode listName="country">GBR</cbc:IdentificationCode>
				</cac:Country>
			</cac:Address>
		</cac:RealizedLocation>
	</cac:ProcurementProject>
	<cac:ProcurementProjectLot>
		<cbc:ID schemeName="Lot">LOT-0000</cbc:ID>
		<cac:TenderingTerms>
			<cbc:VariantConstraintCode listName="permission">not-allowed</cbc:VariantConstraintCode>
			<cbc:FundingProgramCode listName="eu-funded">no-eu-funds</cbc:FundingProgramCode>
			<cac:RequiredFinancialGuarantee>
				<cbc:GuaranteeTypeCode listName="tender-guarantee-required">false</cbc:GuaranteeTypeCode>
			</cac:RequiredFinancialGuarantee>
			<cac:CallForTendersDocumentReference>
				<ext:UBLExtensions>
					<ext:UBLExtension>
						<ext:ExtensionContent>
							<efext:EformsExtension>
								<efac:OfficialLanguages>
									<cac:Language>
										<!--BT-708-->
										<cbc:ID>ENG</cbc:ID>
									</cac:Language>
								</efac:OfficialLanguages>
							</efext:EformsExtension>
						</ext:ExtensionContent>
					</ext:UBLExtension>
				</ext:UBLExtensions>
				<cbc:ID>SomeDocID1</cbc:ID>
				<cbc:DocumentType>non-restricted-document</cbc:DocumentType>
				<cac:Attachment>
					<cac:ExternalReference>
						<cbc:URI>https://www.the-chest.org.uk/</cbc:URI>
					</cac:ExternalReference>
				</cac:Attachment>
			</cac:CallForTendersDocumentReference>
			<cac:TendererQualificationRequest>
				<cac:SpecificTendererRequirement>
					<cbc:TendererRequirementTypeCode listName="reserved-procurement">none</cbc:TendererRequirementTypeCode>
				</cac:SpecificTendererRequirement>
			</cac:TendererQualificationRequest>
			<cac:TendererQualificationRequest>
				<cac:SpecificTendererRequirement>
					<cbc:TendererRequirementTypeCode listName="selection-criteria-source">epo-procurement-document</cbc:TendererRequirementTypeCode>
				</cac:SpecificTendererRequirement>
			</cac:TendererQualificationRequest>
			<cac:ContractExecutionRequirement>
				<cbc:ExecutionRequirementCode listName="reserved-execution">no</cbc:ExecutionRequirementCode>
			</cac:ContractExecutionRequirement>
			<cac:ContractExecutionRequirement>
				<cbc:ExecutionRequirementCode listName="einvoicing">required</cbc:ExecutionRequirementCode>
			</cac:ContractExecutionRequirement>
			<cac:ContractExecutionRequirement>
				<cbc:ExecutionRequirementCode listName="ecatalog-submission">allowed</cbc:ExecutionRequirementCode>
			</cac:ContractExecutionRequirement>
			<cac:AwardingTerms>
				<cac:AwardingCriterion>
					<cac:SubordinateAwardingCriterion>
						<ext:UBLExtensions>
							<ext:UBLExtension>
								<ext:ExtensionContent>
									<efext:EformsExtension>
										<efac:AwardCriterionParameter>
											<efbc:ParameterCode listName="number-weight">per-exa</efbc:ParameterCode>
											<efbc:ParameterNumeric>65</efbc:ParameterNumeric>
										</efac:AwardCriterionParameter>
									</efext:EformsExtension>
								</ext:ExtensionContent>
							</ext:UBLExtension>
						</ext:UBLExtensions>
						<cbc:AwardingCriterionTypeCode listName="award-criterion-type">quality</cbc:AwardingCriterionTypeCode>
						<cbc:Name languageID="ENG">Quality</cbc:Name>
						<cbc:Description languageID="ENG">The quality is evaluated by...</cbc:Description>
					</cac:SubordinateAwardingCriterion>
					<cac:SubordinateAwardingCriterion>
						<ext:UBLExtensions>
							<ext:UBLExtension>
								<ext:ExtensionContent>
									<efext:EformsExtension>
										<efac:AwardCriterionParameter>
											<efbc:ParameterCode listName="number-weight">per-exa</efbc:ParameterCode>
											<efbc:ParameterNumeric>35</efbc:ParameterNumeric>
										</efac:AwardCriterionParameter>
									</efext:EformsExtension>
								</ext:ExtensionContent>
							</ext:UBLExtension>
						</ext:UBLExtensions>
						<cbc:AwardingCriterionTypeCode listName="award-criterion-type">price</cbc:AwardingCriterionTypeCode>
						<cbc:Name languageID="ENG">Price</cbc:Name>
						<cbc:Description languageID="ENG">The price is evaluated by...</cbc:Description>
					</cac:SubordinateAwardingCriterion>
				</cac:AwardingCriterion>
			</cac:AwardingTerms>
			<cac:TenderRecipientParty>
				<cbc:EndpointID>https://www.the-chest.org.uk/</cbc:EndpointID>
				<cac:PartyIdentification>
					<cbc:ID schemeName="organization">ORG-0001</cbc:ID>
				</cac:PartyIdentification>
			</cac:TenderRecipientParty>
			<cac:TenderValidityPeriod>
				<cbc:DurationMeasure unitCode="MONTH">6</cbc:DurationMeasure>
			</cac:TenderValidityPeriod>
			<cac:AppealTerms>
				<cac:PresentationPeriod>
					<cbc:Description languageID="ENG">An appeal can...</cbc:Description>
				</cac:PresentationPeriod>
				<cac:AppealInformationParty>
					<cac:PartyIdentification>
						<cbc:ID schemeName="organization">ORG-0002</cbc:ID>
					</cac:PartyIdentification>
				</cac:AppealInformationParty>
				<cac:AppealReceiverParty>
					<cac:PartyIdentification>
						<cbc:ID schemeName="organization">ORG-0002</cbc:ID>
					</cac:PartyIdentification>
				</cac:AppealReceiverParty>
				<cac:MediationParty>
					<cac:PartyIdentification>
						<cbc:ID schemeName="organization">ORG-0003</cbc:ID>
					</cac:PartyIdentification>
				</cac:MediationParty>
			</cac:AppealTerms>
			<cac:Language>
				<cbc:ID>ENG</cbc:ID>
			</cac:Language>
			<cac:PostAwardProcess>
				<cbc:ElectronicOrderUsageIndicator>false</cbc:ElectronicOrderUsageIndicator>
				<cbc:ElectronicPaymentUsageIndicator>false</cbc:ElectronicPaymentUsageIndicator>
			</cac:PostAwardProcess>
		</cac:TenderingTerms>
		<cac:TenderingProcess>
			<cbc:SubmissionMethodCode listName="esubmission">allowed</cbc:SubmissionMethodCode>
			<cbc:GovernmentAgreementConstraintIndicator>true</cbc:GovernmentAgreementConstraintIndicator>
			<cbc:AccessToolsURI>https://www.the-chest.org.uk/</cbc:AccessToolsURI>
			<cac:TenderSubmissionDeadlinePeriod>
				<cbc:EndDate>2020-05-11+01:00</cbc:EndDate>
				<cbc:EndTime>10:00:00+01:00</cbc:EndTime>
			</cac:TenderSubmissionDeadlinePeriod>
			<cac:OpenTenderEvent>
				<cbc:OccurrenceDate>2020-05-11+01:00</cbc:OccurrenceDate>
				<cbc:OccurrenceTime>10:00:00+01:00</cbc:OccurrenceTime>
				<cac:OccurenceLocation>
					<cbc:Description languageID="ENG">Location of the opening.</cbc:Description>
				</cac:OccurenceLocation>
			</cac:OpenTenderEvent>
			<cac:AuctionTerms>
				<cbc:AuctionConstraintIndicator>false</cbc:AuctionConstraintIndicator>
			</cac:AuctionTerms>
			<cac:FrameworkAgreement>
				<cbc:MaximumOperatorQuantity>10</cbc:MaximumOperatorQuantity>
			</cac:FrameworkAgreement>
			<cac:ContractingSystem>
				<cbc:ContractingSystemTypeCode listName="framework-agreement">fa-wo-rc</cbc:ContractingSystemTypeCode>
			</cac:ContractingSystem>
			<cac:ContractingSystem>
				<cbc:ContractingSystemTypeCode listName="dps-usage">none</cbc:ContractingSystemTypeCode>
			</cac:ContractingSystem>
		</cac:TenderingProcess>
		<cac:ProcurementProject>
			<cbc:ID schemeName="InternalID">1</cbc:ID>
			<cbc:Name languageID="ENG">School Payroll and HR Admin Services</cbc:Name>
			<cbc:Description languageID="ENG">The Council plans to establish a framework of suppliers who can offer an effective, timely and cost effective payroll and HR administration service to Non-Cheque Book Maintained Schools in Cumbria.
				Currently there are 180 schools who plan to initially use this framework which are predominantly primary schools and range in size of staffing numbers however numbers may change subject to individual school needs.
				It is envisaged that between four and six suppliers will be awarded onto the framework. Please note that any supplier scoring less than 50 % of the quality marks available will not be awarded a place on the framework.
				Further competitions will be conducted under the framework by individual schools (or by the Council on behalf of individual schools) and these will be awarded on price alone.
			</cbc:Description>
			<cbc:ProcurementTypeCode listName="contract-nature">services</cbc:ProcurementTypeCode>
			<cbc:Note languageID="ENG">The Council plans to establish a framework of suppliers who can offer an effective, timely and cost effective payroll and HR administration service to Non-Cheque Book Maintained Schools in Cumbria.
				Currently there are 180 schools who plan to initially use this framework which are predominantly primary schools and range in size of staffing numbers however numbers may change subject to individual school needs.
				It is envisaged that between four and six suppliers will be awarded onto the framework. Please note that any supplier scoring less than 50 % of the quality marks available will not be awarded a place on the framework.
				Further competitions will be conducted under the framework by individual schools (or by the Council on behalf of individual schools) and these will be awarded on price alone.
			</cbc:Note>
			<cac:MainCommodityClassification>
				<cbc:ItemClassificationCode listName="cpv">79000000</cbc:ItemClassificationCode>
			</cac:MainCommodityClassification>
			<cac:RealizedLocation>
				<cac:Address>
					<cbc:Region>anyw-cou</cbc:Region>
					<cac:Country>
						<cbc:IdentificationCode listName="country">GBR</cbc:IdentificationCode>
					</cac:Country>
				</cac:Address>
			</cac:RealizedLocation>
			<cac:PlannedPeriod>
				<cbc:StartDate>2020-11-01+01:00</cbc:StartDate>
				<cbc:EndDate>2024-03-30+02:00</cbc:EndDate>
			</cac:PlannedPeriod>
		</cac:ProcurementProject>
	</cac:ProcurementProjectLot>
</ContractNotice>
