<?xml version="1.0" encoding="UTF-8"?>
<ContractNotice xmlns:cac="urn:oasis:names:specification:ubl:schema:xsd:CommonAggregateComponents-2"
							xmlns:cbc="urn:oasis:names:specification:ubl:schema:xsd:CommonBasicComponents-2"
							xmlns:efac="http://data.europa.eu/p27/eforms-ubl-extension-aggregate-components/1"
							xmlns:efbc="http://data.europa.eu/p27/eforms-ubl-extension-basic-components/1"
							xmlns:efext="http://data.europa.eu/p27/eforms-ubl-extensions/1"
							xmlns:ext="urn:oasis:names:specification:ubl:schema:xsd:CommonExtensionComponents-2"
							xmlns="urn:oasis:names:specification:ubl:schema:xsd:ContractNotice-2">
	<ext:UBLExtensions>
		<ext:UBLExtension>
			<ext:ExtensionContent>
				<efext:EformsExtension>
					<efac:NoticeSubType>
						<cbc:SubTypeCode listName="notice-subtype">21</cbc:SubTypeCode>
					</efac:NoticeSubType>
					<efac:Organizations>
						<efac:Organization>
							<efbc:AcquiringCPBIndicator>false</efbc:AcquiringCPBIndicator>
							<efbc:AwardingCPBIndicator>false</efbc:AwardingCPBIndicator>
							<efac:Company>
								<cbc:WebsiteURI>https://www.zenithnovainnovations.com</cbc:WebsiteURI>
								<cbc:EndpointID>https://www.zenithnovainnovations.com/info-exchange</cbc:EndpointID>
								<cac:PartyIdentification>
									<cbc:ID schemeName="organization">ORG-0001</cbc:ID>
								</cac:PartyIdentification>
								<cac:PartyName>
									<cbc:Name languageID="ENG">ZenithNova Innovations </cbc:Name>
								</cac:PartyName>
								<cac:PostalAddress>
									<cbc:StreetName>ZenithNova Innovations 45 Future Boulevard New Horizons, CA 90210 United States of America</cbc:StreetName>
									<cbc:AdditionalStreetName>ZenithNova Innovations 45 Future Boulevard New Horizons, CA 90210 United States of America</cbc:AdditionalStreetName>
									<cbc:Department>Future Solutions Division</cbc:Department>
									<cbc:CityName>New Horizons, CA</cbc:CityName>
									<cbc:PostalZone>90210</cbc:PostalZone>
									<cbc:CountrySubentityCode listName="nuts">EL303</cbc:CountrySubentityCode>
									<cac:AddressLine>
										<cbc:Line>ZenithNova Innovations 45 Future Boulevard New Horizons, CA 90210 United States of America</cbc:Line>
									</cac:AddressLine>
									<cac:Country>
										<cbc:IdentificationCode listName="country">GRC</cbc:IdentificationCode>
									</cac:Country>
								</cac:PostalAddress>
								<cac:PartyLegalEntity>
									<cbc:CompanyID>ABE</cbc:CompanyID>
								</cac:PartyLegalEntity>
								<cac:Contact>
									<cbc:Name>Info</cbc:Name>
									<cbc:Telephone>+1 (555) 123-4567</cbc:Telephone>
									<cbc:Telefax>+1 (555) 123-4567</cbc:Telefax>
									<cbc:ElectronicMail>info@zenithnovainnovations.com</cbc:ElectronicMail>
								</cac:Contact>
							</efac:Company>
							<efac:TouchPoint>
								<cbc:WebsiteURI>https://www.zenithnovainnovations.com/contact-us/katerina-lisa</cbc:WebsiteURI>
								<cbc:EndpointID>https://www.zenithnovainnovations.com/info-exchange/katerina-lisa</cbc:EndpointID>
								<cac:PartyIdentification>
									<cbc:ID schemeName="touchpoint">TPO-0001</cbc:ID>
								</cac:PartyIdentification>
								<cac:PartyName>
									<cbc:Name languageID="ENG">Katerina Lisa</cbc:Name>
								</cac:PartyName>
								<cac:PostalAddress>
									<cbc:Department>Future Solutions Division</cbc:Department>
								</cac:PostalAddress>
							</efac:TouchPoint>
						</efac:Organization>
					</efac:Organizations>
				</efext:EformsExtension>
			</ext:ExtensionContent>
		</ext:UBLExtension>
	</ext:UBLExtensions>
	<cbc:UBLVersionID>2.3</cbc:UBLVersionID>
	<cbc:CustomizationID>eforms-sdk-1.13</cbc:CustomizationID>
	<cbc:ID schemeName="notice-id">cf9697c2-e280-4e78-beb1-e481f8c97468</cbc:ID>
	<cbc:ContractFolderID>b6e24d15-bcdf-4275-9399-72cfb2e671c6</cbc:ContractFolderID>
	<cbc:IssueDate>2023-05-26Z</cbc:IssueDate>
	<cbc:IssueTime>09:50:45Z</cbc:IssueTime>
	<cbc:VersionID>01</cbc:VersionID>
	<cbc:RegulatoryDomain>32014L0025</cbc:RegulatoryDomain>
	<cbc:NoticeTypeCode listName="competition">cn-social</cbc:NoticeTypeCode>
	<cbc:NoticeLanguageCode listName="language">ENG</cbc:NoticeLanguageCode>
	<cac:ContractingParty>
		<cbc:BuyerProfileURI>https://example.com</cbc:BuyerProfileURI>
		<cac:ContractingPartyType>
			<cbc:PartyTypeCode listName="buyer-legal-type">pub-undert-la</cbc:PartyTypeCode>
		</cac:ContractingPartyType>
		<cac:ContractingActivity>
			<cbc:ActivityTypeCode listName="entity-activity">gas-heat</cbc:ActivityTypeCode>
		</cac:ContractingActivity>
		<cac:Party>
			<cac:PartyIdentification>
				<cbc:ID schemeName="organization">ORG-0001</cbc:ID>
			</cac:PartyIdentification>
		</cac:Party>
	</cac:ContractingParty>
	<cac:TenderingTerms>
		<cac:TendererQualificationRequest>
			<cac:SpecificTendererRequirement>
				<cbc:TendererRequirementTypeCode listName="exclusion-grounds-source">epo-procurement-document</cbc:TendererRequirementTypeCode>
			</cac:SpecificTendererRequirement>
		</cac:TendererQualificationRequest>
	</cac:TenderingTerms>
	<cac:TenderingProcess>
		<cbc:Description languageID="ENG">Main features of the procedure</cbc:Description>
		<cbc:ProcedureCode listName="procurement-procedure-type">innovation</cbc:ProcedureCode>
	</cac:TenderingProcess>
	<cac:ProcurementProject>
		<cbc:Name languageID="ENG">At the End of the Tunnel vol3</cbc:Name>
		<cbc:Description languageID="ENG">In this tribute to Hitchcock's "Rear Window", a paraplegic computer engineer discovers that a gang is about to rob a bank. Suspense, intrigue and pure entertainment in one of those Spanish-speaking thrillers that we all love to watch.
In this tribute to Hitchcock's "Rear Window", a paraplegic computer engineer discovers that a gang is about to rob a bank. Suspense, intrigue and pure entertainment in one of those Spanish-speaking thrillers that we all love to watch.
In this tribute to Hitchcock's "Rear Window", a paraplegic computer engineer discovers that a gang is about to rob a bank. Suspense, intrigue and pure entertainment in one of those Spanish-speaking thrillers that we all love to watch.
vol3
</cbc:Description>
		<cbc:ProcurementTypeCode listName="contract-nature">supplies</cbc:ProcurementTypeCode>
		<cac:RequestedTenderTotal>
			<cbc:EstimatedOverallContractAmount currencyID="BWP">1231</cbc:EstimatedOverallContractAmount>
		</cac:RequestedTenderTotal>
		<cac:MainCommodityClassification>
			<cbc:ItemClassificationCode listName="cpv">30000000</cbc:ItemClassificationCode>
		</cac:MainCommodityClassification>
		<cac:RealizedLocation>
			<cac:Address>
				<cbc:Region>anyw</cbc:Region>
			</cac:Address>
		</cac:RealizedLocation>
	</cac:ProcurementProject>
	<cac:ProcurementProjectLot>
		<cbc:ID schemeName="Lot">LOT-0001</cbc:ID>
		<cac:TenderingTerms>
			<cac:TendererQualificationRequest>
				<cac:SpecificTendererRequirement>
					<cbc:TendererRequirementTypeCode listName="reserved-procurement">none</cbc:TendererRequirementTypeCode>
				</cac:SpecificTendererRequirement>
			</cac:TendererQualificationRequest>
			<cac:TendererQualificationRequest>
				<cac:SpecificTendererRequirement>
					<cbc:TendererRequirementTypeCode listName="selection-criteria-source">epo-procurement-document</cbc:TendererRequirementTypeCode>
				</cac:SpecificTendererRequirement>
			</cac:TendererQualificationRequest>
			<cac:ContractExecutionRequirement>
				<cbc:ExecutionRequirementCode listName="reserved-execution">yes</cbc:ExecutionRequirementCode>
			</cac:ContractExecutionRequirement>
			<cac:AdditionalInformationParty>
				<cac:PartyIdentification>
					<cbc:ID schemeName="touchpoint">TPO-0001</cbc:ID>
				</cac:PartyIdentification>
			</cac:AdditionalInformationParty>
			<cac:DocumentProviderParty>
				<cac:PartyIdentification>
					<cbc:ID schemeName="touchpoint">TPO-0001</cbc:ID>
				</cac:PartyIdentification>
			</cac:DocumentProviderParty>
			<cac:AppealTerms>
				<cac:AppealInformationParty>
					<cac:PartyIdentification>
						<cbc:ID schemeName="touchpoint">TPO-0001</cbc:ID>
					</cac:PartyIdentification>
				</cac:AppealInformationParty>
				<cac:AppealReceiverParty>
					<cac:PartyIdentification>
						<cbc:ID schemeName="organization">ORG-0001</cbc:ID>
					</cac:PartyIdentification>
				</cac:AppealReceiverParty>
				<cac:MediationParty>
					<cac:PartyIdentification>
						<cbc:ID schemeName="organization">ORG-0001</cbc:ID>
					</cac:PartyIdentification>
				</cac:MediationParty>
			</cac:AppealTerms>
			<cac:Language>
				<cbc:ID>ELL</cbc:ID>
			</cac:Language>
		</cac:TenderingTerms>
		<cac:TenderingProcess>
			<cac:ParticipationRequestReceptionPeriod>
				<cbc:EndDate>2023-08-11+03:00</cbc:EndDate>
				<cbc:EndTime>15:00:00+03:00</cbc:EndTime>
			</cac:ParticipationRequestReceptionPeriod>
		</cac:TenderingProcess>
		<cac:ProcurementProject>
			<cbc:ID schemeName="InternalID">ABE</cbc:ID>
			<cbc:Name languageID="ENG">At the End of the Tunnel vol 3</cbc:Name>
			<cbc:Description languageID="ENG">A man is trapped in his own house after an accident confined him to a wheelchair. Since he is in debt, he decides to rent a room to an exotic dancer and her 6-year-old daughter. Their uncomfortable co-existence turns into friendship and sexual attraction, until he discovers that she is there for another reason; she and her associates believe they have organized the perfect crime. A man is trapped in his own house after an accident confined him to a wheelchair. Since he is in debt, he decides to rent a room to an exotic dancer and her 6-year-old daughter. Their uncomfortable co-existence turns into friendship and sexual attraction, until he discovers that she is there for another reason; she and her associates believe they have organized the perfect crime. 
A man is trapped in his own house after an accident confined him to a wheelchair. Since he is in debt, he decides to rent a room to an exotic dancer and her 6-year-old daughter. Their uncomfortable co-existence turns into friendship and sexual attraction, until he discovers that she is there for another reason; she and her associates believe they have organized the perfect crime. A man is trapped in his own house after an accident confined him to a wheelchair. Since he is in debt, he decides to rent a room to an exotic dancer and her 6-year-old daughter. Their uncomfortable co-existence turns into friendship and sexual attraction, until he discovers that she is there for another reason; she and her associates believe they have organized the perfect crime. 
A man is trapped in his own house after an accident confined him to a wheelchair. Since he is in debt, he decides to rent a room to an exotic dancer and her 6-year-old daughter. Their uncomfortable co-existence turns into friendship and sexual attraction, until he discovers that she is there for another reason; she and her associates believe they have organized the perfect crime. A man is trapped in his own house after an accident confined him to a wheelchair. Since he is in debt, he decides to rent a room to an exotic dancer and her 6-year-old daughter. Their uncomfortable co-existence turns into friendship and sexual attraction, until he discovers that she is there for another reason; she and her associates believe they have organized the perfect crime. A man is trapped in his own house after an accident confined him to a wheelchair. Since he is in debt, he decides to rent a room to an exotic dancer and her 6-year-old daughter. Their uncomfortable co-existence turns into friendship and sexual attraction, until he discovers that she is there for another reason; she and her associates believe they have organized the perfect crime. 
A man is trapped in his own house after an accident confined him to a wheelchair. Since he is in debt, he decides to rent a room to an exotic dancer and her 6-year-old daughter. Their uncomfortable co-existence turns into friendship and sexual attraction, until he discovers that she is there for another reason; she and her associates believe they have organized the perfect crime. A man is trapped in his own house after an accident confined him to a wheelchair. Since he is in debt, he decides to rent a room to an exotic dancer and her 6-year-old daughter. Their uncomfortable co-existence turns into friendship and sexual attraction, until he discovers that she is there for another reason; she and her associates believe they have organized the perfect crime. A man is trapped in his own house after an accident confined him to a wheelchair. Since he is in debt, he decides to rent a room to an exotic dancer and her 6-year-old daughter. Their uncomfortable co-existence turns into friendship and sexual attraction, until he discovers that she is there for another reason; she and her associates believe they have organized the perfect crime. A man is trapped in his own house after an accident confined him to a wheelchair. Since he is in debt, he decides to rent a room to an exotic dancer and her 6-year-old daughter. Their uncomfortable co-existence turns into friendship and sexual attraction, until he discovers that she is there for another reason; she and her associates believe they have organized the perfect crime. 
A man is trapped in his own house after an accident confined him to a wheelchair. Since he is in debt, he decides to rent a room to an exotic dancer and her 6-year-old daughter. Their uncomfortable co-existence turns into friendship and sexual attraction, until he discovers that she is there for another reason; she and her associates believe they have organized the perfect crime. A man is trapped in his own house after an accident confined him to a wheelchair. Since he is in debt, he decides to rent a room to an exotic dancer and her 6-year-old daughter. Their uncomfortable co-existence turns into friendship and sexual attraction, until he discovers that she is there for another reason; she and her associates believe they have organized the perfect crime. A man is trapped in his own house after an accident confined him to a wheelchair. Since he is in debt, he decides to rent a room to an exotic dancer and her 6-year-old daughter. Their uncomfortable co-existence turns into friendship and sexual attraction, until he discovers that she is there for another reason; she and her associates believe they have organized the perfect crime. A man is trapped in his own house after an accident confined him to a wheelchair. Since he is in debt, he decides to rent a room to an exotic dancer and her 6-year-old daughter. Their uncomfortable co-existence turns into friendship and sexual attraction, until he discovers that she is there for another reason; she and her associates believe they have organized the perfect crime. 
A man is trapped in his own house after an accident confined him to a wheelchair. Since he is in debt, he decides to rent a room to an exotic dancer and her 6-year-old daughter. Their uncomfortable co-existence turns into friendship vol3</cbc:Description>
			<cbc:ProcurementTypeCode listName="contract-nature">supplies</cbc:ProcurementTypeCode>
			<cac:ProcurementAdditionalType>
				<cbc:ProcurementTypeCode listName="environmental-impact">biodiv-eco</cbc:ProcurementTypeCode>
			</cac:ProcurementAdditionalType>
			<cac:ProcurementAdditionalType>
				<cbc:ProcurementTypeCode listName="environmental-impact">other</cbc:ProcurementTypeCode>
			</cac:ProcurementAdditionalType>
			<cac:ProcurementAdditionalType>
				<cbc:ProcurementTypeCode listName="social-objective">opp</cbc:ProcurementTypeCode>
			</cac:ProcurementAdditionalType>
			<cac:ProcurementAdditionalType>
				<cbc:ProcurementTypeCode listName="social-objective">acc-all</cbc:ProcurementTypeCode>
			</cac:ProcurementAdditionalType>
			<cac:ProcurementAdditionalType>
				<cbc:ProcurementTypeCode listName="innovative-acquisition">rd-act</cbc:ProcurementTypeCode>
			</cac:ProcurementAdditionalType>
			<cac:MainCommodityClassification>
				<cbc:ItemClassificationCode listName="cpv">30000000</cbc:ItemClassificationCode>
			</cac:MainCommodityClassification>
			<cac:RealizedLocation>
				<cac:Address>
					<cbc:Region>anyw</cbc:Region>
				</cac:Address>
			</cac:RealizedLocation>
		</cac:ProcurementProject>
	</cac:ProcurementProjectLot>
</ContractNotice>