<?xml version="1.0" ?>
<!-- Based on https://ted.europa.eu/udl?uri=TED:NOTICE:181161-2020:TEXT:EN:HTML
-->
<ContractNotice xmlns="urn:oasis:names:specification:ubl:schema:xsd:ContractNotice-2" xmlns:ext="urn:oasis:names:specification:ubl:schema:xsd:CommonExtensionComponents-2" xmlns:cbc="urn:oasis:names:specification:ubl:schema:xsd:CommonBasicComponents-2" xmlns:efext="http://data.europa.eu/p27/eforms-ubl-extensions/1" xmlns:efbc="http://data.europa.eu/p27/eforms-ubl-extension-basic-components/1" xmlns:efac="http://data.europa.eu/p27/eforms-ubl-extension-aggregate-components/1" xmlns:cac="urn:oasis:names:specification:ubl:schema:xsd:CommonAggregateComponents-2" xmlns:xsi="http://www.w3.org/2001/XMLSchema-instance">
	<ext:UBLExtensions>
		<ext:UBLExtension>
			<ext:ExtensionContent>
				<efext:EformsExtension>
					<efac:NoticeSubType>
						<cbc:SubTypeCode listName="notice-subtype">17</cbc:SubTypeCode>
					</efac:NoticeSubType>
					<efac:Organizations>
						<efac:Organization>
							<efac:Company>
								<cbc:WebsiteURI>https://www.scottishwater.co.uk/</cbc:WebsiteURI>
								<cbc:EndpointID>https://www.delta-esourcing.com/tenders/UK-title/Z9Q7MGAEA8</cbc:EndpointID>
								<cac:PartyIdentification>
									<cbc:ID schemeName="organization">ORG-0001</cbc:ID>
								</cac:PartyIdentification>
								<cac:PartyName>
									<cbc:Name languageID="ENG">Scottish Water</cbc:Name>
								</cac:PartyName>
								<cac:PostalAddress>
									<cbc:StreetName>6 Buchanan Gate</cbc:StreetName>
									<cbc:CityName>Glasgow</cbc:CityName>
									<cbc:PostalZone>G33 6FB</cbc:PostalZone>
									<cac:Country>
										<cbc:IdentificationCode listName="country">GBR</cbc:IdentificationCode>
									</cac:Country>
								</cac:PostalAddress>
								<cac:PartyLegalEntity>
									<cbc:CompanyID>123 456 789</cbc:CompanyID>
								</cac:PartyLegalEntity>
								<cac:Contact>
									<cbc:Name>Frontdesk</cbc:Name>
									<cbc:Telephone>+44 7875870000</cbc:Telephone>
									<cbc:Telefax>+44 78758700009</cbc:Telefax>
									<cbc:ElectronicMail>contact@scottishwater.co.uk</cbc:ElectronicMail>
								</cac:Contact>
							</efac:Company>
							<efac:TouchPoint>
								<cbc:WebsiteURI>https://www.scottishwater.co.uk/</cbc:WebsiteURI>
								<cac:PartyIdentification>
									<cbc:ID schemeName="touchpoint">TPO-0001</cbc:ID>
								</cac:PartyIdentification>
								<cac:PartyName>
									<cbc:Name languageID="ENG">Procurement Team</cbc:Name>
								</cac:PartyName>
								<cac:PostalAddress>
									<cbc:StreetName>6 Buchanan Gate</cbc:StreetName>
									<cbc:CityName>Glasgow</cbc:CityName>
									<cbc:PostalZone>G33 6FB</cbc:PostalZone>
									<cac:Country>
										<cbc:IdentificationCode listName="country">GBR</cbc:IdentificationCode>
									</cac:Country>
								</cac:PostalAddress>
								<cac:Contact>
									<cbc:Telephone>+44 8000778778</cbc:Telephone>
									<cbc:Telefax>+44 80007787789</cbc:Telefax>
									<cbc:ElectronicMail>contact@example-mediator.com</cbc:ElectronicMail>
								</cac:Contact>
							</efac:TouchPoint>
						</efac:Organization>
						<efac:Organization>
							<efac:Company>
								<cbc:WebsiteURI>https://sheriff.gov.uk</cbc:WebsiteURI>
								<cac:PartyIdentification>
									<cbc:ID schemeName="organization">ORG-0002</cbc:ID>
								</cac:PartyIdentification>
								<cac:PartyName>
									<cbc:Name languageID="ENG">Glasgow Sheriff Court</cbc:Name>
								</cac:PartyName>
								<cac:PostalAddress>
									<cbc:CityName>Glasgow</cbc:CityName>
									<cbc:PostalZone>ABC123</cbc:PostalZone>
									<cac:Country>
										<cbc:IdentificationCode listName="country">GBR</cbc:IdentificationCode>
									</cac:Country>
								</cac:PostalAddress>
								<cac:PartyLegalEntity>
									<cbc:CompanyID>321 654 789</cbc:CompanyID>
								</cac:PartyLegalEntity>
								<cac:Contact>
									<cbc:Telephone>(+12)34567890</cbc:Telephone>
									<cbc:Telefax>(+12)345678909</cbc:Telefax>
									<cbc:ElectronicMail>contact@example.com</cbc:ElectronicMail>
								</cac:Contact>
							</efac:Company>
						</efac:Organization>
						<efac:Organization>
							<efac:Company>
								<cbc:WebsiteURI>https://esendercorp.eu</cbc:WebsiteURI>
								<cac:PartyIdentification>
									<cbc:ID schemeName="organization">ORG-0003</cbc:ID>
								</cac:PartyIdentification>
								<cac:PartyName>
									<cbc:Name languageID="ENG">eSendCorp</cbc:Name>
								</cac:PartyName>
								<cac:PostalAddress>
									<cbc:CityName>Luxembourg</cbc:CityName>
									<cbc:PostalZone>2985</cbc:PostalZone>
									<cbc:CountrySubentityCode listName="nuts">LU000</cbc:CountrySubentityCode>
									<cac:Country>
										<cbc:IdentificationCode listName="country">LUX</cbc:IdentificationCode>
									</cac:Country>
								</cac:PostalAddress>
								<cac:PartyLegalEntity>
									<cbc:CompanyID>111 222 333</cbc:CompanyID>
								</cac:PartyLegalEntity>
								<cac:Contact>
									<cbc:Telephone>+352 123456789</cbc:Telephone>
									<cbc:Telefax>+352 1234567899</cbc:Telefax>
									<cbc:ElectronicMail>esender@example.com</cbc:ElectronicMail>
								</cac:Contact>
							</efac:Company>
						</efac:Organization>
					</efac:Organizations>
				</efext:EformsExtension>
			</ext:ExtensionContent>
		</ext:UBLExtension>
	</ext:UBLExtensions>
	<cbc:UBLVersionID>2.3</cbc:UBLVersionID>
	<cbc:CustomizationID>eforms-sdk-1.13</cbc:CustomizationID>
	<cbc:ID schemeName="notice-id">39d68def-a6aa-4e85-aa8d-97f0600ea41e</cbc:ID>
	<cbc:ContractFolderID>027f7db6-596d-4395-87b9-d8a7b0e4b269</cbc:ContractFolderID>
	<cbc:IssueDate>2020-04-15+01:00</cbc:IssueDate>
	<cbc:IssueTime>03:23:02+01:00</cbc:IssueTime>
	<cbc:VersionID>01</cbc:VersionID>
	<cbc:RegulatoryDomain>32014L0025</cbc:RegulatoryDomain>
	<cbc:NoticeTypeCode listName="competition">cn-standard</cbc:NoticeTypeCode>
	<cbc:NoticeLanguageCode>ENG</cbc:NoticeLanguageCode>
	<cac:ContractingParty>
		<cac:ContractingPartyType>
			<cbc:PartyTypeCode listName="buyer-legal-type">pub-undert-ra</cbc:PartyTypeCode>
		</cac:ContractingPartyType>
		<cac:ContractingActivity>
			<cbc:ActivityTypeCode listName="entity-activity">water</cbc:ActivityTypeCode>
		</cac:ContractingActivity>
		<cac:Party>
			<cac:PartyIdentification>
				<cbc:ID schemeName="organization">ORG-0001</cbc:ID>
			</cac:PartyIdentification>
			<cac:ServiceProviderParty>
				<cbc:ServiceTypeCode listName="organisation-role">ted-esen</cbc:ServiceTypeCode>
				<cac:Party>
					<cac:PartyIdentification>
						<cbc:ID schemeName="organization">ORG-0003</cbc:ID>
					</cac:PartyIdentification>
				</cac:Party>
			</cac:ServiceProviderParty>
		</cac:Party>
	</cac:ContractingParty>
	<cac:TenderingTerms>
		<cac:TendererQualificationRequest>
			<cac:SpecificTendererRequirement>
				<cbc:TendererRequirementTypeCode listName="exclusion-grounds-source">epo-procurement-document</cbc:TendererRequirementTypeCode>
			</cac:SpecificTendererRequirement>
		</cac:TendererQualificationRequest>
	</cac:TenderingTerms>
	<cac:TenderingProcess>
		<cbc:ProcedureCode listName="procurement-procedure-type">neg-w-call</cbc:ProcedureCode>
		<cac:ProcessJustification>
			<cbc:ProcessReasonCode listName="accelerated-procedure">false</cbc:ProcessReasonCode>
		</cac:ProcessJustification>
	</cac:TenderingProcess>
	<cac:ProcurementProject>
		<cbc:ID schemeName="InternalID">SW19/ENY/1192</cbc:ID>
		<cbc:Name languageID="ENG">PV Servicing and Maintenance</cbc:Name>
		<cbc:Description languageID="ENG">Scottish Water has a requirement to procure services for the operation, servicing, reactive maintenance and capital maintenance of Scottish Water Energy Team’s suite of PV power assets. • The scope of the proposed PV contract is: — the contractor shall be capable of providing cleaning services of the PV panels and provide evidence; — the contractor must be able to operate the assets and provide evidence; — the contractor shall be capable of providing servicing of the assets and provide evidence; — the contractor shall be capable of delivering planned (ie capital) and reactive MEICA maintenance of the assets and component parts; — the contractor shall be able to produce inspection and servicing reports and asset condition reports; — the contractor shall be able to do root cause analysis and investigation of any failures; — the contractor shall be capable of maximising generation and asset availability.</cbc:Description>
		<cbc:ProcurementTypeCode listName="contract-nature">services</cbc:ProcurementTypeCode>
		<cbc:Note languageID="ENG">The PQQ documents can also be accessed by logging in through the Scottish Water Delta e-sourcing webpage https://scottishwater.delta-esourcing.com/ and through the response manager section using the following Access Code: Z9Q7MGAEA8</cbc:Note>
		<cac:RequestedTenderTotal>
			<cbc:EstimatedOverallContractAmount currencyID="EUR">1500000</cbc:EstimatedOverallContractAmount>
		</cac:RequestedTenderTotal>
		<cac:MainCommodityClassification>
			<cbc:ItemClassificationCode listName="cpv">50000000</cbc:ItemClassificationCode>
		</cac:MainCommodityClassification>
		<cac:AdditionalCommodityClassification>
			<cbc:ItemClassificationCode listName="cpv">09331200</cbc:ItemClassificationCode>
		</cac:AdditionalCommodityClassification>
		<cac:AdditionalCommodityClassification>
			<cbc:ItemClassificationCode listName="cpv">31712331</cbc:ItemClassificationCode>
		</cac:AdditionalCommodityClassification>
		<cac:RealizedLocation>
			<cbc:Description languageID="ENG">SCOTLAND</cbc:Description>
			<cac:Address>
				<cac:Country>
					<cbc:IdentificationCode listName="country">GBR</cbc:IdentificationCode>
				</cac:Country>
			</cac:Address>
		</cac:RealizedLocation>
	</cac:ProcurementProject>
	<cac:ProcurementProjectLot>
		<cbc:ID schemeName="Lot">LOT-0000</cbc:ID>
		<cac:TenderingTerms>
			<ext:UBLExtensions>
				<ext:UBLExtension>
					<ext:ExtensionContent>
						<efext:EformsExtension>
							<efac:SelectionCriteria>
								<cbc:TendererRequirementTypeCode  listName="selection-criterion">slc-suit-reg-prof</cbc:TendererRequirementTypeCode >
								<cbc:Description languageID="ENG">Selection criteria as stated in the procurement documents</cbc:Description>
								<efbc:SecondStageIndicator>true</efbc:SecondStageIndicator>
							</efac:SelectionCriteria>
							<efac:SelectionCriteria>
								<cbc:TendererRequirementTypeCode  listName="selection-criterion">slc-stand-other</cbc:TendererRequirementTypeCode >
								<cbc:Description languageID="ENG">Applicants will be expected to be of sufficient financial and economic standing to support the anticipated contract value. All applicants must complete the financial questions within the pre-qualification questionnaire and tender documents. Financial standing relevant to the anticipated contract value will be determined by Scottish Water based on the response to the pre-qualification questionnaire and any further financial checks deemed necessary.</cbc:Description>
								<efbc:SecondStageIndicator>false</efbc:SecondStageIndicator>
							</efac:SelectionCriteria>
							<efac:SelectionCriteria>
								<cbc:TendererRequirementTypeCode  listName="selection-criterion">slc-abil-staff-tech-work</cbc:TendererRequirementTypeCode >
								<cbc:Description languageID="ENG">Selection criteria as stated in the procurement documents</cbc:Description>
								<efbc:SecondStageIndicator>true</efbc:SecondStageIndicator>
							</efac:SelectionCriteria>
						</efext:EformsExtension>
					</ext:ExtensionContent>
				</ext:UBLExtension>
			</ext:UBLExtensions>
			<cbc:VariantConstraintCode listName="permission">not-allowed</cbc:VariantConstraintCode>
			<cbc:RequiredCurriculaCode listName="requirement-stage">t-requ</cbc:RequiredCurriculaCode>
			<cac:RequiredFinancialGuarantee>
				<cbc:GuaranteeTypeCode listName="tender-guarantee-required">true</cbc:GuaranteeTypeCode>
				<cbc:Description languageID="ENG">Scottish Water reserves the right to require deposits, guarantees, bonds or other forms of appropriate security.</cbc:Description>
			</cac:RequiredFinancialGuarantee>
			<cac:CallForTendersDocumentReference>
				<ext:UBLExtensions>
					<ext:UBLExtension>
						<ext:ExtensionContent>
							<efext:EformsExtension>
								<efac:OfficialLanguages>
									<cac:Language>
										<cbc:ID>ENG</cbc:ID>
									</cac:Language>
								</efac:OfficialLanguages>
							</efext:EformsExtension>
						</ext:ExtensionContent>
					</ext:UBLExtension>
				</ext:UBLExtensions>
				<cbc:ID>SomeTenderDocID1</cbc:ID>
				<cbc:DocumentType>non-restricted-document</cbc:DocumentType>
				<cac:Attachment>
					<cac:ExternalReference>
						<cbc:URI>https://www.delta-esourcing.com/tenders/UK-UK-Glasgow:-Repair-and-maintenance-services./Z9Q7MGAEA8</cbc:URI>
					</cac:ExternalReference>
				</cac:Attachment>
			</cac:CallForTendersDocumentReference>
			<cac:PaymentTerms>
				<cbc:Note languageID="ENG">All prices quoted shall be in Sterling (UK) and all payments shall be made in Sterling (UK). Payment shall be made on the basis of completed services in accordance with the agreed contract rates, schedules and conditions of contract.</cbc:Note>
			</cac:PaymentTerms>
			<cac:TendererQualificationRequest>
				<cac:SpecificTendererRequirement>
					<cbc:TendererRequirementTypeCode listName="reserved-procurement">none</cbc:TendererRequirementTypeCode>
				</cac:SpecificTendererRequirement>
			</cac:TendererQualificationRequest>
			<cac:TendererQualificationRequest>
				<cbc:CompanyLegalFormCode listName="required">true</cbc:CompanyLegalFormCode>
				<cbc:CompanyLegalForm languageID="ENG">In the event of a group of companies submitting an accepted offer it will be necessary for each member of the group to sign an undertaking that each company in the group will be jointly and severally liable for the satisfactory performance of the contract.</cbc:CompanyLegalForm>
			</cac:TendererQualificationRequest>
			<cac:TendererQualificationRequest>
				<cac:SpecificTendererRequirement>
					<cbc:TendererRequirementTypeCode listName="selection-criteria-source">epo-notice</cbc:TendererRequirementTypeCode>
				</cac:SpecificTendererRequirement>
				<cac:SpecificTendererRequirement>
					<cbc:TendererRequirementTypeCode listName="selection-criteria-source">epo-procurement-document</cbc:TendererRequirementTypeCode>
				</cac:SpecificTendererRequirement>
			</cac:TendererQualificationRequest>
			<cac:ContractExecutionRequirement>
				<cbc:ExecutionRequirementCode listName="reserved-execution">yes</cbc:ExecutionRequirementCode>
			</cac:ContractExecutionRequirement>
			<cac:ContractExecutionRequirement>
				<cbc:ExecutionRequirementCode listName="conditions">performance</cbc:ExecutionRequirementCode>
				<cbc:Description languageID="ENG">Bidders must comply with modern slavery act and operate an ethical supply chain.</cbc:Description>
			</cac:ContractExecutionRequirement>
			<cac:ContractExecutionRequirement>
				<cbc:ExecutionRequirementCode listName="einvoicing">required</cbc:ExecutionRequirementCode>
			</cac:ContractExecutionRequirement>
			<cac:ContractExecutionRequirement>
				<cbc:ExecutionRequirementCode listName="ecatalog-submission">allowed</cbc:ExecutionRequirementCode>
			</cac:ContractExecutionRequirement>
			<cac:AwardingTerms>
				<cac:AwardingCriterion>
					<cac:SubordinateAwardingCriterion>
						<cbc:AwardingCriterionTypeCode listName="award-criterion-type">cost</cbc:AwardingCriterionTypeCode>
						<cbc:Description languageID="ENG">Price is not the only award criterion and all criteria are stated only in the procurement documents</cbc:Description>
					</cac:SubordinateAwardingCriterion>
				</cac:AwardingCriterion>
			</cac:AwardingTerms>
			<cac:AdditionalInformationParty>
				<cac:PartyIdentification>
					<cbc:ID schemeName="organization">ORG-0001</cbc:ID>
				</cac:PartyIdentification>
			</cac:AdditionalInformationParty>
			<cac:TenderRecipientParty>
				<cbc:EndpointID>https://www.delta-esourcing.com/tenders/UK-title/Z9Q7MGAEA8</cbc:EndpointID>
			</cac:TenderRecipientParty>
			<cac:AppealTerms>
				<cac:PresentationPeriod>
					<cbc:Description languageID="ENG">Within ...</cbc:Description>
				</cac:PresentationPeriod>
				<cac:AppealInformationParty>
					<cac:PartyIdentification>
						<cbc:ID schemeName="organization">ORG-0001</cbc:ID>
					</cac:PartyIdentification>
				</cac:AppealInformationParty>
				<cac:AppealReceiverParty>
					<cac:PartyIdentification>
						<cbc:ID schemeName="organization">ORG-0002</cbc:ID>
					</cac:PartyIdentification>
				</cac:AppealReceiverParty>
				<cac:MediationParty>
					<cac:PartyIdentification>
						<cbc:ID schemeName="touchpoint">TPO-0001</cbc:ID>
					</cac:PartyIdentification>
				</cac:MediationParty>
			</cac:AppealTerms>
			<cac:Language>
				<cbc:ID>ENG</cbc:ID>
			</cac:Language>
			<cac:PostAwardProcess>
				<cbc:ElectronicOrderUsageIndicator>true</cbc:ElectronicOrderUsageIndicator>
				<cbc:ElectronicPaymentUsageIndicator>true</cbc:ElectronicPaymentUsageIndicator>
			</cac:PostAwardProcess>
		</cac:TenderingTerms>
		<cac:TenderingProcess>
			<cbc:SubmissionMethodCode listName="esubmission">required</cbc:SubmissionMethodCode>
			<cbc:CandidateReductionConstraintIndicator>true</cbc:CandidateReductionConstraintIndicator>
			<cbc:GovernmentAgreementConstraintIndicator>true</cbc:GovernmentAgreementConstraintIndicator>
			<cac:ParticipationRequestReceptionPeriod>
				<cbc:EndDate>2020-05-27+01:00</cbc:EndDate>
				<cbc:EndTime>11:00:00+01:00</cbc:EndTime>
			</cac:ParticipationRequestReceptionPeriod>
			<cac:EconomicOperatorShortList>
				<cbc:LimitationDescription>true</cbc:LimitationDescription>
				<cbc:MaximumQuantity>3</cbc:MaximumQuantity>
				<cbc:MinimumQuantity>3</cbc:MinimumQuantity>
			</cac:EconomicOperatorShortList>
			<cac:AuctionTerms>
				<cbc:AuctionConstraintIndicator>false</cbc:AuctionConstraintIndicator>
			</cac:AuctionTerms>
			<cac:ContractingSystem>
				<cbc:ContractingSystemTypeCode listName="framework-agreement">fa-w-rc</cbc:ContractingSystemTypeCode>
			</cac:ContractingSystem>
			<cac:ContractingSystem>
				<cbc:ContractingSystemTypeCode listName="dps-usage">none</cbc:ContractingSystemTypeCode>
			</cac:ContractingSystem>
		</cac:TenderingProcess>
		<cac:ProcurementProject>
			<cbc:ID schemeName="InternalID">SW19/ENY/1192</cbc:ID>
			<cbc:Name languageID="ENG">PV Servicing and Maintenance</cbc:Name>
			<cbc:Description languageID="ENG">• Scottish Water has a requirement to procure services for the operation, servicing, reactive maintenance and capital maintenance of Scottish Water Energy Team’s suite of PV power assets. — the contractor shall be capable of providing cleaning services of the PV panels and provide evidence; — The contractor must be able to operate the assets and provide evidence; — the contractor shall be capable of providing servicing of the assets and provide evidence; — the contractor shall be capable of delivering planned (ie capital) and reactive MEICA maintenance of the assets and component parts; — the contractor shall be able to produce inspection and servicing reports and asset condition reports; — the contractor shall be able to do root cause analysis and investigation of any failures; — the contractor shall be capable of maximising generation and asset availability.</cbc:Description>
			<cbc:ProcurementTypeCode listName="contract-nature">services</cbc:ProcurementTypeCode>
			<cbc:Note languageID="ENG">Scottish Water will not accept the ESPD. We will only accept a completed Scottish Water PQQ document. This Notice does not preclude Scottish Water from issuing other notices for specific requirements. Responses to the OJEU notice will be evaluated and only successful applicants following PQQ evaluation will be invited to submit a tender. Scottish Water reserves the right to divide the scope of the contract into lots at tender and contract award stages as it deems appropriate. Applicants who fail to supply all of the information requested in response to this notice or any resulting tender exercise may risk elimination For more information about this opportunity, please visit the Delta eSourcing portal at: https://scottishwater.delta-esourcing.com/tenders/UK-UK-Glasgow:-Repair-and-maintenance-services./Z9Q7MGAEA8 To respond to this opportunity, please click here: https://scottishwater.delta-esourcing.com/respond/Z9Q7MGAEA8 Go reference: GO-2020415-PRO-16373612</cbc:Note>
			<cac:MainCommodityClassification>
				<cbc:ItemClassificationCode listName="cpv">50000000</cbc:ItemClassificationCode>
			</cac:MainCommodityClassification>
			<cac:RealizedLocation>
				<cbc:Description languageID="ENG">SCOTLAND</cbc:Description>
				<cac:Address>
					<cac:Country>
						<cbc:IdentificationCode listName="country">GBR</cbc:IdentificationCode>
					</cac:Country>
				</cac:Address>
			</cac:RealizedLocation>
			<cac:PlannedPeriod>
				<cbc:StartDate>2020-09-01+02:00</cbc:StartDate>
				<cbc:DurationMeasure unitCode="MONTH">5</cbc:DurationMeasure>
			</cac:PlannedPeriod>
			<cac:ContractExtension>
				<cbc:MaximumNumberNumeric>1</cbc:MaximumNumberNumeric>
				<cac:Renewal>
					<cac:Period>
						<cbc:Description languageID="ENG">5 years of extension options.</cbc:Description>
					</cac:Period>
				</cac:Renewal>
			</cac:ContractExtension>
		</cac:ProcurementProject>
	</cac:ProcurementProjectLot>
</ContractNotice>