<?xml version="1.0"?>
<!-- Voluntary form E2 with minimal amount of information.
-->
<PriorInformationNotice xmlns="urn:oasis:names:specification:ubl:schema:xsd:PriorInformationNotice-2" xmlns:ext="urn:oasis:names:specification:ubl:schema:xsd:CommonExtensionComponents-2" xmlns:cbc="urn:oasis:names:specification:ubl:schema:xsd:CommonBasicComponents-2" xmlns:efext="http://data.europa.eu/p27/eforms-ubl-extensions/1" xmlns:efbc="http://data.europa.eu/p27/eforms-ubl-extension-basic-components/1" xmlns:efac="http://data.europa.eu/p27/eforms-ubl-extension-aggregate-components/1" xmlns:cac="urn:oasis:names:specification:ubl:schema:xsd:CommonAggregateComponents-2" xmlns:xsi="http://www.w3.org/2001/XMLSchema-instance">
	<ext:UBLExtensions>
		<ext:UBLExtension>
			<ext:ExtensionContent>
				<efext:EformsExtension>
					<efac:NoticeSubType>
						<cbc:SubTypeCode listName="notice-subtype">E1</cbc:SubTypeCode>
					</efac:NoticeSubType>
					<efac:Organizations>
						<efac:Organization>
							<efac:Company>
								<cac:PartyIdentification>
									<cbc:ID schemeName="organization">ORG-0001</cbc:ID>
								</cac:PartyIdentification>
								<cac:PartyName>
									<cbc:Name languageID="ENG">Buyer Org</cbc:Name>
								</cac:PartyName>
								<cac:PostalAddress>
									<cac:Country>
										<cbc:IdentificationCode listName="country">LUX</cbc:IdentificationCode>
									</cac:Country>
								</cac:PostalAddress>
							</efac:Company>
						</efac:Organization>
					</efac:Organizations>
				</efext:EformsExtension>
			</ext:ExtensionContent>
		</ext:UBLExtension>
	</ext:UBLExtensions>
	<cbc:UBLVersionID>2.3</cbc:UBLVersionID>
	<cbc:CustomizationID>eforms-sdk-1.13</cbc:CustomizationID>
	<cbc:ID schemeName="notice-id">52fe3748-f475-4381-9dbf-31ebb08889e8</cbc:ID>
	<cbc:IssueDate>2024-12-05+01:00</cbc:IssueDate>
	<cbc:IssueTime>12:00:00+01:00</cbc:IssueTime>
	<cbc:VersionID>01</cbc:VersionID>
	<cbc:RegulatoryDomain>other</cbc:RegulatoryDomain>
	<cbc:NoticeTypeCode listName="consultation">pmc</cbc:NoticeTypeCode>
	<cbc:NoticeLanguageCode>ENG</cbc:NoticeLanguageCode>
	<cac:ContractingParty>
		<cac:Party>
			<cac:PartyIdentification>
				<cbc:ID schemeName="organization">ORG-0001</cbc:ID>
			</cac:PartyIdentification>
		</cac:Party>
	</cac:ContractingParty>
	<cac:ProcurementProject>
		<cbc:Name languageID="ENG">Procedure Name</cbc:Name>
		<cbc:Description languageID="ENG">Procedure description</cbc:Description>
		<cbc:ProcurementTypeCode listName="contract-nature">services</cbc:ProcurementTypeCode>
		<cac:MainCommodityClassification>
			<cbc:ItemClassificationCode listName="cpv">72000000</cbc:ItemClassificationCode>
		</cac:MainCommodityClassification>
		<cac:RealizedLocation>
			<cac:Address>
				<cbc:Region>anyw-eea</cbc:Region>
			</cac:Address>
		</cac:RealizedLocation>
	</cac:ProcurementProject>
	<cac:ProcurementProjectLot>
		<cbc:ID schemeName="Lot">LOT-0001</cbc:ID>
		<cac:TenderingTerms>
			<cac:TenderRecipientParty>
				<cbc:EndpointID>https://example.com/endpoint</cbc:EndpointID>
			</cac:TenderRecipientParty>
			<cac:Language>
				<cbc:ID>ENG</cbc:ID>
			</cac:Language>
		</cac:TenderingTerms>
		<cac:TenderingProcess>
			<ext:UBLExtensions>
				<ext:UBLExtension>
					<ext:ExtensionContent>
						<efext:EformsExtension>
							<efac:AnswerReceptionPeriod>
								<cbc:EndDate>2025-06-01+02:00</cbc:EndDate>
								<cbc:EndTime>12:00:00+02:00</cbc:EndTime>
							</efac:AnswerReceptionPeriod>
						</efext:EformsExtension>
					</ext:ExtensionContent>
				</ext:UBLExtension>
			</ext:UBLExtensions>
		</cac:TenderingProcess>
		<cac:ProcurementProject>
			<cbc:Name languageID="ENG">Lot Name</cbc:Name>
			<cbc:Description languageID="ENG">Lot description</cbc:Description>
			<cbc:ProcurementTypeCode listName="contract-nature">services</cbc:ProcurementTypeCode>
			<cac:MainCommodityClassification>
				<cbc:ItemClassificationCode listName="cpv">72000000</cbc:ItemClassificationCode>
			</cac:MainCommodityClassification>
			<cac:RealizedLocation>
				<cac:Address>
					<cbc:Region>anyw-eea</cbc:Region>
				</cac:Address>
			</cac:RealizedLocation>
		</cac:ProcurementProject>
	</cac:ProcurementProjectLot>
</PriorInformationNotice>