<?xml version="1.0" ?>
<!-- Based on https://ted.europa.eu/udl?uri=TED:NOTICE:183244-2020:TEXT:EN:HTML
-->
<PriorInformationNotice xmlns="urn:oasis:names:specification:ubl:schema:xsd:PriorInformationNotice-2" xmlns:ext="urn:oasis:names:specification:ubl:schema:xsd:CommonExtensionComponents-2" xmlns:cbc="urn:oasis:names:specification:ubl:schema:xsd:CommonBasicComponents-2" xmlns:efext="http://data.europa.eu/p27/eforms-ubl-extensions/1" xmlns:efbc="http://data.europa.eu/p27/eforms-ubl-extension-basic-components/1" xmlns:efac="http://data.europa.eu/p27/eforms-ubl-extension-aggregate-components/1" xmlns:cac="urn:oasis:names:specification:ubl:schema:xsd:CommonAggregateComponents-2" xmlns:xsi="http://www.w3.org/2001/XMLSchema-instance">
	<ext:UBLExtensions>
		<ext:UBLExtension>
			<ext:ExtensionContent>
				<efext:EformsExtension>
					<efac:NoticeSubType>
						<cbc:SubTypeCode listName="notice-subtype">6</cbc:SubTypeCode>
					</efac:NoticeSubType>
					<efac:Organizations>
						<efac:Organization>
							<efac:Company>
								<cbc:WebsiteURI>https://www.contracts.mod.uk</cbc:WebsiteURI>
								<cac:PartyIdentification>
									<cbc:ID schemeName="organization">ORG-0001</cbc:ID>
								</cac:PartyIdentification>
								<cac:PartyName>
									<cbc:Name languageID="ENG">Ministry of Defence, C&amp;C, C&amp;C</cbc:Name>
								</cac:PartyName>
								<cac:PostalAddress>
									<cbc:StreetName>Ministry of Defence, C&amp;C, Defence Medical Services (DMS), DMS Whittington</cbc:StreetName>
									<cbc:CityName>Lichfield</cbc:CityName>
									<cbc:PostalZone>WS14 9PY</cbc:PostalZone>
									<cac:Country>
										<cbc:IdentificationCode listName="country">GBR</cbc:IdentificationCode>
									</cac:Country>
								</cac:PostalAddress>
								<cac:Contact>
									<cbc:Telephone>+44 3067700301</cbc:Telephone>
									<cbc:Telefax>+44 30677003019</cbc:Telefax>
									<cbc:ElectronicMail>ashleigh.ely100@mod.gov.uk</cbc:ElectronicMail>
								</cac:Contact>
							</efac:Company>
						</efac:Organization>
						<efac:Organization>
							<efac:Company>
								<cbc:WebsiteURI>https://esendercorp.eu</cbc:WebsiteURI>
								<cac:PartyIdentification>
									<cbc:ID schemeName="organization">ORG-0002</cbc:ID>
								</cac:PartyIdentification>
								<cac:PartyName>
									<cbc:Name languageID="ENG">eSendCorp</cbc:Name>
								</cac:PartyName>
								<cac:PostalAddress>
									<cbc:CityName>Luxembourg</cbc:CityName>
									<cbc:PostalZone>2985</cbc:PostalZone>
									<cbc:CountrySubentityCode listName="nuts">LU000</cbc:CountrySubentityCode>
									<cac:Country>
										<cbc:IdentificationCode listName="country">LUX</cbc:IdentificationCode>
									</cac:Country>
								</cac:PostalAddress>
								<cac:PartyLegalEntity>
									<cbc:CompanyID>111 222 333</cbc:CompanyID>
								</cac:PartyLegalEntity>
								<cac:Contact>
									<cbc:Telephone>+352 123456789</cbc:Telephone>
									<cbc:Telefax>+352 1234567899</cbc:Telefax>
									<cbc:ElectronicMail>esender@example.com</cbc:ElectronicMail>
								</cac:Contact>
							</efac:Company>
						</efac:Organization>
					</efac:Organizations>
				</efext:EformsExtension>
			</ext:ExtensionContent>
		</ext:UBLExtension>
	</ext:UBLExtensions>
	<cbc:UBLVersionID>2.3</cbc:UBLVersionID>
	<cbc:CustomizationID>eforms-sdk-1.13</cbc:CustomizationID>
	<cbc:ID schemeName="notice-id">64bdfc22-2f35-4109-9817-a8f0bd9468b6</cbc:ID>
	<cbc:IssueDate>2020-04-16+01:00</cbc:IssueDate>
	<cbc:IssueTime>12:35:04+01:00</cbc:IssueTime>
	<cbc:VersionID>01</cbc:VersionID>
	<cbc:PlannedDate>2020-08-01+02:00</cbc:PlannedDate>
	<cbc:RegulatoryDomain>32009L0081</cbc:RegulatoryDomain>
	<cbc:NoticeTypeCode listName="planning">pin-only</cbc:NoticeTypeCode>
	<cbc:NoticeLanguageCode>ENG</cbc:NoticeLanguageCode>
	<cac:ContractingParty>
		<cac:Party>
			<cac:PartyIdentification>
				<cbc:ID schemeName="organization">ORG-0001</cbc:ID>
			</cac:PartyIdentification>
			<cac:ServiceProviderParty>
				<cbc:ServiceTypeCode listName="organisation-role">ted-esen</cbc:ServiceTypeCode>
				<cac:Party>
					<cac:PartyIdentification>
						<cbc:ID schemeName="organization">ORG-0002</cbc:ID>
					</cac:PartyIdentification>
				</cac:Party>
			</cac:ServiceProviderParty>
		</cac:Party>
	</cac:ContractingParty>
	<cac:ProcurementProject>
		<cbc:ID schemeName="InternalID">700032337</cbc:ID>
		<cbc:Name languageID="ENG">Provision of Worldwide Linguistic Services in Support of UK MoD Operations</cbc:Name>
		<cbc:Description languageID="ENG">The authority has identified a requirement for a single supplier framework agreement for linguistic services in support of Permanent Joint Headquarters (PJHQ) and other user worldwide operations. This requirement shall include linguists at a variety of skill and security clearance levels to meet pre-defined roles but will also necessitate short notice deployments in to emerging operational locations when required by the authority. The authority will be looking to place a contract for four (4) years, with the potential to extend for a further twenty-four (24) months. The authority will be looking to place a contract notice for this requirement, with further details of the requirement, in the next 1-4 months. Interested suppliers will be expected to complete a Dynamic Pre-Qualification Questionnaire (DPQQ) with a minimum of three suppliers taken through to the invitation to tender (ITT) stage</cbc:Description>
		<cbc:ProcurementTypeCode listName="contract-nature">services</cbc:ProcurementTypeCode>
		<cbc:Note languageID="ENG">The authority reserves the right to amend any condition related to security of information to reflect any changes in national law or government policy. If any contract documents are accompanied by instructions on safeguarding classified information (e.g. a Security Aspects Letter), the authority reserves the right to amend the terms of these instructions to reflect any changes in national law or government policy, whether in respect of the applicable protective marking scheme, specific protective markings given, the aspects to which any protective marking applies or otherwise. The link below to the Gov.uk website provides information on the Government Security Classification. https://www.gov.uk/government/publications/government-security-classifications Advertising regime OJEU: This contract opportunity is published in the Official Journal of the European Union (OJEU), the MoD Defence Contracts Bulletin and www.contracts.mod.uk Go reference: GO-2020416-DCB-16375622</cbc:Note>
		<cac:MainCommodityClassification>
			<cbc:ItemClassificationCode listName="cpv">79530000</cbc:ItemClassificationCode>
		</cac:MainCommodityClassification>
		<cac:RealizedLocation>
			<cac:Address>
				<cbc:Region>anyw-cou</cbc:Region>
				<cac:Country>
					<cbc:IdentificationCode listName="country">GBR</cbc:IdentificationCode>
				</cac:Country>
			</cac:Address>
		</cac:RealizedLocation>
	</cac:ProcurementProject>
	<cac:ProcurementProjectLot>
		<cbc:ID schemeName="Part">PAR-0000</cbc:ID>
		<cac:TenderingTerms>
			<cac:FiscalLegislationDocumentReference>
				<cbc:ID>ID1</cbc:ID>
				<cac:Attachment>
					<cac:ExternalReference>
						<cbc:URI>https://example.com/fiscal-legislation</cbc:URI>
					</cac:ExternalReference>
				</cac:Attachment>
				<cac:IssuerParty>
					<cac:PartyIdentification>
						<cbc:ID schemeName="organization">ORG-0001</cbc:ID>
					</cac:PartyIdentification>
				</cac:IssuerParty>
			</cac:FiscalLegislationDocumentReference>
			<cac:EnvironmentalLegislationDocumentReference>
				<cbc:ID>ID2</cbc:ID>
				<cac:Attachment>
					<cac:ExternalReference>
						<cbc:URI>https://example.com/environmental-legislation</cbc:URI>
					</cac:ExternalReference>
				</cac:Attachment>
				<cac:IssuerParty>
					<cac:PartyIdentification>
						<cbc:ID schemeName="organization">ORG-0001</cbc:ID>
					</cac:PartyIdentification>
				</cac:IssuerParty>
			</cac:EnvironmentalLegislationDocumentReference>
			<cac:EmploymentLegislationDocumentReference>
				<cbc:ID>ID3</cbc:ID>
				<cac:Attachment>
					<cac:ExternalReference>
						<cbc:URI>https://example.com/employment-legislation</cbc:URI>
					</cac:ExternalReference>
				</cac:Attachment>
				<cac:IssuerParty>
					<cac:PartyIdentification>
						<cbc:ID schemeName="organization">ORG-0001</cbc:ID>
					</cac:PartyIdentification>
				</cac:IssuerParty>
			</cac:EmploymentLegislationDocumentReference>
		</cac:TenderingTerms>
		<cac:ProcurementProject>
			<cbc:Name languageID="ENG">Provision of Worldwide Linguistic Services in Support of UK MoD Operations</cbc:Name>
			<cbc:Description languageID="ENG">The authority has identified a requirement for a single supplier framework agreement for linguistic services in support of Permanent Joint Headquarters (PJHQ) and other user worldwide operations. This requirement shall include linguists at a variety of skill and security clearance levels to meet pre-defined roles but will also necessitate short notice deployments in to emerging operational locations when required by the authority. The authority will be looking to place a contract for four (4) years, with the potential to extend for a further twenty-four (24) months. The authority will be looking to place a contract notice for this requirement, with further details of the requirement, in the next 1-4 months. Interested suppliers will be expected to complete a Dynamic Pre-Qualification Questionnaire (DPQQ) with a minimum of three suppliers taken through to the invitation to tender (ITT) stage</cbc:Description>
			<cbc:ProcurementTypeCode listName="contract-nature">services</cbc:ProcurementTypeCode>
			<cac:MainCommodityClassification>
				<cbc:ItemClassificationCode listName="cpv">79530000</cbc:ItemClassificationCode>
			</cac:MainCommodityClassification>
			<cac:RealizedLocation>
				<cac:Address>
					<cbc:Region>anyw-cou</cbc:Region>
					<cac:Country>
						<cbc:IdentificationCode listName="country">GBR</cbc:IdentificationCode>
					</cac:Country>
				</cac:Address>
			</cac:RealizedLocation>
			<cac:PlannedPeriod>
				<cbc:StartDate>2021-04-23+02:00</cbc:StartDate>
				<cbc:DurationMeasure unitCode="YEAR">4</cbc:DurationMeasure>
			</cac:PlannedPeriod>
		</cac:ProcurementProject>
	</cac:ProcurementProjectLot>
</PriorInformationNotice>