<?xml version="1.0" encoding="UTF-8"?>
<!-- Prior information-only notice with the maximum amount of information possible.
	 Values used are fictitious, and may be redundant or inconsistent.
-->
<PriorInformationNotice xmlns:cac="urn:oasis:names:specification:ubl:schema:xsd:CommonAggregateComponents-2" xmlns:ext="urn:oasis:names:specification:ubl:schema:xsd:CommonExtensionComponents-2" xmlns="urn:oasis:names:specification:ubl:schema:xsd:PriorInformationNotice-2" xmlns:cbc="urn:oasis:names:specification:ubl:schema:xsd:CommonBasicComponents-2" xmlns:efac="http://data.europa.eu/p27/eforms-ubl-extension-aggregate-components/1" xmlns:efext="http://data.europa.eu/p27/eforms-ubl-extensions/1" xmlns:efbc="http://data.europa.eu/p27/eforms-ubl-extension-basic-components/1" xmlns:xsi="http://www.w3.org/2001/XMLSchema-instance">
	<ext:UBLExtensions>
		<ext:UBLExtension>
			<ext:ExtensionContent>
				<efext:EformsExtension>
					<efac:NoticeSubType>
						<cbc:SubTypeCode listName="notice-subtype">4</cbc:SubTypeCode>
					</efac:NoticeSubType>
					<efac:Organizations>
						<efac:Organization>
							<efac:Company>
								<!--BT-505-->
								<cbc:WebsiteURI>https://www.example.com</cbc:WebsiteURI>
								<!--BT-509-->
								<cbc:EndpointID>https://endpoint.example.com</cbc:EndpointID>
								<cac:PartyIdentification>
									<cbc:ID schemeName="organization">ORG-0001</cbc:ID>
								</cac:PartyIdentification>
								<!--BT-500-->
								<cac:PartyName>
									<cbc:Name languageID="ENG">Buyer Name</cbc:Name>
								</cac:PartyName>
								<cac:PostalAddress>
									<!--BT-510-->
									<cbc:StreetName>Bruce Wayne House</cbc:StreetName>
									<cbc:AdditionalStreetName>2 Gotham Street</cbc:AdditionalStreetName>
									<!--BT-16-->
									<cbc:Department>Finance</cbc:Department>
									<!--BT-513-->
									<cbc:CityName>Luxembourg</cbc:CityName>
									<!--BT-512-->
									<cbc:PostalZone>1234</cbc:PostalZone>
									<!--BT-507-->
									<cbc:CountrySubentityCode listName="nuts">LU000</cbc:CountrySubentityCode>
									<!--BT-514-->
									<cac:Country>
										<cbc:IdentificationCode listName="country">LUX</cbc:IdentificationCode>
									</cac:Country>
								</cac:PostalAddress>
								<cac:PartyLegalEntity>
									<!--BT-501-->
									<cbc:CompanyID>VAT12341</cbc:CompanyID>
								</cac:PartyLegalEntity>
								<cac:Contact>
									<!--BT-502-->
									<cbc:Name>Info desk</cbc:Name>
									<!--BT-503-->
									<cbc:Telephone>+44 123456780</cbc:Telephone>
									<!--BT-739-->
									<cbc:Telefax>+44 123456789</cbc:Telefax>
									<!--BT-506-->
									<cbc:ElectronicMail>info@example.com</cbc:ElectronicMail>
								</cac:Contact>
							</efac:Company>
						</efac:Organization>
						<efac:Organization>
							<efac:Company>
								<!--BT-505-->
								<cbc:WebsiteURI>https://www.example.com</cbc:WebsiteURI>
								<!--BT-509-->
								<cbc:EndpointID>https://endpoint.example.com</cbc:EndpointID>
								<cac:PartyIdentification>
									<cbc:ID schemeName="organization">ORG-0002</cbc:ID>
								</cac:PartyIdentification>
								<cac:PartyName>
									<!--BT-500-->
									<cbc:Name languageID="ENG">AdditionalInfo Name</cbc:Name>
								</cac:PartyName>
								<cac:PostalAddress>
									<!--BT-510-->
									<cbc:StreetName>Bruce Wayne House</cbc:StreetName>
									<cbc:AdditionalStreetName>2 Gotham Street</cbc:AdditionalStreetName>
									<!--BT-16-->
									<cbc:Department>Finance</cbc:Department>
									<!--BT-513-->
									<cbc:CityName>Luxembourg</cbc:CityName>
									<!--BT-512-->
									<cbc:PostalZone>1234</cbc:PostalZone>
									<!--BT-507-->
									<cbc:CountrySubentityCode listName="nuts">LU000</cbc:CountrySubentityCode>
									<!--BT-514-->
									<cac:Country>
										<cbc:IdentificationCode listName="country">LUX</cbc:IdentificationCode>
									</cac:Country>
								</cac:PostalAddress>
								<cac:PartyLegalEntity>
									<!--BT-501-->
									<cbc:CompanyID>VAT12342</cbc:CompanyID>
								</cac:PartyLegalEntity>
								<cac:Contact>
									<!--BT-502-->
									<cbc:Name languageID="ENG">Info desk</cbc:Name>
									<!--BT-503-->
									<cbc:Telephone>+44 123456780</cbc:Telephone>
									<!--BT-739-->
									<cbc:Telefax>+44 123456789</cbc:Telefax>
									<!--BT-506-->
									<cbc:ElectronicMail>info@example.com</cbc:ElectronicMail>
								</cac:Contact>
							</efac:Company>
						</efac:Organization>
						<efac:Organization>
							<efac:Company>
								<!--BT-505-->
								<cbc:WebsiteURI>https://www.example.com</cbc:WebsiteURI>
								<!--BT-509-->
								<cbc:EndpointID>https://endpoint.example.com</cbc:EndpointID>
								<cac:PartyIdentification>
									<cbc:ID schemeName="organization">ORG-0003</cbc:ID>
								</cac:PartyIdentification>
								<cac:PartyName>
									<!--BT-500-->
									<cbc:Name languageID="ENG">DocumentProvider Name</cbc:Name>
								</cac:PartyName>
								<cac:PostalAddress>
									<!--BT-510-->
									<cbc:StreetName>Bruce Wayne House</cbc:StreetName>
									<cbc:AdditionalStreetName>2 Gotham Street</cbc:AdditionalStreetName>
									<!--BT-16-->
									<cbc:Department>Finance</cbc:Department>
									<!--BT-513-->
									<cbc:CityName>Luxembourg</cbc:CityName>
									<!--BT-512-->
									<cbc:PostalZone>1234</cbc:PostalZone>
									<!--BT-507-->
									<cbc:CountrySubentityCode listName="nuts">LU000</cbc:CountrySubentityCode>
									<!--BT-514-->
									<cac:Country>
										<cbc:IdentificationCode listName="country">LUX</cbc:IdentificationCode>
									</cac:Country>
								</cac:PostalAddress>
								<cac:PartyLegalEntity>
									<!--BT-501-->
									<cbc:CompanyID>VAT12343</cbc:CompanyID>
								</cac:PartyLegalEntity>
								<cac:Contact>
									<!--BT-502-->
									<cbc:Name languageID="ENG">Info desk</cbc:Name>
									<!--BT-503-->
									<cbc:Telephone>+44 123456780</cbc:Telephone>
									<!--BT-739-->
									<cbc:Telefax>+44 123456789</cbc:Telefax>
									<!--BT-506-->
									<cbc:ElectronicMail>info@example.com</cbc:ElectronicMail>
								</cac:Contact>
							</efac:Company>
						</efac:Organization>
						<efac:Organization>
							<efac:Company>
								<!--BT-505-->
								<cbc:WebsiteURI>https://www.example.com</cbc:WebsiteURI>
								<cac:PartyIdentification>
									<cbc:ID schemeName="organization">ORG-0004</cbc:ID>
								</cac:PartyIdentification>
								<cac:PartyName>
									<!--BT-500-->
									<cbc:Name languageID="ENG">TenderRecipient Name</cbc:Name>
								</cac:PartyName>
								<cac:PostalAddress>
									<!--BT-510-->
									<cbc:StreetName>Bruce Wayne House</cbc:StreetName>
									<cbc:AdditionalStreetName>2 Gotham Street</cbc:AdditionalStreetName>
									<!--BT-16-->
									<cbc:Department>Finance</cbc:Department>
									<!--BT-513-->
									<cbc:CityName>Luxembourg</cbc:CityName>
									<!--BT-512-->
									<cbc:PostalZone>1234</cbc:PostalZone>
									<!--BT-507-->
									<cbc:CountrySubentityCode listName="nuts">LU000</cbc:CountrySubentityCode>
									<!--BT-514-->
									<cac:Country>
										<cbc:IdentificationCode listName="country">LUX</cbc:IdentificationCode>
									</cac:Country>
								</cac:PostalAddress>
								<cac:PartyLegalEntity>
									<!--BT-501-->
									<cbc:CompanyID>VAT12344</cbc:CompanyID>
								</cac:PartyLegalEntity>
								<cac:Contact>
									<!--BT-502-->
									<cbc:Name>Info desk</cbc:Name>
									<!--BT-503-->
									<cbc:Telephone>+44 123456780</cbc:Telephone>
									<!--BT-739-->
									<cbc:Telefax>+44 123456789</cbc:Telefax>
									<!--BT-506-->
									<cbc:ElectronicMail>info@example.com</cbc:ElectronicMail>
								</cac:Contact>
							</efac:Company>
						</efac:Organization>
						<efac:Organization>
							<efac:Company>
								<!--BT-505-->
								<cbc:WebsiteURI>https://www.example.com</cbc:WebsiteURI>
								<!--BT-509-->
								<cbc:EndpointID>https://endpoint.example.com</cbc:EndpointID>
								<cac:PartyIdentification>
									<cbc:ID schemeName="organization">ORG-0005</cbc:ID>
								</cac:PartyIdentification>
								<cac:PartyName>
									<!--BT-500-->
									<cbc:Name languageID="ENG">TenderEvaluation Name</cbc:Name>
								</cac:PartyName>
								<cac:PostalAddress>
									<!--BT-510-->
									<cbc:StreetName>Bruce Wayne House</cbc:StreetName>
									<cbc:AdditionalStreetName>2 Gotham Street</cbc:AdditionalStreetName>
									<!--BT-16-->
									<cbc:Department>Finance</cbc:Department>
									<!--BT-513-->
									<cbc:CityName>Luxembourg</cbc:CityName>
									<!--BT-512-->
									<cbc:PostalZone>1234</cbc:PostalZone>
									<!--BT-507-->
									<cbc:CountrySubentityCode listName="nuts">LU000</cbc:CountrySubentityCode>
									<!--BT-514-->
									<cac:Country>
										<cbc:IdentificationCode listName="country">LUX</cbc:IdentificationCode>
									</cac:Country>
								</cac:PostalAddress>
								<cac:PartyLegalEntity>
									<!--BT-501-->
									<cbc:CompanyID>VAT12345</cbc:CompanyID>
								</cac:PartyLegalEntity>
								<cac:Contact>
									<!--BT-502-->
									<cbc:Name>Info desk</cbc:Name>
									<!--BT-503-->
									<cbc:Telephone>+44 123456780</cbc:Telephone>
									<!--BT-739-->
									<cbc:Telefax>+44 123456789</cbc:Telefax>
									<!--BT-506-->
									<cbc:ElectronicMail>info@example.com</cbc:ElectronicMail>
								</cac:Contact>
							</efac:Company>
						</efac:Organization>
						<efac:Organization>
							<efac:Company>
								<!--BT-505-->
								<cbc:WebsiteURI>https://www.example.com</cbc:WebsiteURI>
								<!--BT-509-->
								<cbc:EndpointID>https://endpoint.example.com</cbc:EndpointID>
								<cac:PartyIdentification>
									<cbc:ID schemeName="organization">ORG-0006</cbc:ID>
								</cac:PartyIdentification>
								<cac:PartyName>
									<!--BT-500-->
									<cbc:Name languageID="ENG">AppealInfo Name</cbc:Name>
								</cac:PartyName>
								<cac:PostalAddress>
									<!--BT-510-->
									<cbc:StreetName>Bruce Wayne House</cbc:StreetName>
									<cbc:AdditionalStreetName>2 Gotham Street</cbc:AdditionalStreetName>
									<!--BT-16-->
									<cbc:Department>Finance</cbc:Department>
									<!--BT-513-->
									<cbc:CityName>Luxembourg</cbc:CityName>
									<!--BT-512-->
									<cbc:PostalZone>1234</cbc:PostalZone>
									<!--BT-507-->
									<cbc:CountrySubentityCode listName="nuts">LU000</cbc:CountrySubentityCode>
									<!--BT-514-->
									<cac:Country>
										<cbc:IdentificationCode listName="country">LUX</cbc:IdentificationCode>
									</cac:Country>
								</cac:PostalAddress>
								<cac:PartyLegalEntity>
									<!--BT-501-->
									<cbc:CompanyID>VAT12346</cbc:CompanyID>
								</cac:PartyLegalEntity>
								<cac:Contact>
									<!--BT-502-->
									<cbc:Name>Info desk</cbc:Name>
									<!--BT-503-->
									<cbc:Telephone>+44 123456780</cbc:Telephone>
									<!--BT-739-->
									<cbc:Telefax>+44 123456789</cbc:Telefax>
									<!--BT-506-->
									<cbc:ElectronicMail>info@example.com</cbc:ElectronicMail>
								</cac:Contact>
							</efac:Company>
						</efac:Organization>
						<efac:Organization>
							<efac:Company>
								<!--BT-505-->
								<cbc:WebsiteURI>https://www.example.com</cbc:WebsiteURI>
								<!--BT-509-->
								<cbc:EndpointID>https://endpoint.example.com</cbc:EndpointID>
								<cac:PartyIdentification>
									<cbc:ID schemeName="organization">ORG-0007</cbc:ID>
								</cac:PartyIdentification>
								<cac:PartyName>
									<!--BT-500-->
									<cbc:Name languageID="ENG">AppealReceiver Name</cbc:Name>
								</cac:PartyName>
								<cac:PostalAddress>
									<!--BT-510-->
									<cbc:StreetName>Bruce Wayne House</cbc:StreetName>
									<cbc:AdditionalStreetName>2 Gotham Street</cbc:AdditionalStreetName>
									<!--BT-16-->
									<cbc:Department>Finance</cbc:Department>
									<!--BT-513-->
									<cbc:CityName>Luxembourg</cbc:CityName>
									<!--BT-512-->
									<cbc:PostalZone>1234</cbc:PostalZone>
									<!--BT-507-->
									<cbc:CountrySubentityCode listName="nuts">LU000</cbc:CountrySubentityCode>
									<!--BT-514-->
									<cac:Country>
										<cbc:IdentificationCode listName="country">LUX</cbc:IdentificationCode>
									</cac:Country>
								</cac:PostalAddress>
								<cac:PartyLegalEntity>
									<!--BT-501-->
									<cbc:CompanyID>VAT12347</cbc:CompanyID>
								</cac:PartyLegalEntity>
								<cac:Contact>
									<!--BT-502-->
									<cbc:Name>Info desk</cbc:Name>
									<!--BT-503-->
									<cbc:Telephone>+44 123456780</cbc:Telephone>
									<!--BT-739-->
									<cbc:Telefax>+44 123456789</cbc:Telefax>
									<!--BT-506-->
									<cbc:ElectronicMail>info@example.com</cbc:ElectronicMail>
								</cac:Contact>
							</efac:Company>
						</efac:Organization>
						<efac:Organization>
							<efac:Company>
								<!--BT-505-->
								<cbc:WebsiteURI>https://www.example.com</cbc:WebsiteURI>
								<!--BT-509-->
								<cbc:EndpointID>https://endpoint.example.com</cbc:EndpointID>
								<cac:PartyIdentification>
									<cbc:ID schemeName="organization">ORG-0008</cbc:ID>
								</cac:PartyIdentification>
								<cac:PartyName>
									<!--BT-500-->
									<cbc:Name languageID="ENG">Mediator Name</cbc:Name>
								</cac:PartyName>
								<cac:PostalAddress>
									<!--BT-510-->
									<cbc:StreetName>Bruce Wayne House</cbc:StreetName>
									<cbc:AdditionalStreetName>2 Gotham Street</cbc:AdditionalStreetName>
									<!--BT-16-->
									<cbc:Department>Finance</cbc:Department>
									<!--BT-513-->
									<cbc:CityName>Luxembourg</cbc:CityName>
									<!--BT-512-->
									<cbc:PostalZone>1234</cbc:PostalZone>
									<!--BT-507-->
									<cbc:CountrySubentityCode listName="nuts">LU000</cbc:CountrySubentityCode>
									<!--BT-514-->
									<cac:Country>
										<cbc:IdentificationCode listName="country">LUX</cbc:IdentificationCode>
									</cac:Country>
								</cac:PostalAddress>
								<cac:PartyLegalEntity>
									<!--BT-501-->
									<cbc:CompanyID>VAT12348</cbc:CompanyID>
								</cac:PartyLegalEntity>
								<cac:Contact>
									<!--BT-502-->
									<cbc:Name>Info desk</cbc:Name>
									<!--BT-503-->
									<cbc:Telephone>+44 123456780</cbc:Telephone>
									<!--BT-739-->
									<cbc:Telefax>+44 123456789</cbc:Telefax>
									<!--BT-506-->
									<cbc:ElectronicMail>info@example.com</cbc:ElectronicMail>
								</cac:Contact>
							</efac:Company>
						</efac:Organization>
						<efac:Organization>
							<efac:Company>
								<cbc:WebsiteURI>https://esendercorp.eu</cbc:WebsiteURI>
								<cac:PartyIdentification>
									<cbc:ID schemeName="organization">ORG-0009</cbc:ID>
								</cac:PartyIdentification>
								<cac:PartyName>
									<cbc:Name languageID="ENG">eSendCorp</cbc:Name>
								</cac:PartyName>
								<cac:PostalAddress>
									<cbc:CityName>Luxembourg</cbc:CityName>
									<cbc:PostalZone>2985</cbc:PostalZone>
									<cbc:CountrySubentityCode listName="nuts">LU000</cbc:CountrySubentityCode>
									<cac:Country>
										<cbc:IdentificationCode listName="country">LUX</cbc:IdentificationCode>
									</cac:Country>
								</cac:PostalAddress>
								<cac:PartyLegalEntity>
									<cbc:CompanyID>111 222 333</cbc:CompanyID>
								</cac:PartyLegalEntity>
								<cac:Contact>
									<cbc:Telephone>+352 123456789</cbc:Telephone>
									<cbc:Telefax>+352 1234567899</cbc:Telefax>
									<cbc:ElectronicMail>esender@example.com</cbc:ElectronicMail>
								</cac:Contact>
							</efac:Company>
						</efac:Organization>
						<efac:Organization>
							<efac:Company>
								<!--BT-505-->
								<cbc:WebsiteURI>https://www.example.com</cbc:WebsiteURI>
								<!--BT-509-->
								<cbc:EndpointID>https://endpoint.example.com</cbc:EndpointID>
								<cac:PartyIdentification>
									<cbc:ID schemeName="organization">ORG-0010</cbc:ID>
								</cac:PartyIdentification>
								<cac:PartyName>
									<!--BT-500-->
									<cbc:Name languageID="ENG">TaxInfo Name</cbc:Name>
								</cac:PartyName>
								<cac:PostalAddress>
									<!--BT-510-->
									<cbc:StreetName>Bruce Wayne House</cbc:StreetName>
									<cbc:AdditionalStreetName>2 Gotham Street</cbc:AdditionalStreetName>
									<!--BT-16-->
									<cbc:Department>Finance</cbc:Department>
									<!--BT-513-->
									<cbc:CityName>Luxembourg</cbc:CityName>
									<!--BT-512-->
									<cbc:PostalZone>1234</cbc:PostalZone>
									<!--BT-507-->
									<cbc:CountrySubentityCode listName="nuts">LU000</cbc:CountrySubentityCode>
									<!--BT-514-->
									<cac:Country>
										<cbc:IdentificationCode listName="country">LUX</cbc:IdentificationCode>
									</cac:Country>
								</cac:PostalAddress>
								<cac:PartyLegalEntity>
									<!--BT-501-->
									<cbc:CompanyID>VAT12349</cbc:CompanyID>
								</cac:PartyLegalEntity>
								<cac:Contact>
									<!--BT-502-->
									<cbc:Name>Info desk</cbc:Name>
									<!--BT-503-->
									<cbc:Telephone>+44 123456780</cbc:Telephone>
									<!--BT-739-->
									<cbc:Telefax>+44 123456789</cbc:Telefax>
									<!--BT-506-->
									<cbc:ElectronicMail>info@example.com</cbc:ElectronicMail>
								</cac:Contact>
							</efac:Company>
						</efac:Organization>
						<efac:Organization>
							<efac:Company>
								<!--BT-505-->
								<cbc:WebsiteURI>https://www.example.com</cbc:WebsiteURI>
								<!--BT-509-->
								<cbc:EndpointID>https://endpoint.example.com</cbc:EndpointID>
								<cac:PartyIdentification>
									<cbc:ID schemeName="organization">ORG-0011</cbc:ID>
								</cac:PartyIdentification>
								<cac:PartyName>
									<!--BT-500-->
									<cbc:Name languageID="ENG">EnvironmentalInfo Name</cbc:Name>
								</cac:PartyName>
								<cac:PostalAddress>
									<!--BT-510-->
									<cbc:StreetName>Bruce Wayne House</cbc:StreetName>
									<cbc:AdditionalStreetName>2 Gotham Street</cbc:AdditionalStreetName>
									<!--BT-16-->
									<cbc:Department>Finance</cbc:Department>
									<!--BT-513-->
									<cbc:CityName>Luxembourg</cbc:CityName>
									<!--BT-512-->
									<cbc:PostalZone>1234</cbc:PostalZone>
									<!--BT-507-->
									<cbc:CountrySubentityCode listName="nuts">LU000</cbc:CountrySubentityCode>
									<!--BT-514-->
									<cac:Country>
										<cbc:IdentificationCode listName="country">LUX</cbc:IdentificationCode>
									</cac:Country>
								</cac:PostalAddress>
								<cac:PartyLegalEntity>
									<!--BT-501-->
									<cbc:CompanyID>VAT123410</cbc:CompanyID>
								</cac:PartyLegalEntity>
								<cac:Contact>
									<!--BT-502-->
									<cbc:Name>Info desk</cbc:Name>
									<!--BT-503-->
									<cbc:Telephone>+44 123456780</cbc:Telephone>
									<!--BT-739-->
									<cbc:Telefax>+44 123456789</cbc:Telefax>
									<!--BT-506-->
									<cbc:ElectronicMail>info@example.com</cbc:ElectronicMail>
								</cac:Contact>
							</efac:Company>
						</efac:Organization>
						<efac:Organization>
							<efac:Company>
								<!--BT-505-->
								<cbc:WebsiteURI>https://www.example.com</cbc:WebsiteURI>
								<!--BT-509-->
								<cbc:EndpointID>https://endpoint.example.com</cbc:EndpointID>
								<cac:PartyIdentification>
									<cbc:ID schemeName="organization">ORG-0012</cbc:ID>
								</cac:PartyIdentification>
								<cac:PartyName>
									<!--BT-500-->
									<cbc:Name languageID="ENG">EmploymentInfo Name</cbc:Name>
								</cac:PartyName>
								<cac:PostalAddress>
									<!--BT-510-->
									<cbc:StreetName>Bruce Wayne House</cbc:StreetName>
									<cbc:AdditionalStreetName>2 Gotham Street</cbc:AdditionalStreetName>
									<!--BT-16-->
									<cbc:Department>Finance</cbc:Department>
									<!--BT-513-->
									<cbc:CityName>Luxembourg</cbc:CityName>
									<!--BT-512-->
									<cbc:PostalZone>1234</cbc:PostalZone>
									<!--BT-507-->
									<cbc:CountrySubentityCode listName="nuts">LU000</cbc:CountrySubentityCode>
									<!--BT-514-->
									<cac:Country>
										<cbc:IdentificationCode listName="country">LUX</cbc:IdentificationCode>
									</cac:Country>
								</cac:PostalAddress>
								<cac:PartyLegalEntity>
									<!--BT-501-->
									<cbc:CompanyID>VAT123411</cbc:CompanyID>
								</cac:PartyLegalEntity>
								<cac:Contact>
									<!--BT-502-->
									<cbc:Name>Info desk</cbc:Name>
									<!--BT-503-->
									<cbc:Telephone>+44 123456780</cbc:Telephone>
									<!--BT-739-->
									<cbc:Telefax>+44 123456789</cbc:Telefax>
									<!--BT-506-->
									<cbc:ElectronicMail>info@example.com</cbc:ElectronicMail>
								</cac:Contact>
							</efac:Company>
						</efac:Organization>
					</efac:Organizations>
				</efext:EformsExtension>
			</ext:ExtensionContent>
		</ext:UBLExtension>
	</ext:UBLExtensions>
	<cbc:UBLVersionID>2.3</cbc:UBLVersionID>
	<cbc:CustomizationID>eforms-sdk-1.13</cbc:CustomizationID>
	<!--BT-701-->
	<cbc:ID schemeName="notice-id">9fe2b9d7-c32a-4dcb-af3f-35bf584d0abb</cbc:ID>
	<!--BT-05-->
	<cbc:IssueDate>2023-05-23+01:00</cbc:IssueDate>
	<cbc:IssueTime>20:59:32+01:00</cbc:IssueTime>
	<!--BT-757-->
	<cbc:VersionID>03</cbc:VersionID>
	<!--BT-127-->
	<cbc:PlannedDate>2023-09-01+02:00</cbc:PlannedDate>
	<!--BT-01-->
	<cbc:RegulatoryDomain>32014L0024</cbc:RegulatoryDomain>
	<!--BT-03--> <!--BT-02-->
	<cbc:NoticeTypeCode listName="planning">pin-only</cbc:NoticeTypeCode>
	<!--BT-702-->
	<cbc:NoticeLanguageCode>ENG</cbc:NoticeLanguageCode>
	<cac:ContractingParty>
		<!--BT-508-->
		<cbc:BuyerProfileURI>https://profile.example.com</cbc:BuyerProfileURI>
		<cac:ContractingPartyType>
			<!--BT-11-->
			<cbc:PartyTypeCode listName="buyer-legal-type">body-pl</cbc:PartyTypeCode>
		</cac:ContractingPartyType>
		<cac:ContractingActivity>
			<!--BT-10-->
			<cbc:ActivityTypeCode listName="authority-activity">econ-aff</cbc:ActivityTypeCode>
		</cac:ContractingActivity>
		<cac:Party>
			<cac:PartyIdentification>
				<cbc:ID schemeName="organization">ORG-0001</cbc:ID>
			</cac:PartyIdentification>
			<cac:ServiceProviderParty>
				<cbc:ServiceTypeCode listName="organisation-role">ted-esen</cbc:ServiceTypeCode>
				<cac:Party>
					<cac:PartyIdentification>
						<cbc:ID schemeName="organization">ORG-0009</cbc:ID>
					</cac:PartyIdentification>
				</cac:Party>
			</cac:ServiceProviderParty>
		</cac:Party>
	</cac:ContractingParty>
	<cac:ProcurementProject>
		<!--BT-22-->
		<cbc:ID schemeName="InternalID">2023-P-0001</cbc:ID>
		<!--BT-21-->
		<cbc:Name languageID="ENG">Procurement Title ---</cbc:Name>
		<!--BT-24-->
		<cbc:Description languageID="ENG">Description ---</cbc:Description>
		<!--BT-23-->
		<cbc:ProcurementTypeCode listName="contract-nature">services</cbc:ProcurementTypeCode>
		<!--BT-300-->
		<cbc:Note languageID="ENG">Additional information ---</cbc:Note>
		<cac:ProcurementAdditionalType>
			<!--BT-531-->
			<cbc:ProcurementTypeCode listName="contract-nature">works</cbc:ProcurementTypeCode>
		</cac:ProcurementAdditionalType>
		<cac:RequestedTenderTotal>
			<!--BT-27-->
			<cbc:EstimatedOverallContractAmount currencyID="EUR">9999999.99</cbc:EstimatedOverallContractAmount>
		</cac:RequestedTenderTotal>
		<cac:MainCommodityClassification>
			<!--BT-26-->
			<!--BT-262-->
			<cbc:ItemClassificationCode listName="cpv">79622000</cbc:ItemClassificationCode>
		</cac:MainCommodityClassification>
		<cac:AdditionalCommodityClassification>
			<!--BT-26-->
			<!--BT-263-->
			<cbc:ItemClassificationCode listName="cpv">79624000</cbc:ItemClassificationCode>
		</cac:AdditionalCommodityClassification>
		<cac:RealizedLocation>
			<cbc:Description languageID="ENG">The main location is ...</cbc:Description>
			<cac:Address>
				<!--BT-5101-->
				<cbc:StreetName>Bruce Wayne House</cbc:StreetName>
				<cbc:AdditionalStreetName>2 Gotham Street</cbc:AdditionalStreetName>
				<!--BT-5131-->
				<cbc:CityName>Luxembourg</cbc:CityName>
				<!--BT-512-->
				<cbc:PostalZone>1234</cbc:PostalZone>
				<!--BT-507-->
				<cbc:CountrySubentityCode listName="nuts">LU000</cbc:CountrySubentityCode>
				<!--BT-514-->
				<cac:Country>
					<cbc:IdentificationCode listName="country">LUX</cbc:IdentificationCode>
				</cac:Country>
			</cac:Address>
		</cac:RealizedLocation>
		<cac:RealizedLocation>
			<!-- This location represents a large area without a specific address, in this case "Anywhere in the European Economic Area" -->
			<!--BT-728-->
			<cbc:Description languageID="ENG">Additional information ---</cbc:Description>
			<cac:Address>
				<!--BT-727-->
				<cbc:Region>anyw-eea</cbc:Region>
			</cac:Address>
		</cac:RealizedLocation>
	</cac:ProcurementProject>
	<cac:ProcurementProjectLot>
		<cbc:ID schemeName="Part">PAR-0000</cbc:ID>
		<cac:TenderingTerms>
			<cac:FiscalLegislationDocumentReference>
				<cbc:ID>FiscalDocID1</cbc:ID>
				<cac:IssuerParty>
					<cac:PartyIdentification>
						<cbc:ID schemeName="organization">ORG-0010</cbc:ID>
					</cac:PartyIdentification>
				</cac:IssuerParty>
			</cac:FiscalLegislationDocumentReference>
			<cac:EnvironmentalLegislationDocumentReference>
				<cbc:ID>EnvDocID1</cbc:ID>
				<cac:IssuerParty>
					<cac:PartyIdentification>
						<cbc:ID schemeName="organization">ORG-0011</cbc:ID>
					</cac:PartyIdentification>
				</cac:IssuerParty>
			</cac:EnvironmentalLegislationDocumentReference>
			<cac:EmploymentLegislationDocumentReference>
				<cbc:ID>EmplDocID1</cbc:ID>
				<cac:IssuerParty>
					<cac:PartyIdentification>
						<cbc:ID schemeName="organization">ORG-0012</cbc:ID>
					</cac:PartyIdentification>
				</cac:IssuerParty>
			</cac:EmploymentLegislationDocumentReference>
			<cac:CallForTendersDocumentReference>
				<ext:UBLExtensions>
					<ext:UBLExtension>
						<ext:ExtensionContent>
							<efext:EformsExtension>
								<efac:NonOfficialLanguages>
									<cac:Language>
										<!--BT-737-->
										<cbc:ID>CAT</cbc:ID>
									</cac:Language>
								</efac:NonOfficialLanguages>
								<efac:OfficialLanguages>
									<cac:Language>
										<!--BT-708-->
										<cbc:ID>ENG</cbc:ID>
									</cac:Language>
									<cac:Language>
										<!--BT-708-->
										<cbc:ID>FRA</cbc:ID>
									</cac:Language>
								</efac:OfficialLanguages>
							</efext:EformsExtension>
						</ext:ExtensionContent>
					</ext:UBLExtension>
				</ext:UBLExtensions>
				<cbc:ID>Doc1</cbc:ID>
				<!--BT-14-->
				<cbc:DocumentType>non-restricted-document</cbc:DocumentType>
				<cac:Attachment>
					<cac:ExternalReference>
						<!--BT-15-->
						<cbc:URI>http://nonrestricteddocuments.com</cbc:URI>
					</cac:ExternalReference>
				</cac:Attachment>
			</cac:CallForTendersDocumentReference>
			<cac:CallForTendersDocumentReference>
				<cbc:ID>Doc2</cbc:ID>
				<!--BT-14-->
				<cbc:DocumentType>restricted-document</cbc:DocumentType>
				<cac:Attachment>
					<cac:ExternalReference>
						<!--BT-615-->
						<cbc:URI>https://restricted.com</cbc:URI>
					</cac:ExternalReference>
				</cac:Attachment>
			</cac:CallForTendersDocumentReference>
			<cac:TendererQualificationRequest>
				<cac:SpecificTendererRequirement>
					<!--BT-71-->
					<cbc:TendererRequirementTypeCode listName="reserved-procurement">res-pub-ser</cbc:TendererRequirementTypeCode>
				</cac:SpecificTendererRequirement>
			</cac:TendererQualificationRequest>
			<cac:ContractExecutionRequirement>
				<!--BT-736-->
				<cbc:ExecutionRequirementCode listName="reserved-execution">yes</cbc:ExecutionRequirementCode>
			</cac:ContractExecutionRequirement>
			<cac:AdditionalInformationParty>
				<cac:PartyIdentification>
					<cbc:ID schemeName="organization">ORG-0002</cbc:ID>
				</cac:PartyIdentification>
			</cac:AdditionalInformationParty>
			<cac:DocumentProviderParty>
				<cac:PartyIdentification>
					<cbc:ID schemeName="organization">ORG-0003</cbc:ID>
				</cac:PartyIdentification>
			</cac:DocumentProviderParty>
			<cac:TenderRecipientParty>
				<cac:PartyIdentification>
					<cbc:ID schemeName="organization">ORG-0004</cbc:ID>
				</cac:PartyIdentification>
			</cac:TenderRecipientParty>
			<cac:TenderEvaluationParty>
				<cac:PartyIdentification>
					<cbc:ID schemeName="organization">ORG-0005</cbc:ID>
				</cac:PartyIdentification>
			</cac:TenderEvaluationParty>
			<cac:AppealTerms>
				<cac:AppealInformationParty>
					<cac:PartyIdentification>
						<cbc:ID schemeName="organization">ORG-0006</cbc:ID>
					</cac:PartyIdentification>
				</cac:AppealInformationParty>
				<cac:AppealReceiverParty>
					<cac:PartyIdentification>
						<cbc:ID schemeName="organization">ORG-0007</cbc:ID>
					</cac:PartyIdentification>
				</cac:AppealReceiverParty>
				<cac:MediationParty>
					<cac:PartyIdentification>
						<cbc:ID schemeName="organization">ORG-0008</cbc:ID>
					</cac:PartyIdentification>
				</cac:MediationParty>
			</cac:AppealTerms>
		</cac:TenderingTerms>
		<cac:TenderingProcess>
			<ext:UBLExtensions>
				<ext:UBLExtension>
					<ext:ExtensionContent>
						<efext:EformsExtension>
							<!--BT-632-->
							<efbc:AccessToolName>Access tool ---</efbc:AccessToolName>
						</efext:EformsExtension>
					</ext:ExtensionContent>
				</ext:UBLExtension>
			</ext:UBLExtensions>
			<!--BT-115-->
			<cbc:GovernmentAgreementConstraintIndicator>true</cbc:GovernmentAgreementConstraintIndicator>
			<!--BT-124-->
			<cbc:AccessToolsURI>https://test-tool.com</cbc:AccessToolsURI>
			<cac:AdditionalInformationRequestPeriod>
				<!--BT-13-->
				<cbc:EndDate>2023-05-23+01:00</cbc:EndDate>
				<cbc:EndTime>20:59:32+01:00</cbc:EndTime>
			</cac:AdditionalInformationRequestPeriod>
			<cac:NoticeDocumentReference>
				<!--BT-125-->
				<cbc:ID schemeName="ojs-notice-id">12345678-2020</cbc:ID>
				<!--BT-1251-->
				<cbc:ReferencedDocumentInternalAddress>PAR-010</cbc:ReferencedDocumentInternalAddress>
			</cac:NoticeDocumentReference>
			<cac:EconomicOperatorShortList>
				<!--BT-661-->
				<cbc:LimitationDescription>true</cbc:LimitationDescription>
				<!--BT-51-->
				<cbc:MaximumQuantity>7</cbc:MaximumQuantity>
				<!--BT-50-->
				<cbc:MinimumQuantity>3</cbc:MinimumQuantity>
			</cac:EconomicOperatorShortList>
			<cac:ContractingSystem>
				<!--BT-765-->
				<cbc:ContractingSystemTypeCode listName="framework-agreement">fa-w-rc</cbc:ContractingSystemTypeCode>
			</cac:ContractingSystem>
		</cac:TenderingProcess>
		<cac:ProcurementProject>
			<!--BT-22-->
			<cbc:ID schemeName="InternalID">Object Reference Number---</cbc:ID>
			<!--BT-21-->
			<cbc:Name languageID="ENG">Part Title ---</cbc:Name>
			<!--BT-24-->
			<cbc:Description languageID="ENG">Description ---</cbc:Description>
			<!--BT-23-->
			<cbc:ProcurementTypeCode listName="contract-nature">services</cbc:ProcurementTypeCode>
			<!--BT-300-->
			<cbc:Note languageID="ENG">Additional information for PAR-0000 ProcurementProject ---</cbc:Note>
			<!--BT-726-->
			<cbc:SMESuitableIndicator>true</cbc:SMESuitableIndicator>
			<cac:ProcurementAdditionalType>
				<!--BT-531-->
				<cbc:ProcurementTypeCode listName="contract-nature">works</cbc:ProcurementTypeCode>
			</cac:ProcurementAdditionalType>
			<cac:RequestedTenderTotal>
				<!--BT-27-->
				<cbc:EstimatedOverallContractAmount currencyID="EUR">9999999.99</cbc:EstimatedOverallContractAmount>
			</cac:RequestedTenderTotal>
			<cac:MainCommodityClassification>
				<!--BT-26-->
				<!--BT-262-->
				<cbc:ItemClassificationCode listName="cpv">79622000</cbc:ItemClassificationCode>
			</cac:MainCommodityClassification>
			<cac:RealizedLocation>
				<cbc:Description languageID="ENG">The main location is ...</cbc:Description>
				<cac:Address>
					<!--BT-5101-->
					<cbc:StreetName>Bruce Wayne House</cbc:StreetName>
					<cbc:AdditionalStreetName>2 Gotham Street</cbc:AdditionalStreetName>
					<!--BT-5131-->
					<cbc:CityName>Luxembourg</cbc:CityName>
					<!--BT-512-->
					<cbc:PostalZone>1234</cbc:PostalZone>
					<!--BT-507-->
					<cbc:CountrySubentityCode listName="nuts">LU000</cbc:CountrySubentityCode>
					<!--BT-514-->
					<cac:Country>
						<cbc:IdentificationCode listName="country">LUX</cbc:IdentificationCode>
					</cac:Country>
				</cac:Address>
			</cac:RealizedLocation>
			<cac:RealizedLocation>
				<!-- This location represents a large area without a specific address, in this case "Anywhere in the given country" -->
				<!--BT-728-->
				<cbc:Description languageID="ENG">Additional information ---</cbc:Description>
				<cac:Address>
					<!--BT-727-->
					<cbc:Region>anyw-cou</cbc:Region>
					<!--BT-5141-->
					<cac:Country>
						<cbc:IdentificationCode listName="country">GBR</cbc:IdentificationCode>
					</cac:Country>
				</cac:Address>
			</cac:RealizedLocation>
			<cac:PlannedPeriod>
				<!--BT-536-->
				<cbc:StartDate>2024-03-01+01:00</cbc:StartDate>
				<!--BT-537-->
				<cbc:EndDate>2024-09-01+02:00</cbc:EndDate>
			</cac:PlannedPeriod>
		</cac:ProcurementProject>
	</cac:ProcurementProjectLot>
</PriorInformationNotice>
