<?xml version="1.0"?>
<!-- Currently filled in with fake values.
-->
<PriorInformationNotice xmlns="urn:oasis:names:specification:ubl:schema:xsd:PriorInformationNotice-2" xmlns:ext="urn:oasis:names:specification:ubl:schema:xsd:CommonExtensionComponents-2" xmlns:cbc="urn:oasis:names:specification:ubl:schema:xsd:CommonBasicComponents-2" xmlns:cac="urn:oasis:names:specification:ubl:schema:xsd:CommonAggregateComponents-2" xmlns:efext="http://data.europa.eu/p27/eforms-ubl-extensions/1" xmlns:efac="http://data.europa.eu/p27/eforms-ubl-extension-aggregate-components/1" xmlns:efbc="http://data.europa.eu/p27/eforms-ubl-extension-basic-components/1" xmlns:xsi="http://www.w3.org/2001/XMLSchema-instance">
	<ext:UBLExtensions>
		<ext:UBLExtension>
			<ext:ExtensionContent>
				<efext:EformsExtension>
					<efac:NoticeSubType>
						<cbc:SubTypeCode listName="notice-subtype">T01</cbc:SubTypeCode>
					</efac:NoticeSubType>
					<efac:Organizations>
						<efac:Organization>
							<efac:Company>
								<cbc:WebsiteURI>http://www.cm-agueda.pt</cbc:WebsiteURI>
								<cac:PartyIdentification>
									<cbc:ID schemeName="organization">ORG-0001</cbc:ID>
								</cac:PartyIdentification>
								<cac:PartyName>
									<cbc:Name languageID="POR">Município de Águeda</cbc:Name>
								</cac:PartyName>
								<cac:PostalAddress>
									<cbc:StreetName>Praça do Município</cbc:StreetName>
									<cbc:CityName>Águeda</cbc:CityName>
									<cbc:PostalZone>3754-500</cbc:PostalZone>
									<cbc:CountrySubentityCode listName="nuts">PT191</cbc:CountrySubentityCode>
									<cac:Country>
										<cbc:IdentificationCode listName="country">PRT</cbc:IdentificationCode>
									</cac:Country>
								</cac:PostalAddress>
								<cac:PartyLegalEntity>
									<cbc:CompanyID>PartyLegalEntityCID1234</cbc:CompanyID>
								</cac:PartyLegalEntity>
								<cac:Contact>
									<cbc:Name>Serviço de Contratação Pública</cbc:Name>
									<cbc:Telephone>+351 234610077</cbc:Telephone>
									<cbc:Telefax>+351 234610078</cbc:Telefax>
									<cbc:ElectronicMail>gap@cm-agueda.pt</cbc:ElectronicMail>
								</cac:Contact>
							</efac:Company>
						</efac:Organization>
						<efac:Organization>
							<efac:Company>
								<cbc:WebsiteURI>https://esendercorp.eu</cbc:WebsiteURI>
								<cac:PartyIdentification>
									<cbc:ID schemeName="organization">ORG-0002</cbc:ID>
								</cac:PartyIdentification>
								<cac:PartyName>
									<cbc:Name languageID="POR">eSendCorp</cbc:Name>
								</cac:PartyName>
								<cac:PostalAddress>
									<cbc:CityName>Luxembourg</cbc:CityName>
									<cbc:PostalZone>2985</cbc:PostalZone>
									<cbc:CountrySubentityCode listName="nuts">LU000</cbc:CountrySubentityCode>
									<cac:Country>
										<cbc:IdentificationCode listName="country">LUX</cbc:IdentificationCode>
									</cac:Country>
								</cac:PostalAddress>
								<cac:PartyLegalEntity>
									<cbc:CompanyID>111 222 333</cbc:CompanyID>
								</cac:PartyLegalEntity>
								<cac:Contact>
									<cbc:Telephone>+352 123456789</cbc:Telephone>
									<cbc:Telefax>+352 1234567899</cbc:Telefax>
									<cbc:ElectronicMail>esender@example.com</cbc:ElectronicMail>
								</cac:Contact>
							</efac:Company>
						</efac:Organization>
					</efac:Organizations>
				</efext:EformsExtension>
			</ext:ExtensionContent>
		</ext:UBLExtension>
	</ext:UBLExtensions>
	<cbc:UBLVersionID>2.3</cbc:UBLVersionID>
	<cbc:CustomizationID>eforms-sdk-1.13</cbc:CustomizationID>
	<cbc:ID schemeName="notice-id">468ad654-621e-43f2-bc58-e774eb03926b</cbc:ID>
	<cbc:IssueDate>2018-06-20+01:00</cbc:IssueDate>
	<cbc:IssueTime>12:00:00+01:00</cbc:IssueTime>
	<cbc:VersionID>01</cbc:VersionID>
	<cbc:RegulatoryDomain>32007R1370</cbc:RegulatoryDomain>
	<cbc:NoticeTypeCode listName="planning">pin-tran</cbc:NoticeTypeCode>
	<cbc:NoticeLanguageCode>POR</cbc:NoticeLanguageCode>
	<cac:ContractingParty>
		<cac:ContractingPartyType>
			<cbc:PartyTypeCode listName="buyer-legal-type">ra</cbc:PartyTypeCode>
		</cac:ContractingPartyType>
		<cac:ContractingPartyType>
			<cbc:PartyTypeCode listName="buyer-contracting-type">not-cont-ent</cbc:PartyTypeCode>
		</cac:ContractingPartyType>
		<cac:ContractingActivity>
			<cbc:ActivityTypeCode listName="authority-activity">rcr</cbc:ActivityTypeCode>
		</cac:ContractingActivity>
		<cac:Party>
			<cac:PartyIdentification>
				<cbc:ID schemeName="organization">ORG-0001</cbc:ID>
			</cac:PartyIdentification>
			<cac:ServiceProviderParty>
				<cbc:ServiceTypeCode listName="service-provider-type">ted-esen</cbc:ServiceTypeCode>
				<cac:Party>
					<cac:PartyIdentification>
						<cbc:ID schemeName="organization">ORG-0002</cbc:ID>
					</cac:PartyIdentification>
				</cac:Party>
			</cac:ServiceProviderParty>
		</cac:Party>
	</cac:ContractingParty>
	<cac:TenderingProcess>
		<cbc:ProcedureCode listName="procurement-procedure-type">comp-tend</cbc:ProcedureCode>
	</cac:TenderingProcess>
	<cac:ProcurementProject>
		<cbc:ID schemeName="InternalID">RA/DAF/SERV-96/18</cbc:ID>
		<cbc:Name languageID="POR">Public road transport services</cbc:Name>
		<cbc:Description languageID="POR">Description of public road transport services</cbc:Description>
		<cbc:ProcurementTypeCode listName="contract-nature">services</cbc:ProcurementTypeCode>
		<cbc:Note languageID="POR">Some additional information on the procurement ... blablabla</cbc:Note>
		<cac:ProcurementAdditionalType>
			<cbc:ProcurementTypeCode listName="transport-service">other</cbc:ProcurementTypeCode>
		</cac:ProcurementAdditionalType>
		<cac:MainCommodityClassification>
			<cbc:ItemClassificationCode listName="cpv">60112000</cbc:ItemClassificationCode>
		</cac:MainCommodityClassification>
	</cac:ProcurementProject>
	<cac:ProcurementProjectLot>
		<cbc:ID schemeName="Lot">LOT-0000</cbc:ID>
		<cac:TenderingTerms>
			<cac:AdditionalInformationParty>
				<!-- "Organization providing additional information on procurement procedure" -->
				<cac:PartyIdentification>
					<cbc:ID schemeName="organization">ORG-0001</cbc:ID>
				</cac:PartyIdentification>
			</cac:AdditionalInformationParty>
		</cac:TenderingTerms>
		<cac:ProcurementProject>
			<cbc:ID schemeName="InternalID">RA/DAF/SERV-96/18</cbc:ID>
			<cbc:Name languageID="POR">Serviço público de transportes de passageiros de Águeda</cbc:Name>
			<cbc:Description languageID="POR">Serviço público de transportes de passageiros de Águeda.</cbc:Description>
			<cbc:ProcurementTypeCode listName="contract-nature">services</cbc:ProcurementTypeCode>
			<cac:MainCommodityClassification>
				<cbc:ItemClassificationCode listName="cpv">60130000</cbc:ItemClassificationCode>
			</cac:MainCommodityClassification>
			<cac:RealizedLocation>
				<cbc:Description languageID="POR">urbano/regional</cbc:Description>
				<cac:Address>
					<cbc:CountrySubentityCode listName="nuts">PT191</cbc:CountrySubentityCode>
					<cac:Country>
						<cbc:IdentificationCode listName="country">PRT</cbc:IdentificationCode>
					</cac:Country>
				</cac:Address>
			</cac:RealizedLocation>
			<cac:PlannedPeriod>
				<cbc:DurationMeasure unitCode="MONTH">60</cbc:DurationMeasure>
			</cac:PlannedPeriod>
		</cac:ProcurementProject>
	</cac:ProcurementProjectLot>
</PriorInformationNotice>
