<?xml version="1.0" ?>
<!-- Based on https://ted.europa.eu/udl?uri=TED:NOTICE:192449-2020:TEXT:EN:HTML
-->
<ContractAwardNotice xmlns="urn:oasis:names:specification:ubl:schema:xsd:ContractAwardNotice-2" xmlns:ext="urn:oasis:names:specification:ubl:schema:xsd:CommonExtensionComponents-2" xmlns:cbc="urn:oasis:names:specification:ubl:schema:xsd:CommonBasicComponents-2" xmlns:efext="http://data.europa.eu/p27/eforms-ubl-extensions/1" xmlns:efbc="http://data.europa.eu/p27/eforms-ubl-extension-basic-components/1" xmlns:efac="http://data.europa.eu/p27/eforms-ubl-extension-aggregate-components/1" xmlns:cac="urn:oasis:names:specification:ubl:schema:xsd:CommonAggregateComponents-2" xmlns:xsi="http://www.w3.org/2001/XMLSchema-instance">
	<ext:UBLExtensions>
		<ext:UBLExtension>
			<ext:ExtensionContent>
				<efext:EformsExtension>
					<efac:NoticeResult>
						<cbc:TotalAmount currencyID="EUR">350000</cbc:TotalAmount>
						<efac:LotResult>
							<cbc:ID schemeName="result">RES-0001</cbc:ID>
							<efac:LotTender>
								<cbc:ID schemeName="tender">TEN-0001</cbc:ID>
							</efac:LotTender>
							<efac:SettledContract>
								<cbc:ID schemeName="contract">CON-0001</cbc:ID>
							</efac:SettledContract>
							<efac:TenderLot>
								<cbc:ID schemeName="Lot">LOT-0000</cbc:ID>
							</efac:TenderLot>
						</efac:LotResult>
						<efac:LotTender>
							<cbc:ID schemeName="tender">TEN-0001</cbc:ID>
							<efac:SubcontractingTerm>
								<efbc:TermCode listName="applicability">not-known</efbc:TermCode>
							</efac:SubcontractingTerm>
							<efac:TenderingParty>
								<cbc:ID schemeName="tendering-party">TPA-0001</cbc:ID>
							</efac:TenderingParty>
							<efac:TenderLot>
								<cbc:ID schemeName="Lot">LOT-0000</cbc:ID>
							</efac:TenderLot>
							<efac:TenderReference>
								<cbc:ID>FGH ABC-2020-02</cbc:ID>
							</efac:TenderReference>
						</efac:LotTender>
						<efac:SettledContract>
							<cbc:ID schemeName="contract">CON-0001</cbc:ID>
							<cbc:AwardDate>2020-04-15+02:00</cbc:AwardDate>
							<cbc:Title languageID="ENG">Supply of Profiling Beds with Accessories, Pressure Relieving Mattresses and Cushions</cbc:Title>
							<efac:ContractReference>
								<cbc:ID>RN AAT-345/02/SC</cbc:ID>
							</efac:ContractReference>
							<efac:LotTender>
								<cbc:ID schemeName="tender">TEN-0001</cbc:ID>
							</efac:LotTender>
						</efac:SettledContract>
						<efac:TenderingParty>
							<cbc:ID schemeName="tendering-party">TPA-0001</cbc:ID>
							<efac:Tenderer>
								<cbc:ID schemeName="organization">ORG-0004</cbc:ID>
								<efbc:GroupLeadIndicator>false</efbc:GroupLeadIndicator>
							</efac:Tenderer>
							<efac:Tenderer>
								<cbc:ID schemeName="organization">ORG-0005</cbc:ID>
								<efbc:GroupLeadIndicator>false</efbc:GroupLeadIndicator>
							</efac:Tenderer>
							<efac:Tenderer>
								<cbc:ID schemeName="organization">ORG-0006</cbc:ID>
								<efbc:GroupLeadIndicator>true</efbc:GroupLeadIndicator>
							</efac:Tenderer>
						</efac:TenderingParty>
					</efac:NoticeResult>
					<efac:NoticeSubType>
						<cbc:SubTypeCode listName="notice-subtype">25</cbc:SubTypeCode>
					</efac:NoticeSubType>
					<efac:Organizations>
						<efac:Organization>
							<efac:Company>
								<cbc:WebsiteURI>https://www.middlesbrough.gov.uk</cbc:WebsiteURI>
								<cac:PartyIdentification>
									<cbc:ID schemeName="organization">ORG-0001</cbc:ID>
								</cac:PartyIdentification>
								<cac:PartyName>
									<cbc:Name languageID="ENG">Middlesbrough Council</cbc:Name>
								</cac:PartyName>
								<cac:PostalAddress>
									<cbc:StreetName>Civic Centre</cbc:StreetName>
									<cbc:CityName>Middlesbrough</cbc:CityName>
									<cbc:PostalZone>TS1 9FZ</cbc:PostalZone>
									<cac:Country>
										<cbc:IdentificationCode listName="country">GBR</cbc:IdentificationCode>
									</cac:Country>
								</cac:PostalAddress>
								<cac:PartyLegalEntity>
									<cbc:CompanyID>buyerid01</cbc:CompanyID>
								</cac:PartyLegalEntity>
								<cac:Contact>
									<cbc:Name>Procurement division</cbc:Name>
									<cbc:Telephone>+44 1642729177</cbc:Telephone>
									<cbc:Telefax>+44 16427291779</cbc:Telefax>
									<cbc:ElectronicMail>procurement@middlesbrough.gov.uk</cbc:ElectronicMail>
								</cac:Contact>
							</efac:Company>
							<efac:TouchPoint>
								<cbc:WebsiteURI>https://www.middlesbrough.gov.uk</cbc:WebsiteURI>
								<cac:PartyIdentification>
									<cbc:ID schemeName="touchpoint">TPO-0001</cbc:ID>
								</cac:PartyIdentification>
								<cac:PartyName>
									<cbc:Name languageID="ENG">Contract and Commissioning Unit</cbc:Name>
								</cac:PartyName>
								<cac:PostalAddress>
									<cbc:StreetName>Civic Centre</cbc:StreetName>
									<cbc:CityName>Middlesbrough</cbc:CityName>
									<cbc:PostalZone>TS1 9FZ</cbc:PostalZone>
									<cac:Country>
										<cbc:IdentificationCode listName="country">GBR</cbc:IdentificationCode>
									</cac:Country>
								</cac:PostalAddress>
								<cac:Contact>
									<cbc:Telephone>(+44)34567890</cbc:Telephone>
									<cbc:Telefax>(+44)345678909</cbc:Telefax>
									<cbc:ElectronicMail>contractandcommissioningunit@middlesbrough.gov.uk</cbc:ElectronicMail>
								</cac:Contact>
							</efac:TouchPoint>
						</efac:Organization>
						<efac:Organization>
							<efac:Company>
								<cbc:WebsiteURI>https://example-mediator.eu</cbc:WebsiteURI>
								<cac:PartyIdentification>
									<cbc:ID schemeName="organization">ORG-0002</cbc:ID>
								</cac:PartyIdentification>
								<cac:PartyName>
									<cbc:Name languageID="ENG">Example Mediator</cbc:Name>
								</cac:PartyName>
								<cac:PostalAddress>
									<cbc:StreetName>Some Street</cbc:StreetName>
									<cbc:CityName>Example City</cbc:CityName>
									<cbc:PostalZone>ABC123</cbc:PostalZone>
									<cac:Country>
										<cbc:IdentificationCode listName="country">GBR</cbc:IdentificationCode>
									</cac:Country>
								</cac:PostalAddress>
								<cac:PartyLegalEntity>
									<cbc:CompanyID schemeName="abc">111 111 111</cbc:CompanyID>
								</cac:PartyLegalEntity>
								<cac:Contact>
									<cbc:Telephone>+123 456 789</cbc:Telephone>
									<cbc:Telefax>+123 456 7899</cbc:Telefax>
									<cbc:ElectronicMail>contact@example-mediator.com</cbc:ElectronicMail>
								</cac:Contact>
							</efac:Company>
						</efac:Organization>
						<efac:Organization>
							<efac:Company>
								<cbc:WebsiteURI>https://esendercorp.eu</cbc:WebsiteURI>
								<cac:PartyIdentification>
									<cbc:ID schemeName="organization">ORG-0003</cbc:ID>
								</cac:PartyIdentification>
								<cac:PartyName>
									<cbc:Name languageID="ENG">eSendCorp</cbc:Name>
								</cac:PartyName>
								<cac:PostalAddress>
									<cbc:CityName>Luxembourg</cbc:CityName>
									<cbc:PostalZone>2985</cbc:PostalZone>
									<cbc:CountrySubentityCode listName="nuts">LU000</cbc:CountrySubentityCode>
									<cac:Country>
										<cbc:IdentificationCode listName="country">LUX</cbc:IdentificationCode>
									</cac:Country>
								</cac:PostalAddress>
								<cac:PartyLegalEntity>
									<cbc:CompanyID>111 222 333</cbc:CompanyID>
								</cac:PartyLegalEntity>
								<cac:Contact>
									<cbc:Telephone>+352 123456789</cbc:Telephone>
									<cbc:Telefax>+352 1234567899</cbc:Telefax>
									<cbc:ElectronicMail>esender@example.com</cbc:ElectronicMail>
								</cac:Contact>
							</efac:Company>
						</efac:Organization>
						<efac:Organization>
							<efbc:ListedOnRegulatedMarketIndicator>false</efbc:ListedOnRegulatedMarketIndicator>
							<efac:UltimateBeneficialOwner>
								<cbc:ID schemeName="ubo">UBO-0001</cbc:ID>
							</efac:UltimateBeneficialOwner>
							<efac:Company>
								<cbc:WebsiteURI>https://example.com</cbc:WebsiteURI>
								<efbc:CompanySizeCode listName="economic-operator-size">small</efbc:CompanySizeCode>
								<cac:PartyIdentification>
									<cbc:ID schemeName="organization">ORG-0004</cbc:ID>
								</cac:PartyIdentification>
								<cac:PartyName>
									<cbc:Name languageID="ENG">Direct Healthcare Services Ltd</cbc:Name>
								</cac:PartyName>
								<cac:PostalAddress>
									<cbc:CityName>Caerphilly</cbc:CityName>
									<cbc:PostalZone>ABC123</cbc:PostalZone>
									<cac:Country>
										<cbc:IdentificationCode listName="country">GBR</cbc:IdentificationCode>
									</cac:Country>
								</cac:PostalAddress>
								<cac:Contact>
									<cbc:Telephone>+44 1212121212</cbc:Telephone>
									<cbc:Telefax>+44 12121212129</cbc:Telefax>
									<cbc:ElectronicMail>contact@example.com</cbc:ElectronicMail>
								</cac:Contact>
							</efac:Company>
						</efac:Organization>
						<efac:Organization>
							<efbc:ListedOnRegulatedMarketIndicator>false</efbc:ListedOnRegulatedMarketIndicator>
							<efac:UltimateBeneficialOwner>
								<cbc:ID schemeName="ubo">UBO-0002</cbc:ID>
							</efac:UltimateBeneficialOwner>
							<efac:Company>
								<cbc:WebsiteURI>https://example.com</cbc:WebsiteURI>
								<efbc:CompanySizeCode listName="economic-operator-size">small</efbc:CompanySizeCode>
								<cac:PartyIdentification>
									<cbc:ID schemeName="organization">ORG-0005</cbc:ID>
								</cac:PartyIdentification>
								<cac:PartyName>
									<cbc:Name languageID="ENG">Harvest Healthcare Ltd</cbc:Name>
								</cac:PartyName>
								<cac:PostalAddress>
									<cbc:CityName>Rotherham</cbc:CityName>
									<cbc:PostalZone>ABC123</cbc:PostalZone>
									<cac:Country>
										<cbc:IdentificationCode listName="country">GBR</cbc:IdentificationCode>
									</cac:Country>
								</cac:PostalAddress>
								<cac:Contact>
									<cbc:Telephone>+44 2323232323</cbc:Telephone>
									<cbc:Telefax>+44 23232323239</cbc:Telefax>
									<cbc:ElectronicMail>contact@example.com</cbc:ElectronicMail>
								</cac:Contact>
							</efac:Company>
						</efac:Organization>
						<efac:Organization>
							<efbc:ListedOnRegulatedMarketIndicator>false</efbc:ListedOnRegulatedMarketIndicator>
							<efac:UltimateBeneficialOwner>
								<cbc:ID schemeName="ubo">UBO-0003</cbc:ID>
							</efac:UltimateBeneficialOwner>
							<efac:Company>
								<cbc:WebsiteURI>https://example.com</cbc:WebsiteURI>
								<efbc:CompanySizeCode listName="economic-operator-size">large</efbc:CompanySizeCode>
								<cac:PartyIdentification>
									<cbc:ID schemeName="organization">ORG-0006</cbc:ID>
								</cac:PartyIdentification>
								<cac:PartyName>
									<cbc:Name languageID="ENG">Invacare Ltd</cbc:Name>
								</cac:PartyName>
								<cac:PostalAddress>
									<cbc:CityName>Bridgend</cbc:CityName>
									<cbc:PostalZone>ABC123</cbc:PostalZone>
									<cac:Country>
										<cbc:IdentificationCode listName="country">GBR</cbc:IdentificationCode>
									</cac:Country>
								</cac:PostalAddress>
								<cac:Contact>
									<cbc:Telephone>+44 4545454545</cbc:Telephone>
									<cbc:Telefax>+44 45454545459</cbc:Telefax>
									<cbc:ElectronicMail>contact@example.com</cbc:ElectronicMail>
								</cac:Contact>
							</efac:Company>
						</efac:Organization>
						<efac:UltimateBeneficialOwner>
							<cbc:ID schemeName="ubo">UBO-0001</cbc:ID>
							<efac:Nationality>
								<cbc:NationalityID>GBR</cbc:NationalityID>
							</efac:Nationality>
						</efac:UltimateBeneficialOwner>
						<efac:UltimateBeneficialOwner>
							<cbc:ID schemeName="ubo">UBO-0002</cbc:ID>
							<efac:Nationality>
								<cbc:NationalityID>GBR</cbc:NationalityID>
							</efac:Nationality>
						</efac:UltimateBeneficialOwner>
						<efac:UltimateBeneficialOwner>
							<cbc:ID schemeName="ubo">UBO-0003</cbc:ID>
							<efac:Nationality>
								<cbc:NationalityID>GBR</cbc:NationalityID>
							</efac:Nationality>
						</efac:UltimateBeneficialOwner>
					</efac:Organizations>
				</efext:EformsExtension>
			</ext:ExtensionContent>
		</ext:UBLExtension>
	</ext:UBLExtensions>
	<cbc:UBLVersionID>2.3</cbc:UBLVersionID>
	<cbc:CustomizationID>eforms-sdk-1.13</cbc:CustomizationID>
	<cbc:ID schemeName="notice-id">6ea164b2-228c-4ae8-b3b5-26f3946b8300</cbc:ID>
	<cbc:ContractFolderID>da39bc05-2d42-4d37-aa4f-2dc9937911a0</cbc:ContractFolderID>
	<cbc:IssueDate>2020-04-23+01:00</cbc:IssueDate>
	<cbc:IssueTime>09:22:55+01:00</cbc:IssueTime>
	<cbc:VersionID>01</cbc:VersionID>
	<cbc:RegulatoryDomain>32014L0024</cbc:RegulatoryDomain>
	<cbc:NoticeTypeCode listName="dir-awa-pre">veat</cbc:NoticeTypeCode>
	<cbc:NoticeLanguageCode>ENG</cbc:NoticeLanguageCode>
	<cac:ContractingParty>
		<cac:ContractingPartyType>
			<cbc:PartyTypeCode listName="buyer-legal-type">la</cbc:PartyTypeCode>
		</cac:ContractingPartyType>
		<cac:ContractingActivity>
			<cbc:ActivityTypeCode listName="authority-activity">gen-pub</cbc:ActivityTypeCode>
		</cac:ContractingActivity>
		<cac:Party>
			<cac:PartyIdentification>
				<cbc:ID schemeName="organization">ORG-0001</cbc:ID>
			</cac:PartyIdentification>
			<cac:ServiceProviderParty>
				<cbc:ServiceTypeCode listName="organisation-role">ted-esen</cbc:ServiceTypeCode>
				<cac:Party>
					<cac:PartyIdentification>
						<cbc:ID schemeName="organization">ORG-0003</cbc:ID>
					</cac:PartyIdentification>
				</cac:Party>
			</cac:ServiceProviderParty>
		</cac:Party>
	</cac:ContractingParty>
	<cac:TenderingProcess>
		<cbc:ProcedureCode listName="procurement-procedure-type">neg-wo-call</cbc:ProcedureCode>
		<cac:ProcessJustification>
			<cbc:ProcessReasonCode listName="direct-award-justification">urgency</cbc:ProcessReasonCode>
			<cbc:ProcessReason languageID="ENG">The procurement falls within the remit of regulation 32(2)(c) of the Public Contract Regulations 2015, namely for reasons of extreme urgency brought about by events unforeseeable by the contracting authority.
			The current contract expires on 30 September 2020.
			Due to the Covid-19 outbreak, the Council is having to delay some of its procurement activity in order to facilitate its role in dealing with the outbreak, involving some emergency measures, with staff otherwise engaged in procuring more vital services in the current climate.
			Following the guidance of ‘Procurement Policy Note — Responding to Covid-19 (Information note PPN 01/20: March 2020)’
			The Council considers the above to be legal and appropriate under the current circumstances and justified under Regulation 32 of the Public Contract Regulations 2015, in that it is for reasons of extreme urgency brought about by events unforeseeable to the Council and meets the requirements as set out under Regulation 72(1) allowing for the modification of the contract without a new procurement procedure in that the following criteria are all being met:
			(i) the need for modification has been brought about by circumstances which a diligent contracting authority could not have foreseen;
			(ii) the modification does not alter the overall nature of the contract;
			(iii) any increase in price does not exceed 50 % of the value of the original contract or framework agreement.
			The Council has relied on Regulation 72(1)(c) and is extending the current contract for a period of 6 months until 31 March 2021 and anticipates re-procuring the service and a new contract being in place as from 1 April 2021.
			The extension of 6 months has been limited to what is absolutely necessary to address the unforeseeable circumstance.</cbc:ProcessReason>
		</cac:ProcessJustification>
	</cac:TenderingProcess>
	<cac:ProcurementProject>
		<cbc:ID schemeName="InternalID">DN140070</cbc:ID>
		<cbc:Name languageID="ENG">Supply of Profiling Beds with Accessories, Pressure Relieving Mattresses and Cushions</cbc:Name>
		<cbc:Description languageID="ENG">Beds are to be used in a community setting and must be electrically powered with a range of bed rails, bed rail bumpers and grab handles. Beds size to range from single to bariatric mattresses must be supplied in a range of sizes up to and including king size. Mattresses are to be supplied in the range listed below:
		Foam Visco/Gel Hybrid (Foam/Air) Alternating Air.</cbc:Description>
		<cbc:ProcurementTypeCode listName="contract-nature">supplies</cbc:ProcurementTypeCode>
		<cbc:Note languageID="ENG">The current contract expires on 30 September 2020.
		Due to the Covid-19 outbreak, the Council is having to delay some of its procurement activity in order to facilitate its role in dealing with the outbreak, involving some emergency measures, with staff otherwise engaged in procuring more vital services in the current climate.
		Following the guidance of ‘Procurement Policy Note — Responding to Covid-19 (Information note PPN 01/20: March 2020)’.
		The Council considers the above to be legal and appropriate under the current circumstances and justified under Regulation 32 of the Public Contract Regulations 2015, in that it is for reasons of extreme urgency brought about by events unforeseeable to the Council and meets the requirements as set out under Regulation 72(1) allowing for the modification of the contract without a new procurement procedure in that the following criteria are all being met:
		(i) the need for modification has been brought about by circumstances which a diligent contracting authority could not have foreseen;
		(ii) the modification does not alter the overall nature of the contract;
		(iii) any increase in price does not exceed 50 % of the value of the original contract or framework agreement.
		The Council has relied on Regulation 72(1)(c) and is extending the current contract for a period of 6 months until 31 March 2021 and anticipates re-procuring the service and a new contract being in place as from 1 April 2021.
		The extension of 6 months has been limited to what is absolutely necessary to address the unforeseeable circumstance.</cbc:Note>
		<cac:MainCommodityClassification>
			<cbc:ItemClassificationCode listName="cpv">33000000</cbc:ItemClassificationCode>
		</cac:MainCommodityClassification>
		<cac:RealizedLocation>
			<cbc:Description languageID="ENG">Tees Valley</cbc:Description>
			<cac:Address>
				<cac:Country>
					<cbc:IdentificationCode listName="country">GBR</cbc:IdentificationCode>
				</cac:Country>
			</cac:Address>
		</cac:RealizedLocation>
	</cac:ProcurementProject>
	<cac:ProcurementProjectLot>
		<cbc:ID schemeName="Lot">LOT-0000</cbc:ID>
		<cac:TenderingTerms>
			<cac:AppealTerms>
				<cac:AppealInformationParty>
					<cac:PartyIdentification>
						<cbc:ID schemeName="touchpoint">TPO-0001</cbc:ID>
					</cac:PartyIdentification>
				</cac:AppealInformationParty>
				<cac:AppealReceiverParty>
					<cac:PartyIdentification>
						<cbc:ID schemeName="touchpoint">TPO-0001</cbc:ID>
					</cac:PartyIdentification>
				</cac:AppealReceiverParty>
				<cac:MediationParty>
					<cac:PartyIdentification>
						<cbc:ID schemeName="organization">ORG-0002</cbc:ID>
					</cac:PartyIdentification>
				</cac:MediationParty>
			</cac:AppealTerms>
		</cac:TenderingTerms>
		<cac:TenderingProcess>
			<cbc:GovernmentAgreementConstraintIndicator>false</cbc:GovernmentAgreementConstraintIndicator>
		</cac:TenderingProcess>
		<cac:ProcurementProject>
			<cbc:ID schemeName="InternalID">1</cbc:ID>
			<cbc:Name languageID="ENG">DN140070</cbc:Name>
			<cbc:Description languageID="ENG">Beds are to be used in a community setting and must be electrically powered with a range of bed rails, bed rail bumpers and grab handles. Beds size to range from single to bariatric mattresses must be supplied in a range of sizes up to and including king size. Mattresses are to be supplied in the range listed below:
			Foam Visco/Gel Hybrid (Foam/Air) Alternating Air.</cbc:Description>	
			<cbc:ProcurementTypeCode listName="contract-nature">supplies</cbc:ProcurementTypeCode>
			<cac:MainCommodityClassification>
				<cbc:ItemClassificationCode listName="cpv">33000000</cbc:ItemClassificationCode>
			</cac:MainCommodityClassification>
			<cac:RealizedLocation>
				<cbc:Description languageID="ENG">Tees Valley</cbc:Description>
				<cac:Address>
					<cac:Country>
						<cbc:IdentificationCode listName="country">GBR</cbc:IdentificationCode>
					</cac:Country>
				</cac:Address>
			</cac:RealizedLocation>
		</cac:ProcurementProject>
	</cac:ProcurementProjectLot>
	<cac:TenderResult>
		<cbc:AwardDate>2000-01-01Z</cbc:AwardDate>
	</cac:TenderResult>
</ContractAwardNotice>