<!--
This UBL 2.4 catalogue conforms to XML Catalogs 1.1
https://www.oasis-open.org/committees/download.php/14809/xml-catalogs.html

Note that "system" entries are created only for those namespaces that are
user facing, and not for those namespaces that are used internally only by
the schema expressions.
-->
<catalog xmlns="urn:oasis:names:tc:entity:xmlns:xml:catalog">

   <system systemId="urn:oasis:names:specification:ubl:schema:xsd:CommonAggregateComponents-2"
           uri="common/UBL-CommonAggregateComponents-2.4.xsd"/>
   <system systemId="urn:oasis:names:specification:ubl:schema:xsd:CommonBasicComponents-2"
           uri="common/UBL-CommonBasicComponents-2.4.xsd"/>
   <system systemId="urn:oasis:names:specification:ubl:schema:xsd:CommonExtensionComponents-2"
           uri="common/UBL-CommonExtensionComponents-2.4.xsd"/>

   <system systemId="urn:oasis:names:specification:ubl:schema:xsd:ApplicationResponse-2"
           uri="maindoc/UBL-ApplicationResponse-2.4.xsd"/>
   <system systemId="urn:oasis:names:specification:ubl:schema:xsd:AttachedDocument-2"
           uri="maindoc/UBL-AttachedDocument-2.4.xsd"/>
   <system systemId="urn:oasis:names:specification:ubl:schema:xsd:AwardedNotification-2"
           uri="maindoc/UBL-AwardedNotification-2.4.xsd"/>
   <system systemId="urn:oasis:names:specification:ubl:schema:xsd:BillOfLading-2"
           uri="maindoc/UBL-BillOfLading-2.4.xsd"/>
   <system systemId="urn:oasis:names:specification:ubl:schema:xsd:BusinessCard-2"
           uri="maindoc/UBL-BusinessCard-2.4.xsd"/>
   <system systemId="urn:oasis:names:specification:ubl:schema:xsd:BusinessInformation-2"
           uri="maindoc/UBL-BusinessInformation-2.4.xsd"/>
   <system systemId="urn:oasis:names:specification:ubl:schema:xsd:CallForTenders-2"
           uri="maindoc/UBL-CallForTenders-2.4.xsd"/>
   <system systemId="urn:oasis:names:specification:ubl:schema:xsd:Catalogue-2"
           uri="maindoc/UBL-Catalogue-2.4.xsd"/>
   <system systemId="urn:oasis:names:specification:ubl:schema:xsd:CatalogueDeletion-2"
           uri="maindoc/UBL-CatalogueDeletion-2.4.xsd"/>
   <system systemId="urn:oasis:names:specification:ubl:schema:xsd:CatalogueItemSpecificationUpdate-2"
           uri="maindoc/UBL-CatalogueItemSpecificationUpdate-2.4.xsd"/>
   <system systemId="urn:oasis:names:specification:ubl:schema:xsd:CataloguePricingUpdate-2"
           uri="maindoc/UBL-CataloguePricingUpdate-2.4.xsd"/>
   <system systemId="urn:oasis:names:specification:ubl:schema:xsd:CatalogueRequest-2"
           uri="maindoc/UBL-CatalogueRequest-2.4.xsd"/>
   <system systemId="urn:oasis:names:specification:ubl:schema:xsd:CertificateOfOrigin-2"
           uri="maindoc/UBL-CertificateOfOrigin-2.4.xsd"/>
   <system systemId="urn:oasis:names:specification:ubl:schema:xsd:CommonTransportationReport-2"
           uri="maindoc/UBL-CommonTransportationReport-2.4.xsd"/>
   <system systemId="urn:oasis:names:specification:ubl:schema:xsd:ContractAwardNotice-2"
           uri="maindoc/UBL-ContractAwardNotice-2.4.xsd"/>
   <system systemId="urn:oasis:names:specification:ubl:schema:xsd:ContractNotice-2"
           uri="maindoc/UBL-ContractNotice-2.4.xsd"/>
   <system systemId="urn:oasis:names:specification:ubl:schema:xsd:CreditNote-2"
           uri="maindoc/UBL-CreditNote-2.4.xsd"/>
   <system systemId="urn:oasis:names:specification:ubl:schema:xsd:DebitNote-2"
           uri="maindoc/UBL-DebitNote-2.4.xsd"/>
   <system systemId="urn:oasis:names:specification:ubl:schema:xsd:DespatchAdvice-2"
           uri="maindoc/UBL-DespatchAdvice-2.4.xsd"/>
   <system systemId="urn:oasis:names:specification:ubl:schema:xsd:DigitalAgreement-2"
           uri="maindoc/UBL-DigitalAgreement-2.4.xsd"/>
   <system systemId="urn:oasis:names:specification:ubl:schema:xsd:DigitalCapability-2"
           uri="maindoc/UBL-DigitalCapability-2.4.xsd"/>
   <system systemId="urn:oasis:names:specification:ubl:schema:xsd:DocumentStatus-2"
           uri="maindoc/UBL-DocumentStatus-2.4.xsd"/>
   <system systemId="urn:oasis:names:specification:ubl:schema:xsd:DocumentStatusRequest-2"
           uri="maindoc/UBL-DocumentStatusRequest-2.4.xsd"/>
   <system systemId="urn:oasis:names:specification:ubl:schema:xsd:Enquiry-2"
           uri="maindoc/UBL-Enquiry-2.4.xsd"/>
   <system systemId="urn:oasis:names:specification:ubl:schema:xsd:EnquiryResponse-2"
           uri="maindoc/UBL-EnquiryResponse-2.4.xsd"/>
   <system systemId="urn:oasis:names:specification:ubl:schema:xsd:ExceptionCriteria-2"
           uri="maindoc/UBL-ExceptionCriteria-2.4.xsd"/>
   <system systemId="urn:oasis:names:specification:ubl:schema:xsd:ExceptionNotification-2"
           uri="maindoc/UBL-ExceptionNotification-2.4.xsd"/>
   <system systemId="urn:oasis:names:specification:ubl:schema:xsd:ExportCustomsDeclaration-2"
           uri="maindoc/UBL-ExportCustomsDeclaration-2.4.xsd"/>
   <system systemId="urn:oasis:names:specification:ubl:schema:xsd:ExpressionOfInterestRequest-2"
           uri="maindoc/UBL-ExpressionOfInterestRequest-2.4.xsd"/>
   <system systemId="urn:oasis:names:specification:ubl:schema:xsd:ExpressionOfInterestResponse-2"
           uri="maindoc/UBL-ExpressionOfInterestResponse-2.4.xsd"/>
   <system systemId="urn:oasis:names:specification:ubl:schema:xsd:Forecast-2"
           uri="maindoc/UBL-Forecast-2.4.xsd"/>
   <system systemId="urn:oasis:names:specification:ubl:schema:xsd:ForecastRevision-2"
           uri="maindoc/UBL-ForecastRevision-2.4.xsd"/>
   <system systemId="urn:oasis:names:specification:ubl:schema:xsd:ForwardingInstructions-2"
           uri="maindoc/UBL-ForwardingInstructions-2.4.xsd"/>
   <system systemId="urn:oasis:names:specification:ubl:schema:xsd:FreightInvoice-2"
           uri="maindoc/UBL-FreightInvoice-2.4.xsd"/>
   <system systemId="urn:oasis:names:specification:ubl:schema:xsd:FulfilmentCancellation-2"
           uri="maindoc/UBL-FulfilmentCancellation-2.4.xsd"/>
   <system systemId="urn:oasis:names:specification:ubl:schema:xsd:GoodsCertificate-2"
           uri="maindoc/UBL-GoodsCertificate-2.4.xsd"/>
   <system systemId="urn:oasis:names:specification:ubl:schema:xsd:GoodsItemItinerary-2"
           uri="maindoc/UBL-GoodsItemItinerary-2.4.xsd"/>
   <system systemId="urn:oasis:names:specification:ubl:schema:xsd:GoodsItemPassport-2"
           uri="maindoc/UBL-GoodsItemPassport-2.4.xsd"/>
   <system systemId="urn:oasis:names:specification:ubl:schema:xsd:GuaranteeCertificate-2"
           uri="maindoc/UBL-GuaranteeCertificate-2.4.xsd"/>
   <system systemId="urn:oasis:names:specification:ubl:schema:xsd:ImportCustomsDeclaration-2"
           uri="maindoc/UBL-ImportCustomsDeclaration-2.4.xsd"/>
   <system systemId="urn:oasis:names:specification:ubl:schema:xsd:InstructionForReturns-2"
           uri="maindoc/UBL-InstructionForReturns-2.4.xsd"/>
   <system systemId="urn:oasis:names:specification:ubl:schema:xsd:InventoryReport-2"
           uri="maindoc/UBL-InventoryReport-2.4.xsd"/>
   <system systemId="urn:oasis:names:specification:ubl:schema:xsd:Invoice-2"
           uri="maindoc/UBL-Invoice-2.4.xsd"/>
   <system systemId="urn:oasis:names:specification:ubl:schema:xsd:ItemInformationRequest-2"
           uri="maindoc/UBL-ItemInformationRequest-2.4.xsd"/>
   <system systemId="urn:oasis:names:specification:ubl:schema:xsd:Manifest-2"
           uri="maindoc/UBL-Manifest-2.4.xsd"/>
   <system systemId="urn:oasis:names:specification:ubl:schema:xsd:Order-2"
           uri="maindoc/UBL-Order-2.4.xsd"/>
   <system systemId="urn:oasis:names:specification:ubl:schema:xsd:OrderCancellation-2"
           uri="maindoc/UBL-OrderCancellation-2.4.xsd"/>
   <system systemId="urn:oasis:names:specification:ubl:schema:xsd:OrderChange-2"
           uri="maindoc/UBL-OrderChange-2.4.xsd"/>
   <system systemId="urn:oasis:names:specification:ubl:schema:xsd:OrderResponse-2"
           uri="maindoc/UBL-OrderResponse-2.4.xsd"/>
   <system systemId="urn:oasis:names:specification:ubl:schema:xsd:OrderResponseSimple-2"
           uri="maindoc/UBL-OrderResponseSimple-2.4.xsd"/>
   <system systemId="urn:oasis:names:specification:ubl:schema:xsd:PackingList-2"
           uri="maindoc/UBL-PackingList-2.4.xsd"/>
   <system systemId="urn:oasis:names:specification:ubl:schema:xsd:PriorInformationNotice-2"
           uri="maindoc/UBL-PriorInformationNotice-2.4.xsd"/>
   <system systemId="urn:oasis:names:specification:ubl:schema:xsd:ProductActivity-2"
           uri="maindoc/UBL-ProductActivity-2.4.xsd"/>
   <system systemId="urn:oasis:names:specification:ubl:schema:xsd:ProofOfReexportation-2"
           uri="maindoc/UBL-ProofOfReexportation-2.4.xsd"/>
   <system systemId="urn:oasis:names:specification:ubl:schema:xsd:ProofOfReexportationReminder-2"
           uri="maindoc/UBL-ProofOfReexportationReminder-2.4.xsd"/>
   <system systemId="urn:oasis:names:specification:ubl:schema:xsd:ProofOfReexportationRequest-2"
           uri="maindoc/UBL-ProofOfReexportationRequest-2.4.xsd"/>
   <system systemId="urn:oasis:names:specification:ubl:schema:xsd:PurchaseReceipt-2"
           uri="maindoc/UBL-PurchaseReceipt-2.4.xsd"/>
   <system systemId="urn:oasis:names:specification:ubl:schema:xsd:QualificationApplicationRequest-2"
           uri="maindoc/UBL-QualificationApplicationRequest-2.4.xsd"/>
   <system systemId="urn:oasis:names:specification:ubl:schema:xsd:QualificationApplicationResponse-2"
           uri="maindoc/UBL-QualificationApplicationResponse-2.4.xsd"/>
   <system systemId="urn:oasis:names:specification:ubl:schema:xsd:Quotation-2"
           uri="maindoc/UBL-Quotation-2.4.xsd"/>
   <system systemId="urn:oasis:names:specification:ubl:schema:xsd:ReceiptAdvice-2"
           uri="maindoc/UBL-ReceiptAdvice-2.4.xsd"/>
   <system systemId="urn:oasis:names:specification:ubl:schema:xsd:Reminder-2"
           uri="maindoc/UBL-Reminder-2.4.xsd"/>
   <system systemId="urn:oasis:names:specification:ubl:schema:xsd:RemittanceAdvice-2"
           uri="maindoc/UBL-RemittanceAdvice-2.4.xsd"/>
   <system systemId="urn:oasis:names:specification:ubl:schema:xsd:RequestForQuotation-2"
           uri="maindoc/UBL-RequestForQuotation-2.4.xsd"/>
   <system systemId="urn:oasis:names:specification:ubl:schema:xsd:RetailEvent-2"
           uri="maindoc/UBL-RetailEvent-2.4.xsd"/>
   <system systemId="urn:oasis:names:specification:ubl:schema:xsd:SelfBilledCreditNote-2"
           uri="maindoc/UBL-SelfBilledCreditNote-2.4.xsd"/>
   <system systemId="urn:oasis:names:specification:ubl:schema:xsd:SelfBilledInvoice-2"
           uri="maindoc/UBL-SelfBilledInvoice-2.4.xsd"/>
   <system systemId="urn:oasis:names:specification:ubl:schema:xsd:Statement-2"
           uri="maindoc/UBL-Statement-2.4.xsd"/>
   <system systemId="urn:oasis:names:specification:ubl:schema:xsd:StockAvailabilityReport-2"
           uri="maindoc/UBL-StockAvailabilityReport-2.4.xsd"/>
   <system systemId="urn:oasis:names:specification:ubl:schema:xsd:Tender-2"
           uri="maindoc/UBL-Tender-2.4.xsd"/>
   <system systemId="urn:oasis:names:specification:ubl:schema:xsd:TenderContract-2"
           uri="maindoc/UBL-TenderContract-2.4.xsd"/>
   <system systemId="urn:oasis:names:specification:ubl:schema:xsd:TenderReceipt-2"
           uri="maindoc/UBL-TenderReceipt-2.4.xsd"/>
   <system systemId="urn:oasis:names:specification:ubl:schema:xsd:TenderStatus-2"
           uri="maindoc/UBL-TenderStatus-2.4.xsd"/>
   <system systemId="urn:oasis:names:specification:ubl:schema:xsd:TenderStatusRequest-2"
           uri="maindoc/UBL-TenderStatusRequest-2.4.xsd"/>
   <system systemId="urn:oasis:names:specification:ubl:schema:xsd:TenderWithdrawal-2"
           uri="maindoc/UBL-TenderWithdrawal-2.4.xsd"/>
   <system systemId="urn:oasis:names:specification:ubl:schema:xsd:TendererQualification-2"
           uri="maindoc/UBL-TendererQualification-2.4.xsd"/>
   <system systemId="urn:oasis:names:specification:ubl:schema:xsd:TendererQualificationResponse-2"
           uri="maindoc/UBL-TendererQualificationResponse-2.4.xsd"/>
   <system systemId="urn:oasis:names:specification:ubl:schema:xsd:TradeItemLocationProfile-2"
           uri="maindoc/UBL-TradeItemLocationProfile-2.4.xsd"/>
   <system systemId="urn:oasis:names:specification:ubl:schema:xsd:TransitCustomsDeclaration-2"
           uri="maindoc/UBL-TransitCustomsDeclaration-2.4.xsd"/>
   <system systemId="urn:oasis:names:specification:ubl:schema:xsd:TransportExecutionPlan-2"
           uri="maindoc/UBL-TransportExecutionPlan-2.4.xsd"/>
   <system systemId="urn:oasis:names:specification:ubl:schema:xsd:TransportExecutionPlanRequest-2"
           uri="maindoc/UBL-TransportExecutionPlanRequest-2.4.xsd"/>
   <system systemId="urn:oasis:names:specification:ubl:schema:xsd:TransportProgressStatus-2"
           uri="maindoc/UBL-TransportProgressStatus-2.4.xsd"/>
   <system systemId="urn:oasis:names:specification:ubl:schema:xsd:TransportProgressStatusRequest-2"
           uri="maindoc/UBL-TransportProgressStatusRequest-2.4.xsd"/>
   <system systemId="urn:oasis:names:specification:ubl:schema:xsd:TransportServiceDescription-2"
           uri="maindoc/UBL-TransportServiceDescription-2.4.xsd"/>
   <system systemId="urn:oasis:names:specification:ubl:schema:xsd:TransportServiceDescriptionRequest-2"
           uri="maindoc/UBL-TransportServiceDescriptionRequest-2.4.xsd"/>
   <system systemId="urn:oasis:names:specification:ubl:schema:xsd:TransportationStatus-2"
           uri="maindoc/UBL-TransportationStatus-2.4.xsd"/>
   <system systemId="urn:oasis:names:specification:ubl:schema:xsd:TransportationStatusRequest-2"
           uri="maindoc/UBL-TransportationStatusRequest-2.4.xsd"/>
   <system systemId="urn:oasis:names:specification:ubl:schema:xsd:UnawardedNotification-2"
           uri="maindoc/UBL-UnawardedNotification-2.4.xsd"/>
   <system systemId="urn:oasis:names:specification:ubl:schema:xsd:UnsubscribeFromProcedureRequest-2"
           uri="maindoc/UBL-UnsubscribeFromProcedureRequest-2.4.xsd"/>
   <system systemId="urn:oasis:names:specification:ubl:schema:xsd:UnsubscribeFromProcedureResponse-2"
           uri="maindoc/UBL-UnsubscribeFromProcedureResponse-2.4.xsd"/>
   <system systemId="urn:oasis:names:specification:ubl:schema:xsd:UtilityStatement-2"
           uri="maindoc/UBL-UtilityStatement-2.4.xsd"/>
   <system systemId="urn:oasis:names:specification:ubl:schema:xsd:Waybill-2"
           uri="maindoc/UBL-Waybill-2.4.xsd"/>
   <system systemId="urn:oasis:names:specification:ubl:schema:xsd:WeightStatement-2"
           uri="maindoc/UBL-WeightStatement-2.4.xsd"/>

</catalog>
